-- Softaculous SQL Dump
-- http://www.softaculous.com
--
-- Host: localhost
-- Generation Time: September 2, 2023, 7:09 pm
-- Server version: 10.5.20
-- PHP Version: 7.4.27

SET SQL_MODE="NO_AUTO_VALUE_ON_ZERO";
SET time_zone = "+00:00";


/*!40101 SET @OLD_CHARACTER_SET_CLIENT=@@CHARACTER_SET_CLIENT */;
/*!40101 SET @OLD_CHARACTER_SET_RESULTS=@@CHARACTER_SET_RESULTS */;
/*!40101 SET @OLD_COLLATION_CONNECTION=@@COLLATION_CONNECTION */;
/*!40101 SET NAMES utf8mb4 */;

--
-- Database: `netfcxhv_phpb625`
--

-- --------------------------------------------------------

--
-- Table structure for table `phpbbtc_acl_groups`
--

CREATE TABLE `phpbbtc_acl_groups` (
  `group_id` mediumint(8) unsigned NOT NULL DEFAULT 0,
  `forum_id` mediumint(8) unsigned NOT NULL DEFAULT 0,
  `auth_option_id` mediumint(8) unsigned NOT NULL DEFAULT 0,
  `auth_role_id` mediumint(8) unsigned NOT NULL DEFAULT 0,
  `auth_setting` tinyint(2) NOT NULL DEFAULT 0,
  KEY `group_id` (`group_id`),
  KEY `auth_opt_id` (`auth_option_id`),
  KEY `auth_role_id` (`auth_role_id`)
) ENGINE=InnoDB DEFAULT CHARSET=utf8 COLLATE=utf8_bin;

--
-- Dumping data for table `phpbbtc_acl_groups`
--

INSERT INTO `phpbbtc_acl_groups` VALUES
(1, 0, 91, 0, 1),
(1, 0, 100, 0, 1),
(1, 0, 119, 0, 1),
(5, 0, 0, 5, 0),
(5, 0, 0, 1, 0),
(2, 0, 0, 6, 0),
(3, 0, 0, 6, 0),
(4, 0, 0, 5, 0),
(4, 0, 0, 10, 0),
(1, 1, 0, 17, 0),
(2, 1, 0, 17, 0),
(3, 1, 0, 17, 0),
(6, 1, 0, 17, 0),
(1, 2, 0, 17, 0),
(2, 2, 0, 15, 0),
(3, 2, 0, 15, 0),
(4, 2, 0, 21, 0),
(5, 2, 0, 14, 0),
(5, 2, 0, 10, 0),
(6, 2, 0, 19, 0),
(7, 0, 0, 23, 0),
(1, 15, 0, 17, 0),
(2, 15, 0, 17, 0),
(3, 15, 0, 17, 0),
(6, 15, 0, 17, 0),
(1, 3, 0, 17, 0),
(2, 3, 0, 15, 0),
(3, 3, 0, 15, 0),
(4, 3, 0, 21, 0),
(5, 3, 0, 14, 0),
(5, 3, 0, 10, 0),
(6, 3, 0, 19, 0),
(1, 4, 0, 17, 0),
(2, 4, 0, 15, 0),
(3, 4, 0, 15, 0),
(4, 4, 0, 21, 0),
(5, 4, 0, 14, 0),
(5, 4, 0, 10, 0),
(6, 4, 0, 19, 0),
(1, 5, 0, 17, 0),
(2, 5, 0, 15, 0),
(3, 5, 0, 15, 0),
(4, 5, 0, 21, 0),
(5, 5, 0, 14, 0),
(5, 5, 0, 10, 0),
(6, 5, 0, 19, 0),
(1, 6, 0, 17, 0),
(2, 6, 0, 15, 0),
(3, 6, 0, 15, 0),
(4, 6, 0, 21, 0),
(5, 6, 0, 14, 0),
(5, 6, 0, 10, 0),
(6, 6, 0, 19, 0),
(1, 7, 0, 17, 0),
(2, 7, 0, 15, 0),
(3, 7, 0, 15, 0),
(4, 7, 0, 21, 0),
(5, 7, 0, 14, 0),
(5, 7, 0, 10, 0),
(6, 7, 0, 19, 0),
(1, 8, 0, 17, 0),
(2, 8, 0, 15, 0),
(3, 8, 0, 15, 0),
(4, 8, 0, 21, 0),
(5, 8, 0, 14, 0),
(5, 8, 0, 10, 0),
(6, 8, 0, 19, 0),
(1, 9, 0, 17, 0),
(2, 9, 0, 15, 0),
(3, 9, 0, 15, 0),
(4, 9, 0, 21, 0),
(5, 9, 0, 14, 0),
(5, 9, 0, 10, 0),
(6, 9, 0, 19, 0),
(1, 11, 0, 17, 0),
(2, 11, 0, 15, 0),
(3, 11, 0, 15, 0),
(4, 11, 0, 21, 0),
(5, 11, 0, 14, 0),
(5, 11, 0, 10, 0),
(6, 11, 0, 19, 0),
(1, 12, 0, 17, 0),
(2, 12, 0, 15, 0),
(3, 12, 0, 15, 0),
(4, 12, 0, 21, 0),
(5, 12, 0, 14, 0),
(5, 12, 0, 10, 0),
(6, 12, 0, 19, 0),
(1, 13, 0, 17, 0),
(2, 13, 0, 15, 0),
(3, 13, 0, 15, 0),
(4, 13, 0, 21, 0),
(5, 13, 0, 14, 0),
(5, 13, 0, 10, 0),
(6, 13, 0, 19, 0),
(1, 14, 0, 17, 0),
(2, 14, 0, 15, 0),
(3, 14, 0, 15, 0),
(4, 14, 0, 21, 0),
(5, 14, 0, 14, 0),
(5, 14, 0, 10, 0),
(6, 14, 0, 19, 0),
(1, 16, 0, 17, 0),
(2, 16, 0, 15, 0),
(3, 16, 0, 15, 0),
(4, 16, 0, 21, 0),
(5, 16, 0, 14, 0),
(5, 16, 0, 10, 0),
(6, 16, 0, 19, 0),
(1, 17, 0, 17, 0),
(2, 17, 0, 15, 0),
(3, 17, 0, 15, 0),
(4, 17, 0, 21, 0),
(5, 17, 0, 14, 0),
(5, 17, 0, 10, 0),
(6, 17, 0, 19, 0),
(1, 19, 0, 17, 0),
(2, 19, 0, 15, 0),
(3, 19, 0, 15, 0),
(4, 19, 0, 21, 0),
(5, 19, 0, 14, 0),
(5, 19, 0, 10, 0),
(6, 19, 0, 19, 0),
(1, 20, 0, 17, 0),
(2, 20, 0, 15, 0),
(3, 20, 0, 15, 0),
(4, 20, 0, 21, 0),
(5, 20, 0, 14, 0),
(5, 20, 0, 10, 0),
(6, 20, 0, 19, 0),
(1, 18, 0, 17, 0),
(2, 18, 0, 15, 0),
(3, 18, 0, 15, 0),
(4, 18, 0, 21, 0),
(5, 18, 0, 14, 0),
(5, 18, 0, 10, 0),
(6, 18, 0, 19, 0),
(1, 21, 0, 17, 0),
(2, 21, 0, 15, 0),
(3, 21, 0, 15, 0),
(4, 21, 0, 21, 0),
(5, 21, 0, 14, 0),
(5, 21, 0, 10, 0),
(6, 21, 0, 19, 0),
(1, 22, 0, 17, 0),
(2, 22, 0, 15, 0),
(3, 22, 0, 15, 0),
(4, 22, 0, 21, 0),
(5, 22, 0, 14, 0),
(5, 22, 0, 10, 0),
(6, 22, 0, 19, 0),
(1, 23, 0, 17, 0),
(2, 23, 0, 15, 0),
(3, 23, 0, 15, 0),
(4, 23, 0, 21, 0),
(5, 23, 0, 14, 0),
(5, 23, 0, 10, 0),
(6, 23, 0, 19, 0),
(1, 24, 0, 17, 0),
(2, 24, 0, 15, 0),
(3, 24, 0, 15, 0),
(4, 24, 0, 21, 0),
(5, 24, 0, 14, 0),
(5, 24, 0, 10, 0),
(6, 24, 0, 19, 0),
(1, 25, 0, 17, 0),
(2, 25, 0, 15, 0),
(3, 25, 0, 15, 0),
(4, 25, 0, 21, 0),
(5, 25, 0, 14, 0),
(5, 25, 0, 10, 0),
(6, 25, 0, 19, 0),
(1, 26, 0, 17, 0),
(2, 26, 0, 15, 0),
(3, 26, 0, 15, 0),
(4, 26, 0, 21, 0),
(5, 26, 0, 14, 0),
(5, 26, 0, 10, 0),
(6, 26, 0, 19, 0),
(1, 27, 0, 17, 0),
(2, 27, 0, 15, 0),
(3, 27, 0, 15, 0),
(4, 27, 0, 21, 0),
(5, 27, 0, 14, 0),
(5, 27, 0, 10, 0),
(6, 27, 0, 19, 0),
(1, 28, 0, 17, 0),
(2, 28, 0, 15, 0),
(3, 28, 0, 15, 0),
(4, 28, 0, 21, 0),
(5, 28, 0, 14, 0),
(5, 28, 0, 10, 0),
(6, 28, 0, 19, 0),
(1, 29, 0, 17, 0),
(2, 29, 0, 15, 0),
(3, 29, 0, 15, 0),
(4, 29, 0, 21, 0),
(5, 29, 0, 14, 0),
(5, 29, 0, 10, 0),
(6, 29, 0, 19, 0),
(1, 30, 0, 17, 0),
(2, 30, 0, 15, 0),
(3, 30, 0, 15, 0),
(4, 30, 0, 21, 0),
(5, 30, 0, 14, 0),
(5, 30, 0, 10, 0),
(6, 30, 0, 19, 0),
(1, 31, 0, 17, 0),
(2, 31, 0, 15, 0),
(3, 31, 0, 15, 0),
(4, 31, 0, 21, 0),
(5, 31, 0, 14, 0),
(5, 31, 0, 10, 0),
(6, 31, 0, 19, 0),
(1, 32, 0, 17, 0),
(2, 32, 0, 15, 0),
(3, 32, 0, 15, 0),
(4, 32, 0, 21, 0),
(5, 32, 0, 14, 0),
(5, 32, 0, 10, 0),
(6, 32, 0, 19, 0),
(1, 33, 0, 17, 0),
(2, 33, 0, 15, 0),
(3, 33, 0, 15, 0),
(4, 33, 0, 21, 0),
(5, 33, 0, 14, 0),
(5, 33, 0, 10, 0),
(6, 33, 0, 19, 0),
(1, 36, 0, 17, 0),
(2, 36, 0, 15, 0),
(3, 36, 0, 15, 0),
(4, 36, 0, 21, 0),
(5, 36, 0, 14, 0),
(5, 36, 0, 10, 0),
(6, 36, 0, 19, 0),
(1, 37, 0, 17, 0),
(2, 37, 0, 17, 0),
(3, 37, 0, 17, 0),
(6, 37, 0, 17, 0),
(1, 38, 0, 17, 0),
(2, 38, 0, 15, 0),
(3, 38, 0, 15, 0),
(4, 38, 0, 21, 0),
(5, 38, 0, 14, 0),
(5, 38, 0, 10, 0),
(6, 38, 0, 19, 0),
(1, 39, 0, 17, 0),
(2, 39, 0, 15, 0),
(3, 39, 0, 15, 0),
(4, 39, 0, 21, 0),
(5, 39, 0, 14, 0),
(5, 39, 0, 10, 0),
(6, 39, 0, 19, 0),
(1, 40, 0, 17, 0),
(2, 40, 0, 15, 0),
(3, 40, 0, 15, 0),
(4, 40, 0, 21, 0),
(5, 40, 0, 14, 0),
(5, 40, 0, 10, 0),
(6, 40, 0, 19, 0),
(1, 41, 0, 17, 0),
(2, 41, 0, 15, 0),
(3, 41, 0, 15, 0),
(4, 41, 0, 21, 0),
(5, 41, 0, 14, 0),
(5, 41, 0, 10, 0),
(6, 41, 0, 19, 0),
(1, 42, 0, 17, 0),
(2, 42, 0, 15, 0),
(3, 42, 0, 15, 0),
(4, 42, 0, 21, 0),
(5, 42, 0, 14, 0),
(5, 42, 0, 10, 0),
(6, 42, 0, 19, 0),
(1, 44, 0, 17, 0),
(2, 44, 0, 15, 0),
(3, 44, 0, 15, 0),
(4, 44, 0, 21, 0),
(5, 44, 0, 14, 0),
(5, 44, 0, 10, 0),
(6, 44, 0, 19, 0),
(1, 45, 0, 17, 0),
(2, 45, 0, 15, 0),
(3, 45, 0, 15, 0),
(4, 45, 0, 21, 0),
(5, 45, 0, 14, 0),
(5, 45, 0, 10, 0),
(6, 45, 0, 19, 0),
(1, 46, 0, 17, 0),
(2, 46, 0, 15, 0),
(3, 46, 0, 15, 0),
(4, 46, 0, 21, 0),
(5, 46, 0, 14, 0),
(5, 46, 0, 10, 0),
(6, 46, 0, 19, 0),
(1, 47, 0, 17, 0),
(2, 47, 0, 15, 0),
(3, 47, 0, 15, 0),
(4, 47, 0, 21, 0),
(5, 47, 0, 14, 0),
(5, 47, 0, 10, 0),
(6, 47, 0, 19, 0),
(1, 48, 0, 17, 0),
(2, 48, 0, 15, 0),
(3, 48, 0, 15, 0),
(4, 48, 0, 21, 0),
(5, 48, 0, 14, 0),
(5, 48, 0, 10, 0),
(6, 48, 0, 19, 0),
(1, 49, 0, 17, 0),
(2, 49, 0, 15, 0),
(3, 49, 0, 15, 0),
(4, 49, 0, 21, 0),
(5, 49, 0, 14, 0),
(5, 49, 0, 10, 0),
(6, 49, 0, 19, 0),
(1, 50, 0, 17, 0),
(2, 50, 0, 15, 0),
(3, 50, 0, 15, 0),
(4, 50, 0, 21, 0),
(5, 50, 0, 14, 0),
(5, 50, 0, 10, 0),
(6, 50, 0, 19, 0),
(1, 51, 0, 17, 0),
(2, 51, 0, 15, 0),
(3, 51, 0, 15, 0),
(4, 51, 0, 21, 0),
(5, 51, 0, 14, 0),
(5, 51, 0, 10, 0),
(6, 51, 0, 19, 0),
(7, 16, 0, 15, 0),
(7, 17, 0, 15, 0),
(7, 19, 0, 15, 0),
(7, 20, 0, 15, 0),
(7, 18, 0, 15, 0),
(7, 21, 0, 15, 0),
(7, 22, 0, 15, 0),
(7, 23, 0, 15, 0),
(7, 24, 0, 15, 0),
(7, 25, 0, 15, 0),
(7, 1, 0, 17, 0),
(7, 2, 0, 15, 0),
(7, 3, 0, 15, 0),
(7, 4, 0, 15, 0),
(7, 5, 0, 15, 0),
(7, 12, 0, 15, 0),
(7, 13, 0, 15, 0),
(7, 14, 0, 15, 0),
(7, 36, 0, 15, 0),
(7, 15, 0, 17, 0),
(7, 6, 0, 15, 0),
(7, 7, 0, 15, 0),
(7, 8, 0, 15, 0),
(7, 9, 0, 15, 0),
(7, 11, 0, 15, 0),
(7, 50, 0, 15, 0),
(7, 51, 0, 15, 0),
(7, 45, 0, 15, 0),
(7, 46, 0, 15, 0),
(7, 47, 0, 15, 0),
(7, 26, 0, 15, 0),
(7, 48, 0, 15, 0),
(7, 27, 0, 15, 0),
(7, 49, 0, 15, 0),
(7, 28, 0, 15, 0),
(7, 29, 0, 15, 0),
(7, 31, 0, 15, 0),
(7, 30, 0, 15, 0),
(7, 32, 0, 15, 0),
(7, 39, 0, 15, 0),
(7, 33, 0, 15, 0),
(7, 40, 0, 15, 0),
(7, 37, 0, 17, 0),
(7, 41, 0, 15, 0),
(7, 38, 0, 15, 0),
(7, 42, 0, 15, 0),
(7, 44, 0, 15, 0);

-- --------------------------------------------------------

--
-- Table structure for table `phpbbtc_acl_options`
--

CREATE TABLE `phpbbtc_acl_options` (
  `auth_option_id` mediumint(8) unsigned NOT NULL AUTO_INCREMENT,
  `auth_option` varchar(50) NOT NULL DEFAULT '',
  `is_global` tinyint(1) unsigned NOT NULL DEFAULT 0,
  `is_local` tinyint(1) unsigned NOT NULL DEFAULT 0,
  `founder_only` tinyint(1) unsigned NOT NULL DEFAULT 0,
  PRIMARY KEY (`auth_option_id`),
  UNIQUE KEY `auth_option` (`auth_option`)
) ENGINE=InnoDB  DEFAULT CHARSET=utf8 COLLATE=utf8_bin;

--
-- Dumping data for table `phpbbtc_acl_options`
--

INSERT INTO `phpbbtc_acl_options` VALUES
(1, 'f_', 0, 1, 0),
(2, 'f_announce', 0, 1, 0),
(3, 'f_announce_global', 0, 1, 0),
(4, 'f_attach', 0, 1, 0),
(5, 'f_bbcode', 0, 1, 0),
(6, 'f_bump', 0, 1, 0),
(7, 'f_delete', 0, 1, 0),
(8, 'f_download', 0, 1, 0),
(9, 'f_edit', 0, 1, 0),
(10, 'f_email', 0, 1, 0),
(11, 'f_flash', 0, 1, 0),
(12, 'f_icons', 0, 1, 0),
(13, 'f_ignoreflood', 0, 1, 0),
(14, 'f_img', 0, 1, 0),
(15, 'f_list', 0, 1, 0),
(16, 'f_list_topics', 0, 1, 0),
(17, 'f_noapprove', 0, 1, 0),
(18, 'f_poll', 0, 1, 0),
(19, 'f_post', 0, 1, 0),
(20, 'f_postcount', 0, 1, 0),
(21, 'f_print', 0, 1, 0),
(22, 'f_read', 0, 1, 0),
(23, 'f_reply', 0, 1, 0),
(24, 'f_report', 0, 1, 0),
(25, 'f_search', 0, 1, 0),
(26, 'f_sigs', 0, 1, 0),
(27, 'f_smilies', 0, 1, 0),
(28, 'f_sticky', 0, 1, 0),
(29, 'f_subscribe', 0, 1, 0),
(30, 'f_user_lock', 0, 1, 0),
(31, 'f_vote', 0, 1, 0),
(32, 'f_votechg', 0, 1, 0),
(33, 'f_softdelete', 0, 1, 0),
(34, 'm_', 1, 1, 0),
(35, 'm_approve', 1, 1, 0),
(36, 'm_chgposter', 1, 1, 0),
(37, 'm_delete', 1, 1, 0),
(38, 'm_edit', 1, 1, 0),
(39, 'm_info', 1, 1, 0),
(40, 'm_lock', 1, 1, 0),
(41, 'm_merge', 1, 1, 0),
(42, 'm_move', 1, 1, 0),
(43, 'm_report', 1, 1, 0),
(44, 'm_split', 1, 1, 0),
(45, 'm_softdelete', 1, 1, 0),
(46, 'm_ban', 1, 0, 0),
(47, 'm_pm_report', 1, 0, 0),
(48, 'm_warn', 1, 0, 0),
(49, 'a_', 1, 0, 0),
(50, 'a_aauth', 1, 0, 0),
(51, 'a_attach', 1, 0, 0),
(52, 'a_authgroups', 1, 0, 0),
(53, 'a_authusers', 1, 0, 0),
(54, 'a_backup', 1, 0, 0),
(55, 'a_ban', 1, 0, 0),
(56, 'a_bbcode', 1, 0, 0),
(57, 'a_board', 1, 0, 0),
(58, 'a_bots', 1, 0, 0),
(59, 'a_clearlogs', 1, 0, 0),
(60, 'a_email', 1, 0, 0),
(61, 'a_extensions', 1, 0, 0),
(62, 'a_fauth', 1, 0, 0),
(63, 'a_forum', 1, 0, 0),
(64, 'a_forumadd', 1, 0, 0),
(65, 'a_forumdel', 1, 0, 0),
(66, 'a_group', 1, 0, 0),
(67, 'a_groupadd', 1, 0, 0),
(68, 'a_groupdel', 1, 0, 0),
(69, 'a_icons', 1, 0, 0),
(70, 'a_jabber', 1, 0, 0),
(71, 'a_language', 1, 0, 0),
(72, 'a_mauth', 1, 0, 0),
(73, 'a_modules', 1, 0, 0),
(74, 'a_names', 1, 0, 0),
(75, 'a_phpinfo', 1, 0, 0),
(76, 'a_profile', 1, 0, 0),
(77, 'a_prune', 1, 0, 0),
(78, 'a_ranks', 1, 0, 0),
(79, 'a_reasons', 1, 0, 0),
(80, 'a_roles', 1, 0, 0),
(81, 'a_search', 1, 0, 0),
(82, 'a_server', 1, 0, 0),
(83, 'a_styles', 1, 0, 0),
(84, 'a_switchperm', 1, 0, 0),
(85, 'a_uauth', 1, 0, 0),
(86, 'a_user', 1, 0, 0),
(87, 'a_userdel', 1, 0, 0),
(88, 'a_viewauth', 1, 0, 0),
(89, 'a_viewlogs', 1, 0, 0),
(90, 'a_words', 1, 0, 0),
(91, 'u_', 1, 0, 0),
(92, 'u_attach', 1, 0, 0),
(93, 'u_chgavatar', 1, 0, 0),
(94, 'u_chgcensors', 1, 0, 0),
(95, 'u_chgemail', 1, 0, 0),
(96, 'u_chggrp', 1, 0, 0),
(97, 'u_chgname', 1, 0, 0),
(98, 'u_chgpasswd', 1, 0, 0),
(99, 'u_chgprofileinfo', 1, 0, 0),
(100, 'u_download', 1, 0, 0),
(101, 'u_emoji', 1, 0, 0),
(102, 'u_hideonline', 1, 0, 0),
(103, 'u_ignoreflood', 1, 0, 0),
(104, 'u_masspm', 1, 0, 0),
(105, 'u_masspm_group', 1, 0, 0),
(106, 'u_pm_attach', 1, 0, 0),
(107, 'u_pm_bbcode', 1, 0, 0),
(108, 'u_pm_delete', 1, 0, 0),
(109, 'u_pm_download', 1, 0, 0),
(110, 'u_pm_edit', 1, 0, 0),
(111, 'u_pm_emailpm', 1, 0, 0),
(112, 'u_pm_flash', 1, 0, 0),
(113, 'u_pm_forward', 1, 0, 0),
(114, 'u_pm_img', 1, 0, 0),
(115, 'u_pm_printpm', 1, 0, 0),
(116, 'u_pm_smilies', 1, 0, 0),
(117, 'u_readpm', 1, 0, 0),
(118, 'u_savedrafts', 1, 0, 0),
(119, 'u_search', 1, 0, 0),
(120, 'u_sendemail', 1, 0, 0),
(121, 'u_sendim', 1, 0, 0),
(122, 'u_sendpm', 1, 0, 0),
(123, 'u_sig', 1, 0, 0),
(124, 'u_viewonline', 1, 0, 0),
(125, 'u_viewprofile', 1, 0, 0),
(126, 'a_tfa', 1, 0, 0);

-- --------------------------------------------------------

--
-- Table structure for table `phpbbtc_acl_roles`
--

CREATE TABLE `phpbbtc_acl_roles` (
  `role_id` mediumint(8) unsigned NOT NULL AUTO_INCREMENT,
  `role_name` varchar(255) NOT NULL DEFAULT '',
  `role_description` text NOT NULL,
  `role_type` varchar(10) NOT NULL DEFAULT '',
  `role_order` smallint(4) unsigned NOT NULL DEFAULT 0,
  PRIMARY KEY (`role_id`),
  KEY `role_type` (`role_type`),
  KEY `role_order` (`role_order`)
) ENGINE=InnoDB  DEFAULT CHARSET=utf8 COLLATE=utf8_bin;

--
-- Dumping data for table `phpbbtc_acl_roles`
--

INSERT INTO `phpbbtc_acl_roles` VALUES
(1, 'ROLE_ADMIN_STANDARD', 'ROLE_DESCRIPTION_ADMIN_STANDARD', 'a_', 1),
(2, 'ROLE_ADMIN_FORUM', 'ROLE_DESCRIPTION_ADMIN_FORUM', 'a_', 3),
(3, 'ROLE_ADMIN_USERGROUP', 'ROLE_DESCRIPTION_ADMIN_USERGROUP', 'a_', 4),
(4, 'ROLE_ADMIN_FULL', 'ROLE_DESCRIPTION_ADMIN_FULL', 'a_', 2),
(5, 'ROLE_USER_FULL', 'ROLE_DESCRIPTION_USER_FULL', 'u_', 3),
(6, 'ROLE_USER_STANDARD', 'ROLE_DESCRIPTION_USER_STANDARD', 'u_', 1),
(7, 'ROLE_USER_LIMITED', 'ROLE_DESCRIPTION_USER_LIMITED', 'u_', 2),
(8, 'ROLE_USER_NOPM', 'ROLE_DESCRIPTION_USER_NOPM', 'u_', 4),
(9, 'ROLE_USER_NOAVATAR', 'ROLE_DESCRIPTION_USER_NOAVATAR', 'u_', 5),
(10, 'ROLE_MOD_FULL', 'ROLE_DESCRIPTION_MOD_FULL', 'm_', 3),
(11, 'ROLE_MOD_STANDARD', 'ROLE_DESCRIPTION_MOD_STANDARD', 'm_', 1),
(12, 'ROLE_MOD_SIMPLE', 'ROLE_DESCRIPTION_MOD_SIMPLE', 'm_', 2),
(13, 'ROLE_MOD_QUEUE', 'ROLE_DESCRIPTION_MOD_QUEUE', 'm_', 4),
(14, 'ROLE_FORUM_FULL', 'ROLE_DESCRIPTION_FORUM_FULL', 'f_', 7),
(15, 'ROLE_FORUM_STANDARD', 'ROLE_DESCRIPTION_FORUM_STANDARD', 'f_', 5),
(16, 'ROLE_FORUM_NOACCESS', 'ROLE_DESCRIPTION_FORUM_NOACCESS', 'f_', 1),
(17, 'ROLE_FORUM_READONLY', 'ROLE_DESCRIPTION_FORUM_READONLY', 'f_', 2),
(18, 'ROLE_FORUM_LIMITED', 'ROLE_DESCRIPTION_FORUM_LIMITED', 'f_', 3),
(19, 'ROLE_FORUM_BOT', 'ROLE_DESCRIPTION_FORUM_BOT', 'f_', 9),
(20, 'ROLE_FORUM_ONQUEUE', 'ROLE_DESCRIPTION_FORUM_ONQUEUE', 'f_', 8),
(21, 'ROLE_FORUM_POLLS', 'ROLE_DESCRIPTION_FORUM_POLLS', 'f_', 6),
(22, 'ROLE_FORUM_LIMITED_POLLS', 'ROLE_DESCRIPTION_FORUM_LIMITED_POLLS', 'f_', 4),
(23, 'ROLE_USER_NEW_MEMBER', 'ROLE_DESCRIPTION_USER_NEW_MEMBER', 'u_', 6),
(24, 'ROLE_FORUM_NEW_MEMBER', 'ROLE_DESCRIPTION_FORUM_NEW_MEMBER', 'f_', 10);

-- --------------------------------------------------------

--
-- Table structure for table `phpbbtc_acl_roles_data`
--

CREATE TABLE `phpbbtc_acl_roles_data` (
  `role_id` mediumint(8) unsigned NOT NULL DEFAULT 0,
  `auth_option_id` mediumint(8) unsigned NOT NULL DEFAULT 0,
  `auth_setting` tinyint(2) NOT NULL DEFAULT 0,
  PRIMARY KEY (`role_id`,`auth_option_id`),
  KEY `ath_op_id` (`auth_option_id`)
) ENGINE=InnoDB DEFAULT CHARSET=utf8 COLLATE=utf8_bin;

--
-- Dumping data for table `phpbbtc_acl_roles_data`
--

INSERT INTO `phpbbtc_acl_roles_data` VALUES
(1, 49, 1),
(1, 51, 1),
(1, 52, 1),
(1, 53, 1),
(1, 55, 1),
(1, 56, 1),
(1, 57, 1),
(1, 61, 1),
(1, 62, 1),
(1, 63, 1),
(1, 64, 1),
(1, 65, 1),
(1, 66, 1),
(1, 67, 1),
(1, 68, 1),
(1, 69, 1),
(1, 72, 1),
(1, 74, 1),
(1, 76, 1),
(1, 77, 1),
(1, 78, 1),
(1, 79, 1),
(1, 85, 1),
(1, 86, 1),
(1, 87, 1),
(1, 88, 1),
(1, 89, 1),
(1, 90, 1),
(2, 49, 1),
(2, 52, 1),
(2, 53, 1),
(2, 62, 1),
(2, 63, 1),
(2, 64, 1),
(2, 65, 1),
(2, 72, 1),
(2, 77, 1),
(2, 85, 1),
(2, 88, 1),
(2, 89, 1),
(3, 49, 1),
(3, 52, 1),
(3, 53, 1),
(3, 55, 1),
(3, 66, 1),
(3, 67, 1),
(3, 68, 1),
(3, 78, 1),
(3, 85, 1),
(3, 86, 1),
(3, 88, 1),
(3, 89, 1),
(4, 49, 1),
(4, 50, 1),
(4, 51, 1),
(4, 52, 1),
(4, 53, 1),
(4, 54, 1),
(4, 55, 1),
(4, 56, 1),
(4, 57, 1),
(4, 58, 1),
(4, 59, 1),
(4, 60, 1),
(4, 61, 1),
(4, 62, 1),
(4, 63, 1),
(4, 64, 1),
(4, 65, 1),
(4, 66, 1),
(4, 67, 1),
(4, 68, 1),
(4, 69, 1),
(4, 70, 1),
(4, 71, 1),
(4, 72, 1),
(4, 73, 1),
(4, 74, 1),
(4, 75, 1),
(4, 76, 1),
(4, 77, 1),
(4, 78, 1),
(4, 79, 1),
(4, 80, 1),
(4, 81, 1),
(4, 82, 1),
(4, 83, 1),
(4, 84, 1),
(4, 85, 1),
(4, 86, 1),
(4, 87, 1),
(4, 88, 1),
(4, 89, 1),
(4, 90, 1),
(4, 126, 1),
(5, 91, 1),
(5, 92, 1),
(5, 93, 1),
(5, 94, 1),
(5, 95, 1),
(5, 96, 1),
(5, 97, 1),
(5, 98, 1),
(5, 99, 1),
(5, 100, 1),
(5, 101, 1),
(5, 102, 1),
(5, 103, 1),
(5, 104, 1),
(5, 105, 1),
(5, 106, 1),
(5, 107, 1),
(5, 108, 1),
(5, 109, 1),
(5, 110, 1),
(5, 111, 1),
(5, 112, 1),
(5, 113, 1),
(5, 114, 1),
(5, 115, 1),
(5, 116, 1),
(5, 117, 1),
(5, 118, 1),
(5, 119, 1),
(5, 120, 1),
(5, 121, 1),
(5, 122, 1),
(5, 123, 1),
(5, 124, 1),
(5, 125, 1),
(6, 91, 1),
(6, 92, 1),
(6, 93, 1),
(6, 94, 1),
(6, 95, 1),
(6, 98, 1),
(6, 99, 1),
(6, 100, 1),
(6, 101, 1),
(6, 102, 1),
(6, 104, 1),
(6, 105, 1),
(6, 106, 1),
(6, 107, 1),
(6, 108, 1),
(6, 109, 1),
(6, 110, 1),
(6, 111, 1),
(6, 114, 1),
(6, 115, 1),
(6, 116, 1),
(6, 117, 1),
(6, 118, 1),
(6, 119, 1),
(6, 120, 1),
(6, 121, 1),
(6, 122, 1),
(6, 123, 1),
(6, 125, 1),
(7, 91, 1),
(7, 93, 1),
(7, 94, 1),
(7, 95, 1),
(7, 98, 1),
(7, 99, 1),
(7, 100, 1),
(7, 101, 1),
(7, 102, 1),
(7, 107, 1),
(7, 108, 1),
(7, 109, 1),
(7, 110, 1),
(7, 113, 1),
(7, 114, 1),
(7, 115, 1),
(7, 116, 1),
(7, 117, 1),
(7, 122, 1),
(7, 123, 1),
(7, 125, 1),
(8, 91, 1),
(8, 93, 1),
(8, 94, 1),
(8, 95, 1),
(8, 98, 1),
(8, 100, 1),
(8, 102, 1),
(8, 104, 0),
(8, 105, 0),
(8, 117, 0),
(8, 122, 0),
(8, 123, 1),
(8, 125, 1),
(9, 91, 1),
(9, 93, 0),
(9, 94, 1),
(9, 95, 1),
(9, 98, 1),
(9, 99, 1),
(9, 100, 1),
(9, 101, 1),
(9, 102, 1),
(9, 107, 1),
(9, 108, 1),
(9, 109, 1),
(9, 110, 1),
(9, 113, 1),
(9, 114, 1),
(9, 115, 1),
(9, 116, 1),
(9, 117, 1),
(9, 122, 1),
(9, 123, 1),
(9, 125, 1),
(10, 34, 1),
(10, 35, 1),
(10, 36, 1),
(10, 37, 1),
(10, 38, 1),
(10, 39, 1),
(10, 40, 1),
(10, 41, 1),
(10, 42, 1),
(10, 43, 1),
(10, 44, 1),
(10, 45, 1),
(10, 46, 1),
(10, 47, 1),
(10, 48, 1),
(11, 34, 1),
(11, 35, 1),
(11, 37, 1),
(11, 38, 1),
(11, 39, 1),
(11, 40, 1),
(11, 41, 1),
(11, 42, 1),
(11, 43, 1),
(11, 44, 1),
(11, 45, 1),
(11, 47, 1),
(11, 48, 1),
(12, 34, 1),
(12, 37, 1),
(12, 38, 1),
(12, 39, 1),
(12, 43, 1),
(12, 45, 1),
(12, 47, 1),
(13, 34, 1),
(13, 35, 1),
(13, 38, 1),
(14, 1, 1),
(14, 2, 1),
(14, 3, 1),
(14, 4, 1),
(14, 5, 1),
(14, 6, 1),
(14, 7, 1),
(14, 8, 1),
(14, 9, 1),
(14, 10, 1),
(14, 11, 1),
(14, 12, 1),
(14, 13, 1),
(14, 14, 1),
(14, 15, 1),
(14, 16, 1),
(14, 17, 1),
(14, 18, 1),
(14, 19, 1),
(14, 20, 1),
(14, 21, 1),
(14, 22, 1),
(14, 23, 1),
(14, 24, 1),
(14, 25, 1),
(14, 26, 1),
(14, 27, 1),
(14, 28, 1),
(14, 29, 1),
(14, 30, 1),
(14, 31, 1),
(14, 32, 1),
(14, 33, 1),
(15, 1, 1),
(15, 4, 1),
(15, 5, 1),
(15, 6, 1),
(15, 7, 1),
(15, 8, 1),
(15, 9, 1),
(15, 10, 1),
(15, 12, 1),
(15, 14, 1),
(15, 15, 1),
(15, 16, 1),
(15, 17, 1),
(15, 19, 1),
(15, 20, 1),
(15, 21, 1),
(15, 22, 1),
(15, 23, 1),
(15, 24, 1),
(15, 25, 1),
(15, 26, 1),
(15, 27, 1),
(15, 29, 1),
(15, 31, 1),
(15, 32, 1),
(15, 33, 1),
(16, 1, 0),
(17, 1, 1),
(17, 8, 1),
(17, 15, 1),
(17, 16, 1),
(17, 21, 1),
(17, 22, 1),
(17, 25, 1),
(17, 29, 1),
(18, 1, 1),
(18, 5, 1),
(18, 8, 1),
(18, 9, 1),
(18, 10, 1),
(18, 14, 1),
(18, 15, 1),
(18, 16, 1),
(18, 17, 1),
(18, 19, 1),
(18, 20, 1),
(18, 21, 1),
(18, 22, 1),
(18, 23, 1),
(18, 24, 1),
(18, 25, 1),
(18, 26, 1),
(18, 27, 1),
(18, 29, 1),
(18, 31, 1),
(18, 33, 1),
(19, 1, 1),
(19, 8, 1),
(19, 15, 1),
(19, 16, 1),
(19, 21, 1),
(19, 22, 1),
(20, 1, 1),
(20, 4, 1),
(20, 5, 1),
(20, 8, 1),
(20, 9, 1),
(20, 10, 1),
(20, 14, 1),
(20, 15, 1),
(20, 16, 1),
(20, 17, 0),
(20, 19, 1),
(20, 20, 1),
(20, 21, 1),
(20, 22, 1),
(20, 23, 1),
(20, 24, 1),
(20, 25, 1),
(20, 26, 1),
(20, 27, 1),
(20, 29, 1),
(20, 31, 1),
(20, 33, 1),
(21, 1, 1),
(21, 4, 1),
(21, 5, 1),
(21, 6, 1),
(21, 7, 1),
(21, 8, 1),
(21, 9, 1),
(21, 10, 1),
(21, 12, 1),
(21, 14, 1),
(21, 15, 1),
(21, 16, 1),
(21, 17, 1),
(21, 18, 1),
(21, 19, 1),
(21, 20, 1),
(21, 21, 1),
(21, 22, 1),
(21, 23, 1),
(21, 24, 1),
(21, 25, 1),
(21, 26, 1),
(21, 27, 1),
(21, 29, 1),
(21, 31, 1),
(21, 32, 1),
(21, 33, 1),
(22, 1, 1),
(22, 5, 1),
(22, 8, 1),
(22, 9, 1),
(22, 10, 1),
(22, 14, 1),
(22, 15, 1),
(22, 16, 1),
(22, 17, 1),
(22, 18, 1),
(22, 19, 1),
(22, 20, 1),
(22, 21, 1),
(22, 22, 1),
(22, 23, 1),
(22, 24, 1),
(22, 25, 1),
(22, 26, 1),
(22, 27, 1),
(22, 29, 1),
(22, 31, 1),
(22, 33, 1),
(23, 99, 0),
(23, 104, 0),
(23, 105, 0),
(23, 122, 0),
(24, 17, 0);

-- --------------------------------------------------------

--
-- Table structure for table `phpbbtc_acl_users`
--

CREATE TABLE `phpbbtc_acl_users` (
  `user_id` int(10) unsigned NOT NULL DEFAULT 0,
  `forum_id` mediumint(8) unsigned NOT NULL DEFAULT 0,
  `auth_option_id` mediumint(8) unsigned NOT NULL DEFAULT 0,
  `auth_role_id` mediumint(8) unsigned NOT NULL DEFAULT 0,
  `auth_setting` tinyint(2) NOT NULL DEFAULT 0,
  KEY `user_id` (`user_id`),
  KEY `auth_option_id` (`auth_option_id`),
  KEY `auth_role_id` (`auth_role_id`)
) ENGINE=InnoDB DEFAULT CHARSET=utf8 COLLATE=utf8_bin;

--
-- Dumping data for table `phpbbtc_acl_users`
--

INSERT INTO `phpbbtc_acl_users` VALUES
(2, 0, 0, 5, 0),
(58, 0, 0, 4, 0),
(58, 0, 0, 10, 0),
(59, 0, 0, 10, 0),
(66, 0, 0, 4, 0),
(66, 0, 0, 10, 0),
(76, 0, 0, 10, 0),
(63, 0, 0, 10, 0),
(109, 0, 0, 11, 0),
(79, 0, 0, 10, 0),
(59, 0, 0, 4, 0),
(108, 0, 0, 4, 0),
(108, 0, 0, 10, 0),
(138, 0, 0, 4, 0),
(138, 0, 0, 10, 0),
(139, 0, 0, 4, 0),
(139, 0, 0, 10, 0);

-- --------------------------------------------------------

--
-- Table structure for table `phpbbtc_attachments`
--

CREATE TABLE `phpbbtc_attachments` (
  `attach_id` int(10) unsigned NOT NULL AUTO_INCREMENT,
  `post_msg_id` int(10) unsigned NOT NULL DEFAULT 0,
  `topic_id` int(10) unsigned NOT NULL DEFAULT 0,
  `in_message` tinyint(1) unsigned NOT NULL DEFAULT 0,
  `poster_id` int(10) unsigned NOT NULL DEFAULT 0,
  `is_orphan` tinyint(1) unsigned NOT NULL DEFAULT 1,
  `physical_filename` varchar(255) NOT NULL DEFAULT '',
  `real_filename` varchar(255) NOT NULL DEFAULT '',
  `download_count` mediumint(8) unsigned NOT NULL DEFAULT 0,
  `attach_comment` text NOT NULL,
  `extension` varchar(100) NOT NULL DEFAULT '',
  `mimetype` varchar(100) NOT NULL DEFAULT '',
  `filesize` int(20) unsigned NOT NULL DEFAULT 0,
  `filetime` int(11) unsigned NOT NULL DEFAULT 0,
  `thumbnail` tinyint(1) unsigned NOT NULL DEFAULT 0,
  PRIMARY KEY (`attach_id`),
  KEY `filetime` (`filetime`),
  KEY `post_msg_id` (`post_msg_id`),
  KEY `topic_id` (`topic_id`),
  KEY `poster_id` (`poster_id`),
  KEY `is_orphan` (`is_orphan`)
) ENGINE=InnoDB  DEFAULT CHARSET=utf8 COLLATE=utf8_bin;

--
-- Dumping data for table `phpbbtc_attachments`
--

INSERT INTO `phpbbtc_attachments` VALUES
(2, 30, 13, 0, 58, 0, '58_a292360a0e6baf4e5ce13a01733f493f', '0465BBBE-9BBB-479E-B2FE-22B046305596.jpeg', 164, '', 'jpeg', 'image/jpeg', 351249, 1692803597, 0),
(3, 30, 13, 0, 58, 0, '58_c59f0d8ce82fb6d4358bab1bff16fd2d', '23891FF1-7B62-4010-B49E-6E205B4AC926.png', 164, '', 'png', 'image/png', 712278, 1692803600, 0),
(4, 30, 13, 0, 58, 0, '58_1ce6e09ccb48c44f9359b12f5662ae37', '4DBF19F8-1542-4657-98F0-8B24E8E4083F.png', 164, '', 'png', 'image/png', 1883728, 1692803604, 0),
(5, 30, 13, 0, 58, 0, '58_e7612401ef3969ec248723d5d2a64f22', 'B8997D75-02BA-4146-B4A5-2469E693EDA1.jpeg', 164, '', 'jpeg', 'image/jpeg', 704096, 1692803606, 0),
(6, 30, 13, 0, 58, 0, '58_a73e629a7a8941ad849c935669e22908', '29A61AD7-60F7-4E03-86E2-3E74289ECC5F.jpeg', 164, '', 'jpeg', 'image/jpeg', 114638, 1692803607, 0),
(7, 30, 13, 0, 58, 0, '58_8116e13b48ade91d9b7025f9773dbb6d', '034EA4FA-7561-4B36-A38C-FDBD080865CA.png', 164, '', 'png', 'image/png', 795940, 1692803610, 0),
(9, 0, 0, 0, 58, 1, '58_601368944e3378e7f39ca6445bfea7e5', 'Screenshot from 2023-08-25 03-07-00.png', 0, '', 'png', 'image/png', 22102, 1692929243, 0);

-- --------------------------------------------------------

--
-- Table structure for table `phpbbtc_banlist`
--

CREATE TABLE `phpbbtc_banlist` (
  `ban_id` int(10) unsigned NOT NULL AUTO_INCREMENT,
  `ban_userid` int(10) unsigned NOT NULL DEFAULT 0,
  `ban_ip` varchar(40) NOT NULL DEFAULT '',
  `ban_email` varchar(100) NOT NULL DEFAULT '',
  `ban_start` int(11) unsigned NOT NULL DEFAULT 0,
  `ban_end` int(11) unsigned NOT NULL DEFAULT 0,
  `ban_exclude` tinyint(1) unsigned NOT NULL DEFAULT 0,
  `ban_reason` varchar(255) NOT NULL DEFAULT '',
  `ban_give_reason` varchar(255) NOT NULL DEFAULT '',
  PRIMARY KEY (`ban_id`),
  KEY `ban_end` (`ban_end`),
  KEY `ban_user` (`ban_userid`,`ban_exclude`),
  KEY `ban_email` (`ban_email`,`ban_exclude`),
  KEY `ban_ip` (`ban_ip`,`ban_exclude`)
) ENGINE=InnoDB  DEFAULT CHARSET=utf8 COLLATE=utf8_bin;

--
-- Dumping data for table `phpbbtc_banlist`
--

INSERT INTO `phpbbtc_banlist` VALUES
(1, 58, '', '', 1693157989, 0, 0, 'D4RKR4BB1T47', 'D4RKR4BB1T47');

-- --------------------------------------------------------

--
-- Table structure for table `phpbbtc_bbcodes`
--

CREATE TABLE `phpbbtc_bbcodes` (
  `bbcode_id` smallint(4) unsigned NOT NULL DEFAULT 0,
  `bbcode_tag` varchar(16) NOT NULL DEFAULT '',
  `bbcode_helpline` text NOT NULL,
  `display_on_posting` tinyint(1) unsigned NOT NULL DEFAULT 0,
  `bbcode_match` text NOT NULL,
  `bbcode_tpl` mediumtext NOT NULL,
  `first_pass_match` mediumtext NOT NULL,
  `first_pass_replace` mediumtext NOT NULL,
  `second_pass_match` mediumtext NOT NULL,
  `second_pass_replace` mediumtext NOT NULL,
  PRIMARY KEY (`bbcode_id`),
  KEY `display_on_post` (`display_on_posting`)
) ENGINE=InnoDB DEFAULT CHARSET=utf8 COLLATE=utf8_bin;

-- --------------------------------------------------------

--
-- Table structure for table `phpbbtc_bookmarks`
--

CREATE TABLE `phpbbtc_bookmarks` (
  `topic_id` int(10) unsigned NOT NULL DEFAULT 0,
  `user_id` int(10) unsigned NOT NULL DEFAULT 0,
  PRIMARY KEY (`topic_id`,`user_id`)
) ENGINE=InnoDB DEFAULT CHARSET=utf8 COLLATE=utf8_bin;

-- --------------------------------------------------------

--
-- Table structure for table `phpbbtc_bots`
--

CREATE TABLE `phpbbtc_bots` (
  `bot_id` int(10) unsigned NOT NULL AUTO_INCREMENT,
  `bot_active` tinyint(1) unsigned NOT NULL DEFAULT 1,
  `bot_name` varchar(255) NOT NULL DEFAULT '',
  `user_id` int(10) unsigned NOT NULL DEFAULT 0,
  `bot_agent` varchar(255) NOT NULL DEFAULT '',
  `bot_ip` varchar(255) NOT NULL DEFAULT '',
  PRIMARY KEY (`bot_id`),
  KEY `bot_active` (`bot_active`)
) ENGINE=InnoDB  DEFAULT CHARSET=utf8 COLLATE=utf8_bin;

--
-- Dumping data for table `phpbbtc_bots`
--

INSERT INTO `phpbbtc_bots` VALUES
(1, 1, 'AdsBot [Google]', 3, 'AdsBot-Google', ''),
(2, 1, 'Ahrefs [Bot]', 4, 'AhrefsBot/', ''),
(3, 1, 'Alexa [Bot]', 5, 'ia_archiver', ''),
(4, 1, 'Alta Vista [Bot]', 6, 'Scooter/', ''),
(5, 1, 'Amazon [Bot]', 7, 'Amazonbot/', ''),
(6, 1, 'Ask Jeeves [Bot]', 8, 'Ask Jeeves', ''),
(7, 1, 'Baidu [Spider]', 9, 'Baiduspider', ''),
(8, 1, 'Bing [Bot]', 10, 'bingbot/', ''),
(9, 1, 'DuckDuckGo [Bot]', 11, 'DuckDuckBot/', ''),
(10, 1, 'Exabot [Bot]', 12, 'Exabot/', ''),
(11, 1, 'FAST Enterprise [Crawler]', 13, 'FAST Enterprise Crawler', ''),
(12, 1, 'FAST WebCrawler [Crawler]', 14, 'FAST-WebCrawler/', ''),
(13, 1, 'Francis [Bot]', 15, 'http://www.neomo.de/', ''),
(14, 1, 'Gigabot [Bot]', 16, 'Gigabot/', ''),
(15, 1, 'Google Adsense [Bot]', 17, 'Mediapartners-Google', ''),
(16, 1, 'Google Desktop', 18, 'Google Desktop', ''),
(17, 1, 'Google Feedfetcher', 19, 'Feedfetcher-Google', ''),
(18, 1, 'Google [Bot]', 20, 'Googlebot', ''),
(19, 1, 'Heise IT-Markt [Crawler]', 21, 'heise-IT-Markt-Crawler', ''),
(20, 1, 'Heritrix [Crawler]', 22, 'heritrix/1.', ''),
(21, 1, 'IBM Research [Bot]', 23, 'ibm.com/cs/crawler', ''),
(22, 1, 'ICCrawler - ICjobs', 24, 'ICCrawler - ICjobs', ''),
(23, 1, 'ichiro [Crawler]', 25, 'ichiro/', ''),
(24, 1, 'Majestic-12 [Bot]', 26, 'MJ12bot/', ''),
(25, 1, 'Metager [Bot]', 27, 'MetagerBot/', ''),
(26, 1, 'MSN NewsBlogs', 28, 'msnbot-NewsBlogs/', ''),
(27, 1, 'MSN [Bot]', 29, 'msnbot/', ''),
(28, 1, 'MSNbot Media', 30, 'msnbot-media/', ''),
(29, 1, 'NG-Search [Bot]', 31, 'NG-Search/', ''),
(30, 1, 'Nutch [Bot]', 32, 'http://lucene.apache.org/nutch/', ''),
(31, 1, 'Nutch/CVS [Bot]', 33, 'NutchCVS/', ''),
(32, 1, 'OmniExplorer [Bot]', 34, 'OmniExplorer_Bot/', ''),
(33, 1, 'Online link [Validator]', 35, 'online link validator', ''),
(34, 1, 'psbot [Picsearch]', 36, 'psbot/0', ''),
(35, 1, 'Seekport [Bot]', 37, 'Seekbot/', ''),
(36, 1, 'Semrush [Bot]', 38, 'SemrushBot/', ''),
(37, 1, 'Sensis [Crawler]', 39, 'Sensis Web Crawler', ''),
(38, 1, 'SEO Crawler', 40, 'SEO search Crawler/', ''),
(39, 1, 'Seoma [Crawler]', 41, 'Seoma [SEO Crawler]', ''),
(40, 1, 'SEOSearch [Crawler]', 42, 'SEOsearch/', ''),
(41, 1, 'Snappy [Bot]', 43, 'Snappy/1.1 ( http://www.urltrends.com/ )', ''),
(42, 1, 'Steeler [Crawler]', 44, 'http://www.tkl.iis.u-tokyo.ac.jp/~crawler/', ''),
(43, 1, 'Synoo [Bot]', 45, 'SynooBot/', ''),
(44, 1, 'Telekom [Bot]', 46, 'crawleradmin.t-info@telekom.de', ''),
(45, 1, 'TurnitinBot [Bot]', 47, 'TurnitinBot/', ''),
(46, 1, 'Voyager [Bot]', 48, 'voyager/', ''),
(47, 1, 'W3 [Sitesearch]', 49, 'W3 SiteSearch Crawler', ''),
(48, 1, 'W3C [Linkcheck]', 50, 'W3C-checklink/', ''),
(49, 1, 'W3C [Validator]', 51, 'W3C_*Validator', ''),
(50, 1, 'WiseNut [Bot]', 52, 'http://www.WISEnutbot.com', ''),
(51, 1, 'YaCy [Bot]', 53, 'yacybot', ''),
(52, 1, 'Yahoo MMCrawler [Bot]', 54, 'Yahoo-MMCrawler/', ''),
(53, 1, 'Yahoo Slurp [Bot]', 55, 'Yahoo! DE Slurp', ''),
(54, 1, 'Yahoo [Bot]', 56, 'Yahoo! Slurp', ''),
(55, 1, 'YahooSeeker [Bot]', 57, 'YahooSeeker/', '');

-- --------------------------------------------------------

--
-- Table structure for table `phpbbtc_config`
--

CREATE TABLE `phpbbtc_config` (
  `config_name` varchar(255) NOT NULL DEFAULT '',
  `config_value` varchar(255) NOT NULL DEFAULT '',
  `is_dynamic` tinyint(1) unsigned NOT NULL DEFAULT 0,
  PRIMARY KEY (`config_name`),
  KEY `is_dynamic` (`is_dynamic`)
) ENGINE=InnoDB DEFAULT CHARSET=utf8 COLLATE=utf8_bin;

--
-- Dumping data for table `phpbbtc_config`
--

INSERT INTO `phpbbtc_config` VALUES
('active_sessions', '0', 0),
('allow_attachments', '1', 0),
('allow_autologin', '1', 0),
('allow_avatar', '1', 0),
('allow_avatar_gravatar', '0', 0),
('allow_avatar_local', '0', 0),
('allow_avatar_remote', '0', 0),
('allow_avatar_remote_upload', '0', 0),
('allow_avatar_upload', '1', 0),
('allow_bbcode', '1', 0),
('allow_birthdays', '1', 0),
('allow_board_notifications', '1', 0),
('allow_bookmarks', '1', 0),
('allow_cdn', '0', 0),
('allow_emailreuse', '0', 0),
('allow_forum_notify', '1', 0),
('allow_live_searches', '1', 0),
('allow_mass_pm', '1', 0),
('allow_name_chars', 'USERNAME_CHARS_ANY', 0),
('allow_namechange', '0', 0),
('allow_nocensors', '0', 0),
('allow_password_reset', '1', 0),
('allow_pm_attach', '0', 0),
('allow_pm_report', '1', 0),
('allow_post_flash', '1', 0),
('allow_post_links', '1', 0),
('allow_privmsg', '1', 0),
('allow_quick_reply', '1', 0),
('allow_sig', '1', 0),
('allow_sig_bbcode', '1', 0),
('allow_sig_flash', '0', 0),
('allow_sig_img', '1', 0),
('allow_sig_links', '1', 0),
('allow_sig_pm', '1', 0),
('allow_sig_smilies', '1', 0),
('allow_smilies', '1', 0),
('allow_topic_notify', '1', 0),
('allow_viglink_phpbb', '1', 0),
('allowed_schemes_links', 'http,https,ftp', 0),
('assets_version', '6', 0),
('attachment_quota', '0', 0),
('auth_bbcode_pm', '1', 0),
('auth_flash_pm', '0', 0),
('auth_img_pm', '1', 0),
('auth_method', 'db', 0),
('auth_oauth_bitly_key', '', 0),
('auth_oauth_bitly_secret', '', 0),
('auth_oauth_facebook_key', '', 0),
('auth_oauth_facebook_secret', '', 0),
('auth_oauth_google_key', '', 0),
('auth_oauth_google_secret', '', 0),
('auth_oauth_twitter_key', '', 0),
('auth_oauth_twitter_secret', '', 0),
('auth_smilies_pm', '1', 0),
('avatar_filesize', '10000000', 0),
('avatar_gallery_path', 'images/avatars/gallery', 0),
('avatar_max_height', '120', 0),
('avatar_max_width', '120', 0),
('avatar_min_height', '20', 0),
('avatar_min_width', '20', 0),
('avatar_path', 'images/avatars/upload', 0),
('avatar_salt', 'rzozeixi4lzedkzwqnml8m30pxym9id2', 0),
('board_contact', 'board@netforums.org', 0),
('board_contact_name', 'NetForums Board', 0),
('board_disable', '0', 0),
('board_disable_msg', '', 0),
('board_email', 'board@netforums.org', 0),
('board_email_form', '0', 0),
('board_email_sig', 'Thanks, The Management', 0),
('board_hide_emails', '1', 0),
('board_index_text', '', 0),
('board_startdate', '1692321521', 0),
('board_timezone', 'UTC', 0),
('browser_check', '1', 0),
('bump_interval', '10', 0),
('bump_type', 'd', 0),
('cache_gc', '7200', 0),
('cache_last_gc', '1693690118', 1),
('captcha_gd', '1', 0),
('captcha_gd_3d_noise', '1', 0),
('captcha_gd_fonts', '1', 0),
('captcha_gd_foreground_noise', '0', 0),
('captcha_gd_wave', '0', 0),
('captcha_gd_x_grid', '25', 0),
('captcha_gd_y_grid', '25', 0),
('captcha_plugin', 'core.captcha.plugins.gd', 0),
('check_attachment_content', '1', 0),
('check_dnsbl', '0', 0),
('chg_passforce', '0', 0),
('confirm_refresh', '1', 0),
('contact_admin_form_enable', '1', 0),
('cookie_domain', 'netforums.org', 0),
('cookie_name', 'phpbb3_juhgq', 0),
('cookie_notice', '0', 0),
('cookie_path', '/', 0),
('cookie_secure', '', 0),
('coppa_enable', '0', 0),
('coppa_fax', '', 0),
('coppa_mail', '', 0),
('cron_lock', '0', 1),
('database_gc', '604800', 0),
('database_last_gc', '1693534622', 1),
('dbms_version', '10.5.21-MariaDB-cll-lve', 0),
('default_dateformat', 'D M d, Y g:i a', 0),
('default_lang', 'en', 0),
('default_search_return_chars', '300', 0),
('default_style', '3', 0),
('delete_time', '0', 0),
('display_last_edited', '1', 0),
('display_last_subject', '1', 0),
('display_order', '0', 0),
('display_unapproved_posts', '1', 0),
('edit_time', '0', 0),
('email_check_mx', '1', 0),
('email_enable', '1', 0),
('email_force_sender', '0', 0),
('email_max_chunk_size', '50', 0),
('email_package_size', '20', 0),
('enable_accurate_pm_button', '1', 0),
('enable_confirm', '1', 0),
('enable_mod_rewrite', '0', 0),
('enable_pm_icons', '1', 0),
('enable_post_confirm', '1', 0),
('enable_queue_trigger', '0', 0),
('enable_update_hashes', '0', 0),
('extension_force_unstable', '0', 0),
('feed_enable', '1', 0),
('feed_forum', '1', 0),
('feed_http_auth', '0', 0),
('feed_item_statistics', '1', 0),
('feed_limit', '10', 0),
('feed_limit_post', '15', 0),
('feed_limit_topic', '10', 0),
('feed_overall', '1', 0),
('feed_overall_forums', '0', 0),
('feed_overall_forums_limit', '15', 0),
('feed_overall_topics', '0', 0),
('feed_overall_topics_limit', '15', 0),
('feed_topic', '1', 0),
('feed_topics_active', '0', 0),
('feed_topics_new', '1', 0),
('flood_interval', '15', 0),
('force_server_vars', '0', 0),
('form_token_lifetime', '7200', 0),
('form_token_mintime', '0', 0),
('form_token_sid_guests', '1', 0),
('forward_pm', '1', 0),
('forwarded_for_check', '0', 0),
('full_folder_action', '2', 0),
('fulltext_mysql_max_word_len', '254', 0),
('fulltext_mysql_min_word_len', '4', 0),
('fulltext_native_common_thres', '5', 0),
('fulltext_native_load_upd', '1', 0),
('fulltext_native_max_chars', '14', 0),
('fulltext_native_min_chars', '3', 0),
('fulltext_postgres_max_word_len', '254', 0),
('fulltext_postgres_min_word_len', '4', 0),
('fulltext_postgres_ts_name', 'simple', 0),
('fulltext_sphinx_id', '55qdncczyxnx7quo', 0),
('fulltext_sphinx_indexer_mem_limit', '512', 0),
('fulltext_sphinx_stopwords', '0', 0),
('gzip_compress', '0', 0),
('help_send_statistics', '1', 0),
('help_send_statistics_time', '1692449258', 0),
('hot_threshold', '25', 0),
('icons_path', 'images/icons', 0),
('img_create_thumbnail', '0', 0),
('img_display_inlined', '1', 0),
('img_link_height', '0', 0),
('img_link_width', '0', 0),
('img_max_height', '0', 0),
('img_max_thumb_width', '400', 0),
('img_max_width', '0', 0),
('img_min_thumb_filesize', '12000', 0),
('img_quality', '85', 0),
('img_strip_metadata', '0', 0),
('ip_check', '3', 0),
('ip_login_limit_max', '50', 0),
('ip_login_limit_time', '21600', 0),
('ip_login_limit_use_forwarded', '0', 0),
('jab_allow_self_signed', '', 0),
('jab_enable', '', 0),
('jab_host', 'jabber.hot-chilli.net', 0),
('jab_package_size', '20', 0),
('jab_password', '36bL98NdEz2JUb!', 0),
('jab_port', '5222', 0),
('jab_use_ssl', '1', 0),
('jab_username', 'trial', 0),
('jab_verify_peer', '1', 0),
('jab_verify_peer_name', '1', 0),
('last_queue_run', '1692995986', 1),
('ldap_base_dn', '', 0),
('ldap_email', '', 0),
('ldap_password', '', 0),
('ldap_port', '', 0),
('ldap_server', '', 0),
('ldap_uid', '', 0),
('ldap_user', '', 0),
('ldap_user_filter', '', 0),
('legend_sort_groupname', '0', 0),
('limit_load', '0', 0),
('limit_search_load', '0', 0),
('load_anon_lastread', '0', 0),
('load_birthdays', '1', 0),
('load_cpf_memberlist', '1', 0),
('load_cpf_pm', '1', 0),
('load_cpf_viewprofile', '1', 0),
('load_cpf_viewtopic', '1', 0),
('load_db_lastread', '1', 0),
('load_db_track', '1', 0),
('load_font_awesome_url', 'https://maxcdn.bootstrapcdn.com/font-awesome/4.7.0/css/font-awesome.min.css', 0),
('load_jquery_url', '//ajax.googleapis.com/ajax/libs/jquery/3.6.0/jquery.min.js', 0),
('load_jumpbox', '1', 0),
('load_moderators', '1', 0),
('load_notifications', '1', 0),
('load_online', '1', 0),
('load_online_guests', '1', 0),
('load_online_time', '5', 0),
('load_onlinetrack', '1', 0),
('load_search', '1', 0),
('load_tplcompile', '0', 0),
('load_unreads_search', '1', 0),
('load_user_activity', '1', 0),
('load_user_activity_limit', '5000', 0),
('max_attachments', '3', 0),
('max_attachments_pm', '1', 0),
('max_autologin_time', '0', 0),
('max_filesize', '1572864000', 0),
('max_filesize_pm', '1536000', 0),
('max_login_attempts', '3', 0),
('max_name_chars', '20', 0),
('max_num_search_keywords', '10', 0),
('max_poll_options', '10', 0),
('max_post_chars', '0', 0),
('max_post_font_size', '0', 0),
('max_post_img_height', '0', 0),
('max_post_img_width', '0', 0),
('max_post_smilies', '0', 0),
('max_post_urls', '0', 0),
('max_quote_depth', '3', 0),
('max_reg_attempts', '5', 0),
('max_sig_chars', '255', 0),
('max_sig_font_size', '200', 0),
('max_sig_img_height', '0', 0),
('max_sig_img_width', '0', 0),
('max_sig_smilies', '0', 0),
('max_sig_urls', '5', 0),
('mime_triggers', 'body|head|html|img|plaintext|a href|pre|script|table|title', 0),
('min_name_chars', '3', 0),
('min_pass_chars', '6', 0),
('min_post_chars', '1', 0),
('min_search_author_chars', '3', 0),
('new_member_group_default', '0', 0),
('new_member_post_limit', '3', 0),
('newest_user_colour', '', 1),
('newest_user_id', '166', 1),
('newest_username', 'cry', 1),
('num_files', '6', 1),
('num_posts', '53', 1),
('num_topics', '28', 1),
('num_users', '78', 1),
('override_user_style', '0', 0),
('pass_complex', 'PASS_TYPE_ANY', 0),
('phpbb_viglink_api_key', 'e4fd14f5d7f2bb6d80b8f8da1354718c', 0),
('plupload_last_gc', '0', 1),
('plupload_salt', 'dohtqbj3wqtjjvorwx50mvdtklrkyzin', 0),
('pm_edit_time', '0', 0),
('pm_max_boxes', '10', 0),
('pm_max_msgs', '0', 0),
('pm_max_recipients', '0', 0),
('posts_per_page', '10', 0),
('print_pm', '1', 0),
('questionnaire_unique_id', 'znvkp0fmsiqolu3f', 0),
('queue_interval', '60', 0),
('queue_trigger_posts', '3', 0),
('rand_seed', '0', 1),
('rand_seed_last_update', '0', 1),
('ranks_path', 'images/ranks', 0),
('read_notification_expire_days', '30', 0),
('read_notification_gc', '86400', 0),
('read_notification_last_gc', '1693659904', 1),
('recaptcha_v3_domain', 'google.com', 0),
('recaptcha_v3_key', '', 0),
('recaptcha_v3_method', 'post', 0),
('recaptcha_v3_secret', '', 0),
('recaptcha_v3_threshold_default', '0.5', 0),
('recaptcha_v3_threshold_login', '0.5', 0),
('recaptcha_v3_threshold_post', '0.5', 0),
('recaptcha_v3_threshold_register', '0.5', 0),
('recaptcha_v3_threshold_report', '0.5', 0),
('record_online_date', '1693070617', 1),
('record_online_users', '208', 1),
('referer_validation', '0', 0),
('remote_upload_verify', '0', 0),
('reparse_lock', '0', 1),
('require_activation', '1', 0),
('script_path', '', 0),
('search_anonymous_interval', '0', 0),
('search_block_size', '250', 0),
('search_gc', '7200', 0),
('search_indexing_state', '', 1),
('search_interval', '0', 0),
('search_last_gc', '1693692510', 1),
('search_store_results', '1800', 0),
('search_type', '\\phpbb\\search\\fulltext_native', 0),
('secure_allow_deny', '1', 0),
('secure_allow_empty_referer', '1', 0),
('secure_downloads', '0', 0),
('server_name', 'netforums.org', 0),
('server_port', '80', 0),
('server_protocol', 'http://', 0),
('session_gc', '3600', 0),
('session_last_gc', '1693693782', 1),
('session_length', '3600', 0),
('site_desc', 'Forum', 0),
('site_home_text', '', 0),
('site_home_url', '', 0),
('sitename', 'NetForums Board', 0),
('smilies_path', 'images/smilies', 0),
('smilies_per_page', '50', 0),
('smtp_allow_self_signed', '0', 0),
('smtp_auth_method', 'PLAIN', 0),
('smtp_delivery', '0', 0),
('smtp_host', '', 0),
('smtp_password', 'KYWDeC#@emhN39rG', 1),
('smtp_port', '0', 0),
('smtp_username', 'brotheralameen', 1),
('smtp_verify_peer', '1', 0),
('smtp_verify_peer_name', '1', 0),
('style_settings_config_allow_user_colour', '1', 0),
('style_settings_config_base_colour', 'Dark', 0),
('style_settings_config_collapsible_panels', '0', 0),
('style_settings_config_colour_picker', '2C2C2C', 0),
('style_settings_config_colour_preset', 'Blush', 0),
('style_settings_config_content_block_header', '', 0),
('style_settings_config_credit_line', '1', 0),
('style_settings_config_css_icon_shape', '', 0),
('style_settings_config_css_image_replace', '0', 0),
('style_settings_config_disable_css_animations', '0', 0),
('style_settings_config_font_family', 'Quicksand', 0),
('style_settings_config_forumlist_display', 'List', 0),
('style_settings_config_grid_tile_full', '0', 0),
('style_settings_config_header_effect', '', 0),
('style_settings_config_header_format', 'Both', 0),
('style_settings_config_header_particles', '1', 0),
('style_settings_config_header_position', 'center top', 0),
('style_settings_config_header_repeat', '', 0),
('style_settings_config_header_size', '0', 0),
('style_settings_config_hide_social_bar', '0', 0),
('style_settings_config_high_contrast_links', '0', 0),
('style_settings_config_layout_type', 'Boxed', 0),
('style_settings_config_logo_position', 'Middle', 0),
('style_settings_config_navbar_position', 'Inside Header', 0),
('style_settings_config_parallax_header', '0', 0),
('style_settings_config_postprofile_side', 'Right', 0),
('style_settings_config_profile_widget', '1', 0),
('style_settings_config_rounded_corners', '0', 0),
('style_settings_config_scroll_to_top', '0', 0),
('style_settings_config_search_widget', '1', 0),
('style_settings_config_show_topic_titles', '0', 0),
('style_settings_config_sidebar_placement', 'Right Only', 0),
('style_settings_config_sidebars', '1', 0),
('style_settings_favicon_path', 'ext/planetstyles/flightdeck/store/favicon-1.png', 0),
('style_settings_header_path', '', 0),
('style_settings_logo_height', '200', 0),
('style_settings_logo_path', 'ext/planetstyles/flightdeck/store/logo-3.png', 0),
('style_settings_logo_width', '200', 0),
('teampage_forums', '1', 0),
('teampage_memberships', '1', 0),
('text_reparser.pm_text_cron_interval', '10', 0),
('text_reparser.pm_text_last_cron', '1693695596', 0),
('text_reparser.poll_option_cron_interval', '10', 0),
('text_reparser.poll_option_last_cron', '1693695594', 0),
('text_reparser.poll_title_cron_interval', '10', 0),
('text_reparser.poll_title_last_cron', '1692322252', 0),
('text_reparser.post_text_cron_interval', '10', 0),
('text_reparser.post_text_last_cron', '1692322591', 0),
('text_reparser.user_signature_cron_interval', '10', 0),
('text_reparser.user_signature_last_cron', '1692321534', 0),
('tfa_acp', '1', 0),
('tfa_mode', '1', 0),
('tfa_module_interface_version', '1.0.0', 0),
('topics_per_page', '25', 0),
('tpl_allow_php', '0', 0),
('update_hashes_last_cron', '1692321546', 0),
('update_hashes_lock', '0', 0),
('upload_dir_size', '4561929', 1),
('upload_icons_path', 'images/upload_icons', 0),
('upload_path', 'files', 0),
('use_system_cron', '0', 0),
('version', '3.3.10', 0),
('viglink_api_siteid', 'b73c1820440fb906cea9da0310c0d3b1', 0),
('viglink_ask_admin', '1692449258', 0),
('viglink_ask_admin_last', '1692449245', 0),
('viglink_convert_account_url', 'https://www.viglink.com/users/convertAccount?key=e4fd14f5d7f2bb6d80b8f8da1354718c&amp;subId=edf73a941f365639c03d6d4162ce1b2e&amp;expiration=1723990643&amp;signature=c1476f8c2888eae5bdd5c139d5aef2f5', 0),
('viglink_enabled', '1', 0),
('viglink_last_gc', '1693693704', 1),
('warnings_expire_days', '90', 0),
('warnings_gc', '14400', 0),
('warnings_last_gc', '1693690100', 1);

-- --------------------------------------------------------

--
-- Table structure for table `phpbbtc_config_text`
--

CREATE TABLE `phpbbtc_config_text` (
  `config_name` varchar(255) NOT NULL DEFAULT '',
  `config_value` mediumtext NOT NULL,
  PRIMARY KEY (`config_name`)
) ENGINE=InnoDB DEFAULT CHARSET=utf8 COLLATE=utf8_bin;

--
-- Dumping data for table `phpbbtc_config_text`
--

INSERT INTO `phpbbtc_config_text` VALUES
('contact_admin_info', ''),
('contact_admin_info_bitfield', ''),
('contact_admin_info_flags', '7'),
('contact_admin_info_uid', ''),
('reparser_resume', 'a:3:{s:28:"text_reparser.user_signature";a:3:{s:9:"range-min";i:1;s:9:"range-max";i:0;s:10:"range-size";i:100;}s:24:"text_reparser.poll_title";a:3:{s:9:"range-min";i:1;s:9:"range-max";i:0;s:10:"range-size";i:100;}s:23:"text_reparser.post_text";a:3:{s:9:"range-min";i:1;s:9:"range-max";i:0;s:10:"range-size";i:100;}}'),
('style_settings_html_1', ''),
('style_settings_html_2', ''),
('style_settings_html_3', ''),
('style_settings_html_4', '');

-- --------------------------------------------------------

--
-- Table structure for table `phpbbtc_confirm`
--

CREATE TABLE `phpbbtc_confirm` (
  `confirm_id` char(32) NOT NULL DEFAULT '',
  `session_id` char(32) NOT NULL DEFAULT '',
  `confirm_type` tinyint(3) NOT NULL DEFAULT 0,
  `code` varchar(8) NOT NULL DEFAULT '',
  `seed` int(10) unsigned NOT NULL DEFAULT 0,
  `attempts` mediumint(8) unsigned NOT NULL DEFAULT 0,
  PRIMARY KEY (`session_id`,`confirm_id`),
  KEY `confirm_type` (`confirm_type`)
) ENGINE=InnoDB DEFAULT CHARSET=utf8 COLLATE=utf8_bin;

--
-- Dumping data for table `phpbbtc_confirm`
--

INSERT INTO `phpbbtc_confirm` VALUES
('1ecd2361f3c45345ac47f240698483fe', '64892791dd7d86d4a1558420db5acbdb', 1, '3TQFY', 163, 0);

-- --------------------------------------------------------

--
-- Table structure for table `phpbbtc_disallow`
--

CREATE TABLE `phpbbtc_disallow` (
  `disallow_id` mediumint(8) unsigned NOT NULL AUTO_INCREMENT,
  `disallow_username` varchar(255) NOT NULL DEFAULT '',
  PRIMARY KEY (`disallow_id`)
) ENGINE=InnoDB DEFAULT CHARSET=utf8 COLLATE=utf8_bin;

-- --------------------------------------------------------

--
-- Table structure for table `phpbbtc_drafts`
--

CREATE TABLE `phpbbtc_drafts` (
  `draft_id` int(10) unsigned NOT NULL AUTO_INCREMENT,
  `user_id` int(10) unsigned NOT NULL DEFAULT 0,
  `topic_id` int(10) unsigned NOT NULL DEFAULT 0,
  `forum_id` mediumint(8) unsigned NOT NULL DEFAULT 0,
  `save_time` int(11) unsigned NOT NULL DEFAULT 0,
  `draft_subject` varchar(255) NOT NULL DEFAULT '',
  `draft_message` mediumtext NOT NULL,
  PRIMARY KEY (`draft_id`),
  KEY `save_time` (`save_time`)
) ENGINE=InnoDB DEFAULT CHARSET=utf8 COLLATE=utf8_bin;

-- --------------------------------------------------------

--
-- Table structure for table `phpbbtc_ext`
--

CREATE TABLE `phpbbtc_ext` (
  `ext_name` varchar(255) NOT NULL DEFAULT '',
  `ext_active` tinyint(1) unsigned NOT NULL DEFAULT 0,
  `ext_state` text NOT NULL,
  UNIQUE KEY `ext_name` (`ext_name`)
) ENGINE=InnoDB DEFAULT CHARSET=utf8 COLLATE=utf8_bin;

--
-- Dumping data for table `phpbbtc_ext`
--

INSERT INTO `phpbbtc_ext` VALUES
('paul999/tfa', 1, 'b:0;'),
('phpbb/viglink', 1, 'b:0;'),
('planetstyles/flightdeck', 1, 'b:0;');

-- --------------------------------------------------------

--
-- Table structure for table `phpbbtc_extensions`
--

CREATE TABLE `phpbbtc_extensions` (
  `extension_id` mediumint(8) unsigned NOT NULL AUTO_INCREMENT,
  `group_id` mediumint(8) unsigned NOT NULL DEFAULT 0,
  `extension` varchar(100) NOT NULL DEFAULT '',
  PRIMARY KEY (`extension_id`)
) ENGINE=InnoDB  DEFAULT CHARSET=utf8 COLLATE=utf8_bin;

--
-- Dumping data for table `phpbbtc_extensions`
--

INSERT INTO `phpbbtc_extensions` VALUES
(1, 1, 'gif'),
(2, 1, 'png'),
(3, 1, 'jpeg'),
(4, 1, 'jpg'),
(5, 1, 'tif'),
(6, 1, 'tiff'),
(7, 1, 'tga'),
(8, 2, 'gtar'),
(9, 2, 'gz'),
(10, 2, 'tar'),
(11, 2, 'zip'),
(12, 2, 'rar'),
(13, 2, 'ace'),
(14, 2, 'torrent'),
(15, 2, 'tgz'),
(16, 2, 'bz2'),
(17, 2, '7z'),
(18, 3, 'txt'),
(19, 3, 'c'),
(20, 3, 'h'),
(21, 3, 'cpp'),
(22, 3, 'hpp'),
(23, 3, 'diz'),
(24, 3, 'csv'),
(25, 3, 'ini'),
(26, 3, 'log'),
(27, 3, 'js'),
(28, 3, 'xml'),
(29, 4, 'xls'),
(30, 4, 'xlsx'),
(31, 4, 'xlsm'),
(32, 4, 'xlsb'),
(33, 4, 'doc'),
(34, 4, 'docx'),
(35, 4, 'docm'),
(36, 4, 'dot'),
(37, 4, 'dotx'),
(38, 4, 'dotm'),
(39, 4, 'pdf'),
(40, 4, 'ai'),
(41, 4, 'ps'),
(42, 4, 'ppt'),
(43, 4, 'pptx'),
(44, 4, 'pptm'),
(45, 4, 'odg'),
(46, 4, 'odp'),
(47, 4, 'ods'),
(48, 4, 'odt'),
(49, 4, 'rtf'),
(50, 5, 'mp3'),
(51, 5, 'mpeg'),
(52, 5, 'mpg'),
(53, 5, 'ogg'),
(54, 5, 'ogm');

-- --------------------------------------------------------

--
-- Table structure for table `phpbbtc_extension_groups`
--

CREATE TABLE `phpbbtc_extension_groups` (
  `group_id` mediumint(8) unsigned NOT NULL AUTO_INCREMENT,
  `group_name` varchar(255) NOT NULL DEFAULT '',
  `cat_id` tinyint(2) NOT NULL DEFAULT 0,
  `allow_group` tinyint(1) unsigned NOT NULL DEFAULT 0,
  `download_mode` tinyint(1) unsigned NOT NULL DEFAULT 1,
  `upload_icon` varchar(255) NOT NULL DEFAULT '',
  `max_filesize` int(20) unsigned NOT NULL DEFAULT 0,
  `allowed_forums` text NOT NULL,
  `allow_in_pm` tinyint(1) unsigned NOT NULL DEFAULT 0,
  PRIMARY KEY (`group_id`)
) ENGINE=InnoDB  DEFAULT CHARSET=utf8 COLLATE=utf8_bin;

--
-- Dumping data for table `phpbbtc_extension_groups`
--

INSERT INTO `phpbbtc_extension_groups` VALUES
(1, 'IMAGES', 1, 1, 1, '', 0, '', 0),
(2, 'ARCHIVES', 0, 1, 1, '', 0, '', 0),
(3, 'PLAIN_TEXT', 0, 0, 1, '', 0, '', 0),
(4, 'DOCUMENTS', 0, 0, 1, '', 0, '', 0),
(5, 'DOWNLOADABLE_FILES', 0, 0, 1, '', 0, '', 0);

-- --------------------------------------------------------

--
-- Table structure for table `phpbbtc_forums`
--

CREATE TABLE `phpbbtc_forums` (
  `forum_id` mediumint(8) unsigned NOT NULL AUTO_INCREMENT,
  `parent_id` mediumint(8) unsigned NOT NULL DEFAULT 0,
  `left_id` mediumint(8) unsigned NOT NULL DEFAULT 0,
  `right_id` mediumint(8) unsigned NOT NULL DEFAULT 0,
  `forum_parents` mediumtext NOT NULL,
  `forum_name` varchar(255) NOT NULL DEFAULT '',
  `forum_desc` text NOT NULL,
  `forum_desc_bitfield` varchar(255) NOT NULL DEFAULT '',
  `forum_desc_options` int(11) unsigned NOT NULL DEFAULT 7,
  `forum_desc_uid` varchar(8) NOT NULL DEFAULT '',
  `forum_link` varchar(255) NOT NULL DEFAULT '',
  `forum_password` varchar(255) NOT NULL DEFAULT '',
  `forum_style` mediumint(8) unsigned NOT NULL DEFAULT 0,
  `forum_image` varchar(255) NOT NULL DEFAULT '',
  `forum_rules` text NOT NULL,
  `forum_rules_link` varchar(255) NOT NULL DEFAULT '',
  `forum_rules_bitfield` varchar(255) NOT NULL DEFAULT '',
  `forum_rules_options` int(11) unsigned NOT NULL DEFAULT 7,
  `forum_rules_uid` varchar(8) NOT NULL DEFAULT '',
  `forum_topics_per_page` smallint(4) unsigned NOT NULL DEFAULT 0,
  `forum_type` tinyint(4) NOT NULL DEFAULT 0,
  `forum_status` tinyint(4) NOT NULL DEFAULT 0,
  `forum_last_post_id` int(10) unsigned NOT NULL DEFAULT 0,
  `forum_last_poster_id` int(10) unsigned NOT NULL DEFAULT 0,
  `forum_last_post_subject` varchar(255) NOT NULL DEFAULT '',
  `forum_last_post_time` int(11) unsigned NOT NULL DEFAULT 0,
  `forum_last_poster_name` varchar(255) NOT NULL DEFAULT '',
  `forum_last_poster_colour` varchar(6) NOT NULL DEFAULT '',
  `forum_flags` tinyint(4) NOT NULL DEFAULT 32,
  `display_on_index` tinyint(1) unsigned NOT NULL DEFAULT 1,
  `enable_indexing` tinyint(1) unsigned NOT NULL DEFAULT 1,
  `enable_icons` tinyint(1) unsigned NOT NULL DEFAULT 1,
  `enable_prune` tinyint(1) unsigned NOT NULL DEFAULT 0,
  `prune_next` int(11) unsigned NOT NULL DEFAULT 0,
  `prune_days` mediumint(8) unsigned NOT NULL DEFAULT 0,
  `prune_viewed` mediumint(8) unsigned NOT NULL DEFAULT 0,
  `prune_freq` mediumint(8) unsigned NOT NULL DEFAULT 0,
  `display_subforum_list` tinyint(1) unsigned NOT NULL DEFAULT 1,
  `display_subforum_limit` tinyint(1) unsigned NOT NULL DEFAULT 0,
  `forum_options` int(20) unsigned NOT NULL DEFAULT 0,
  `enable_shadow_prune` tinyint(1) unsigned NOT NULL DEFAULT 0,
  `prune_shadow_days` mediumint(8) unsigned NOT NULL DEFAULT 7,
  `prune_shadow_freq` mediumint(8) unsigned NOT NULL DEFAULT 1,
  `prune_shadow_next` int(11) NOT NULL DEFAULT 0,
  `forum_posts_approved` mediumint(8) unsigned NOT NULL DEFAULT 0,
  `forum_posts_unapproved` mediumint(8) unsigned NOT NULL DEFAULT 0,
  `forum_posts_softdeleted` mediumint(8) unsigned NOT NULL DEFAULT 0,
  `forum_topics_approved` mediumint(8) unsigned NOT NULL DEFAULT 0,
  `forum_topics_unapproved` mediumint(8) unsigned NOT NULL DEFAULT 0,
  `forum_topics_softdeleted` mediumint(8) unsigned NOT NULL DEFAULT 0,
  PRIMARY KEY (`forum_id`),
  KEY `left_right_id` (`left_id`,`right_id`),
  KEY `forum_lastpost_id` (`forum_last_post_id`)
) ENGINE=InnoDB  DEFAULT CHARSET=utf8 COLLATE=utf8_bin;

--
-- Dumping data for table `phpbbtc_forums`
--

INSERT INTO `phpbbtc_forums` VALUES
(1, 0, 1, 28, '', 'Introduction &amp; Terms of Services', '<t>This category is for the introduction and the representation of the Terms and Services of the forum. This includes rules to the forum as well posted on here. You can introduce yourself here as well.</t>', '', 7, '', '', '', 0, '', '', 'https://netforums.org/viewtopic.php?t=2', '', 7, '', 0, 0, 0, 0, 0, '', 0, '', '', 32, 1, 1, 1, 0, 0, 0, 0, 0, 1, 0, 0, 0, 7, 1, 0, 0, 0, 0, 0, 0, 0),
(2, 1, 2, 3, 'a:1:{i:1;a:2:{i:0;s:36:"Introduction &amp; Terms of Services";i:1;i:0;}}', 'Introduction &amp; Forum Announcment', '<t>This page will contain the introduction for the forums including the rules required to be on the forum and what we do.</t>', '', 7, '', '', '', 0, '', '', 'https://netforums.org/viewtopic.php?t=2', '', 7, '', 0, 1, 1, 63, 138, 'Re: NetForums Rules', 1693594107, 'margrog', 'AA0000', 48, 1, 1, 1, 0, 0, 7, 7, 1, 1, 0, 0, 0, 7, 1, 0, 8, 0, 0, 6, 0, 0),
(3, 1, 4, 5, 'a:1:{i:1;a:2:{i:0;s:36:"Introduction &amp; Terms of Services";i:1;i:0;}}', 'Personal Introduction', '<t>Introduce yourself and welcome new members to the forum.</t>', '', 7, '', '', '', 0, '', '', 'https://netforums.org/viewtopic.php?t=2', '', 7, '', 0, 1, 0, 65, 126, 'Hello', 1693645677, 'Administrator', '', 48, 1, 1, 1, 0, 0, 7, 7, 1, 1, 0, 0, 0, 7, 1, 0, 19, 0, 0, 13, 0, 0),
(4, 1, 6, 9, 'a:1:{i:1;a:2:{i:0;s:36:"Introduction &amp; Terms of Services";i:1;i:0;}}', 'World News', '<t>Discuss real world events and news here</t>', '', 7, '', '', '', 0, '', '', 'https://netforums.org/viewtopic.php?t=2', '', 7, '', 0, 1, 0, 0, 0, '', 0, '', '', 48, 1, 1, 1, 0, 0, 7, 7, 1, 1, 0, 0, 0, 7, 1, 0, 0, 0, 0, 0, 0, 0),
(5, 4, 7, 8, 'a:2:{i:1;a:2:{i:0;s:36:"Introduction &amp; Terms of Services";i:1;i:0;}i:4;a:2:{i:0;s:10:"World News";i:1;i:1;}}', 'Technology', '<t>This forum is for technology news and world events related to technology</t>', '', 7, '', '', '', 0, '', '', 'https://netforums.org/viewtopic.php?t=2', '', 7, '', 0, 1, 0, 0, 0, '', 0, '', '', 48, 1, 1, 1, 0, 0, 7, 7, 1, 1, 0, 0, 0, 7, 1, 0, 0, 0, 0, 0, 0, 0),
(6, 1, 10, 17, 'a:1:{i:1;a:2:{i:0;s:36:"Introduction &amp; Terms of Services";i:1;i:0;}}', 'The Longue', '<t>Talk casually about various topics within reason. Mark this forum as read.</t>', '', 7, '', '', '', 0, '', '', 'https://netforums.org/viewtopic.php?t=2', '', 7, '', 0, 1, 0, 0, 0, '', 0, '', '', 48, 1, 1, 1, 0, 0, 7, 7, 1, 1, 0, 0, 0, 7, 1, 0, 0, 0, 0, 0, 0, 0),
(7, 6, 11, 12, 'a:2:{i:1;a:2:{i:0;s:36:"Introduction &amp; Terms of Services";i:1;i:0;}i:6;a:2:{i:0;s:10:"The Longue";i:1;i:1;}}', 'Random Discussion', '<t>Less serious discussions should take place here.</t>', '', 7, '', '', '', 0, '', '', 'https://netforums.org/viewtopic.php?t=2', '', 7, '', 0, 1, 0, 0, 0, '', 0, '', '', 48, 1, 1, 1, 0, 0, 7, 7, 1, 1, 0, 0, 0, 7, 1, 0, 0, 0, 0, 0, 0, 0),
(8, 6, 13, 14, 'a:2:{i:1;a:2:{i:0;s:36:"Introduction &amp; Terms of Services";i:1;i:0;}i:6;a:2:{i:0;s:10:"The Longue";i:1;i:1;}}', 'Achievements', '<t>Did you win a trophy? Did you do something cool? Share here.</t>', '', 7, '', '', '', 0, '', '', 'https://netforums.org/viewtopic.php?t=2', '', 7, '', 0, 1, 0, 0, 0, '', 0, '', '', 48, 1, 1, 1, 0, 0, 7, 7, 1, 1, 0, 0, 0, 7, 1, 0, 0, 0, 0, 0, 0, 0),
(9, 6, 15, 16, 'a:2:{i:1;a:2:{i:0;s:36:"Introduction &amp; Terms of Services";i:1;i:0;}i:6;a:2:{i:0;s:10:"The Longue";i:1;i:1;}}', 'Serious Discussion', '<t>Serious discussion should take place here.</t>', '', 7, '', '', '', 0, '', '', 'https://netforums.org/viewtopic.php?t=2', '', 7, '', 0, 1, 0, 0, 0, '', 0, '', '', 48, 1, 1, 1, 0, 0, 7, 7, 1, 1, 0, 0, 0, 7, 1, 0, 0, 0, 0, 0, 0, 0),
(11, 1, 18, 21, 'a:1:{i:1;a:2:{i:0;s:36:"Introduction &amp; Terms of Services";i:1;i:0;}}', 'Giveaways &amp; Freebies', '<t>In the giving mood? All Giveaways or Freebies content should be posted here.</t>', '', 7, '', '', '', 0, '', '', 'https://netforums.org/viewtopic.php?t=2', '', 7, '', 0, 1, 0, 46, 113, 'Re: Method Dump', 1693060606, 'Aqua', '', 48, 1, 1, 1, 0, 0, 7, 7, 1, 1, 0, 0, 0, 7, 1, 0, 3, 0, 0, 1, 0, 0),
(12, 11, 19, 20, 'a:2:{i:1;a:2:{i:0;s:36:"Introduction &amp; Terms of Services";i:1;i:0;}i:11;a:2:{i:0;s:24:"Giveaways &amp; Freebies";i:1;i:1;}}', 'Giveaway Removed Content', '<t>Removed content due to dead links come here</t>', '', 7, '', '', '', 0, '', '', 'https://netforums.org/viewtopic.php?t=2', '', 7, '', 0, 1, 1, 0, 0, '', 0, '', '', 48, 1, 1, 1, 0, 0, 7, 7, 1, 1, 0, 0, 0, 7, 1, 0, 0, 0, 0, 0, 0, 0),
(13, 1, 22, 23, 'a:1:{i:1;a:2:{i:0;s:36:"Introduction &amp; Terms of Services";i:1;i:0;}}', 'Music &amp; Videos', '<t>Talk about your favourite Music, Videos and Movies here.</t>', '', 7, '', '', '', 0, '', '', 'https://netforums.org/viewtopic.php?t=2', '', 7, '', 0, 1, 0, 0, 0, '', 0, '', '', 48, 1, 1, 1, 0, 0, 7, 7, 1, 1, 0, 0, 0, 7, 1, 0, 0, 0, 0, 0, 0, 0),
(14, 1, 24, 25, 'a:1:{i:1;a:2:{i:0;s:36:"Introduction &amp; Terms of Services";i:1;i:0;}}', 'Computer Programming', '<t>Discuss about Computer Programming here.</t>', '', 7, '', '', '', 0, '', '', 'https://netforums.org/viewtopic.php?t=2', '', 7, '', 0, 1, 0, 0, 0, '', 0, '', '', 48, 1, 1, 1, 0, 0, 7, 7, 1, 1, 0, 0, 0, 7, 1, 0, 0, 0, 0, 0, 0, 0),
(15, 0, 29, 66, '', 'Leaks', '<t>All information related to leaks and doxes come here.</t>', '', 7, '', '', '', 0, '', '', 'https://netforums.org/viewtopic.php?t=2', '', 7, '', 0, 0, 0, 0, 0, '', 0, '', '', 32, 1, 1, 1, 0, 0, 7, 7, 1, 1, 0, 0, 0, 7, 1, 0, 0, 0, 0, 0, 0, 0),
(16, 15, 30, 31, 'a:1:{i:15;a:2:{i:0;s:5:"Leaks";i:1;i:0;}}', 'Games', '<t>Game Leaks are posted here. Code, Plugins, Leaked Videos or anything similar to that may be posted here.</t>', '', 7, '', '', '', 0, '', '', 'https://netforums.org/viewtopic.php?t=2', '', 7, '', 0, 1, 0, 0, 0, '', 0, '', '', 48, 1, 1, 1, 0, 0, 7, 7, 1, 1, 0, 0, 0, 7, 1, 0, 0, 0, 0, 0, 0, 0),
(17, 15, 32, 37, 'a:1:{i:15;a:2:{i:0;s:5:"Leaks";i:1;i:0;}}', 'Databases', '<t>Database leaks are posted here.</t>', '', 7, '', '', '', 0, '', '', 'https://netforums.org/viewtopic.php?t=2', '', 7, '', 0, 1, 0, 0, 0, '', 0, '', '', 48, 1, 1, 1, 0, 0, 7, 7, 1, 1, 0, 0, 0, 7, 1, 0, 0, 0, 0, 0, 0, 0),
(18, 15, 38, 39, 'a:1:{i:15;a:2:{i:0;s:5:"Leaks";i:1;i:0;}}', 'Doxes', '<t>All doxes on people will be posted here. Any dox on forum members, admins or mods will be taken down.</t>', '', 7, '', '', '', 0, '', '', 'https://netforums.org/viewtopic.php?t=2', '', 7, '', 0, 1, 0, 20, 60, 'Re: Joseph Dox', 1692680909, 'alboo', '', 48, 1, 1, 1, 0, 0, 7, 7, 1, 1, 0, 0, 0, 7, 1, 0, 4, 0, 0, 2, 0, 0),
(19, 17, 33, 34, 'a:2:{i:15;a:2:{i:0;s:5:"Leaks";i:1;i:0;}i:17;a:2:{i:0;s:9:"Databases";i:1;i:1;}}', 'Official', '<t>Forum where databases stored on our own servers are kept. These threads are guaranteed to be online, and will not have any dead links. Mark this forum read</t>', '', 7, '', '', '', 0, '', '', 'https://netforums.org/viewtopic.php?t=2', '', 7, '', 0, 1, 0, 0, 0, '', 0, '', '', 48, 1, 1, 1, 0, 0, 7, 7, 1, 1, 0, 0, 0, 7, 1, 0, 0, 0, 0, 0, 0, 0),
(20, 17, 35, 36, 'a:2:{i:15;a:2:{i:0;s:5:"Leaks";i:1;i:0;}i:17;a:2:{i:0;s:9:"Databases";i:1;i:1;}}', 'Databases Removed Content', '<t>Databases that contain dead links come here</t>', '', 7, '', '', '', 0, '', '', 'https://netforums.org/viewtopic.php?t=2', '', 7, '', 0, 1, 1, 24, 58, 'Re: Dataleak.us Database Part 1', 1692799871, 'brotheralameen', '', 48, 1, 1, 1, 0, 0, 7, 7, 1, 1, 0, 0, 0, 7, 1, 0, 3, 0, 0, 1, 0, 0),
(21, 15, 40, 43, 'a:1:{i:15;a:2:{i:0;s:5:"Leaks";i:1;i:0;}}', 'Stealer Logs', '<t>Forum where you can post Stealer logs.</t>', '', 7, '', '', '', 0, '', '', 'https://netforums.org/viewtopic.php?t=2', '', 7, '', 0, 1, 0, 0, 0, '', 0, '', '', 48, 1, 1, 1, 0, 0, 7, 7, 1, 1, 0, 0, 0, 7, 1, 0, 0, 0, 0, 0, 0, 0),
(22, 21, 41, 42, 'a:2:{i:15;a:2:{i:0;s:5:"Leaks";i:1;i:0;}i:21;a:2:{i:0;s:12:"Stealer Logs";i:1;i:1;}}', 'Stealer Logs Removed Content', '<t>All stealer logs with dead links comes here.</t>', '', 7, '', '', '', 0, '', '', 'https://netforums.org/viewtopic.php?t=2', '', 7, '', 0, 1, 1, 0, 0, '', 0, '', '', 48, 1, 1, 1, 0, 0, 7, 7, 1, 1, 0, 0, 0, 7, 1, 0, 0, 0, 0, 0, 0, 0),
(23, 15, 44, 47, 'a:1:{i:15;a:2:{i:0;s:5:"Leaks";i:1;i:0;}}', 'Other Leaks', '<t>Ransomware Leaks, Stealer logs, Scrapes, Leads or other kinds of data that isn''t considered a leaked database.</t>', '', 7, '', '', '', 0, '', '', 'https://netforums.org/viewtopic.php?t=2', '', 7, '', 0, 1, 0, 56, 138, '[Leaked Email] Tunisian Government Sustainable Development for Africa', 1693192062, 'margrog', 'AA0000', 48, 1, 1, 1, 0, 0, 7, 7, 1, 1, 0, 0, 0, 7, 1, 0, 1, 0, 0, 1, 0, 0),
(24, 23, 45, 46, 'a:2:{i:15;a:2:{i:0;s:5:"Leaks";i:1;i:0;}i:23;a:2:{i:0;s:11:"Other Leaks";i:1;i:1;}}', 'Other Leaks Removed Content', '<t>Other Leaks with dead links come here.</t>', '', 7, '', '', '', 0, '', '', 'https://netforums.org/viewtopic.php?t=2', '', 7, '', 0, 1, 1, 0, 0, '', 0, '', '', 48, 1, 1, 1, 0, 0, 7, 7, 1, 1, 0, 0, 0, 7, 1, 0, 0, 0, 0, 0, 0, 0),
(25, 15, 48, 51, 'a:1:{i:15;a:2:{i:0;s:5:"Leaks";i:1;i:0;}}', 'Database Discussion', '<t>Forum where you can discuss &amp; request databases.</t>', '', 7, '', '', '', 0, '', '', 'https://netforums.org/viewtopic.php?t=2', '', 7, '', 0, 1, 0, 0, 0, '', 0, '', '', 48, 1, 1, 1, 0, 0, 7, 7, 1, 1, 0, 0, 0, 7, 1, 0, 0, 0, 0, 0, 0, 0),
(26, 25, 49, 50, 'a:2:{i:15;a:2:{i:0;s:5:"Leaks";i:1;i:0;}i:25;a:2:{i:0;s:19:"Database Discussion";i:1;i:1;}}', 'Database Discussion Removed Content', '<t>Databases with dead links come here</t>', '', 7, '', '', '', 0, '', '', 'https://netforums.org/viewtopic.php?t=2', '', 7, '', 0, 1, 1, 0, 0, '', 0, '', '', 48, 1, 1, 1, 0, 0, 7, 7, 1, 1, 0, 0, 0, 7, 1, 0, 0, 0, 0, 0, 0, 0),
(27, 15, 52, 53, 'a:1:{i:15;a:2:{i:0;s:5:"Leaks";i:1;i:0;}}', 'Cracked Accounts', '<t>Cracked Accounts for various platforms goes here</t>', '', 7, '', '', '', 0, '', '', 'https://netforums.org/viewtopic.php?t=2', '', 7, '', 0, 1, 0, 0, 0, '', 0, '', '', 48, 1, 1, 1, 0, 0, 7, 7, 1, 1, 0, 0, 0, 7, 1, 0, 0, 0, 0, 0, 0, 0),
(28, 15, 54, 57, 'a:1:{i:15;a:2:{i:0;s:5:"Leaks";i:1;i:0;}}', 'Combolists', '<t>Combolists are posted here (Cracked lines from Databases).</t>', '', 7, '', '', '', 0, '', '', 'https://netforums.org/viewtopic.php?t=2', '', 7, '', 0, 1, 0, 0, 0, '', 0, '', '', 48, 1, 1, 1, 0, 0, 7, 7, 1, 1, 0, 0, 0, 7, 1, 0, 0, 0, 0, 0, 0, 0),
(29, 28, 55, 56, 'a:2:{i:15;a:2:{i:0;s:5:"Leaks";i:1;i:0;}i:28;a:2:{i:0;s:10:"Combolists";i:1;i:1;}}', 'Combolists Removed Content', '<t>Combolists with dead links go here</t>', '', 7, '', '', '', 0, '', '', 'https://netforums.org/viewtopic.php?t=2', '', 7, '', 0, 1, 1, 0, 0, '', 0, '', '', 48, 1, 1, 1, 0, 0, 7, 7, 1, 1, 0, 0, 0, 7, 1, 0, 0, 0, 0, 0, 0, 0),
(30, 15, 58, 65, 'a:1:{i:15;a:2:{i:0;s:5:"Leaks";i:1;i:0;}}', 'CTFs', '<t>This forum is for talking about CTFs and leaking them. These are games to improve hacking skills.</t>', '', 7, '', '', '', 0, '', '', 'https://netforums.org/viewtopic.php?t=2', '', 7, '', 0, 1, 1, 0, 0, '', 0, '', '', 48, 1, 1, 1, 0, 0, 7, 7, 1, 1, 0, 0, 0, 7, 1, 0, 0, 0, 0, 0, 0, 0),
(31, 30, 59, 60, 'a:2:{i:15;a:2:{i:0;s:5:"Leaks";i:1;i:0;}i:30;a:2:{i:0;s:4:"CTFs";i:1;i:1;}}', 'HackTheBox', '<t>Discussions about HackTheBox CTFs</t>', '', 7, '', '', '', 0, '', '', 'https://netforums.org/viewtopic.php?t=2', '', 7, '', 0, 1, 0, 0, 0, '', 0, '', '', 48, 1, 1, 1, 0, 0, 7, 7, 1, 1, 0, 0, 0, 7, 1, 0, 0, 0, 0, 0, 0, 0),
(32, 30, 61, 62, 'a:2:{i:15;a:2:{i:0;s:5:"Leaks";i:1;i:0;}i:30;a:2:{i:0;s:4:"CTFs";i:1;i:1;}}', 'TryHackMe', '<t>All discussions about TryHackMe CTFs</t>', '', 7, '', '', '', 0, '', '', 'https://netforums.org/viewtopic.php?t=2', '', 7, '', 0, 1, 0, 0, 0, '', 0, '', '', 48, 1, 1, 1, 0, 0, 7, 7, 1, 1, 0, 0, 0, 7, 1, 0, 0, 0, 0, 0, 0, 0),
(33, 30, 63, 64, 'a:2:{i:15;a:2:{i:0;s:5:"Leaks";i:1;i:0;}i:30;a:2:{i:0;s:4:"CTFs";i:1;i:1;}}', 'PortSwigger', '<t>All discussions about PortSwigger CTFs</t>', '', 7, '', '', '', 0, '', '', 'https://netforums.org/viewtopic.php?t=2', '', 7, '', 0, 1, 0, 0, 0, '', 0, '', '', 48, 1, 1, 1, 0, 0, 7, 7, 1, 1, 0, 0, 0, 7, 1, 0, 0, 0, 0, 0, 0, 0),
(36, 1, 26, 27, 'a:1:{i:1;a:2:{i:0;s:36:"Introduction &amp; Terms of Services";i:1;i:0;}}', 'Hacking and Cyber-Security', '<t>This is for discussions concerning Hacking and Cyber-Security.</t>', '', 7, '', '', '', 0, '', '', 'https://netforums.org/viewtopic.php?t=2', '', 7, '', 0, 1, 0, 13, 58, 'Re: R.I.P', 1692487084, 'brotheralameen', '', 48, 1, 1, 1, 0, 0, 7, 7, 1, 1, 0, 0, 0, 7, 1, 0, 5, 0, 0, 1, 0, 0),
(37, 0, 67, 94, '', 'Marketplace', '<t>This is for Marketplace to buy and sell. Please post in the appropriate forum boards whether you''re buying or selling goods and services.</t>', '', 7, '', '', '', 0, '', '', 'https://netforums.org/viewtopic.php?t=2', '', 7, '', 0, 0, 0, 0, 0, '', 0, '', '', 48, 1, 1, 1, 0, 0, 7, 7, 1, 1, 0, 0, 0, 7, 1, 0, 0, 0, 0, 0, 0, 0),
(38, 37, 68, 69, 'a:1:{i:37;a:2:{i:0;s:11:"Marketplace";i:1;i:0;}}', 'Scambaiting', '<t>This is for scambaiting discussions and exposing of scammers. Discussions about scams and scambaiting comes here.</t>', '', 7, '', '', '', 0, '', '', 'https://netforums.org/viewtopic.php?t=2', '', 7, '', 0, 1, 0, 54, 138, 'Re: [External Report] D4RKR4BB1T47 aka Skyler James Egert aka Pavel Kravchenko', 1693137657, 'margrog', 'AA0000', 48, 1, 1, 1, 0, 0, 7, 7, 1, 1, 0, 0, 0, 7, 1, 0, 7, 0, 0, 1, 0, 0),
(39, 37, 70, 77, 'a:1:{i:37;a:2:{i:0;s:11:"Marketplace";i:1;i:0;}}', 'Services', '<t>Have a service to offer? Post your Thread in one of the designated sections. This is a Sales only section, no Buyers / Requests. Please start post with [Sell]</t>', '', 7, '', '', '', 0, '', '', 'https://netforums.org/viewtopic.php?t=2', '', 7, '', 0, 1, 0, 0, 0, '', 0, '', '', 48, 1, 1, 1, 0, 0, 7, 7, 1, 1, 0, 0, 0, 7, 1, 0, 0, 0, 0, 0, 0, 0),
(40, 39, 71, 72, 'a:2:{i:37;a:2:{i:0;s:11:"Marketplace";i:1;i:0;}i:39;a:2:{i:0;s:8:"Services";i:1;i:1;}}', 'Hosting Services', '<t>Hosting services for sale. E.g. Dedicated servers, Bulletproof hosting (Non-DMCA)</t>', '', 7, '', '', '', 0, '', '', 'https://netforums.org/viewtopic.php?t=2', '', 7, '', 0, 1, 0, 0, 0, '', 0, '', '', 48, 1, 1, 1, 0, 0, 7, 7, 1, 1, 0, 0, 0, 7, 1, 0, 0, 0, 0, 0, 0, 0),
(41, 39, 73, 74, 'a:2:{i:37;a:2:{i:0;s:11:"Marketplace";i:1;i:0;}i:39;a:2:{i:0;s:8:"Services";i:1;i:1;}}', 'Programming Services', '<t>Offer Programming Services with [Sell]</t>', '', 7, '', '', '', 0, '', '', 'https://netforums.org/viewtopic.php?t=2', '', 7, '', 0, 1, 0, 0, 0, '', 0, '', '', 48, 1, 1, 1, 0, 0, 7, 7, 1, 1, 0, 0, 0, 7, 1, 0, 0, 0, 0, 0, 0, 0),
(42, 39, 75, 76, 'a:2:{i:37;a:2:{i:0;s:11:"Marketplace";i:1;i:0;}i:39;a:2:{i:0;s:8:"Services";i:1;i:1;}}', 'Graphic Services', '<t>Graphic Design services. E.g. Logo design, Thread designs, Photoshop services</t>', '', 7, '', '', '', 0, '', '', 'https://netforums.org/viewtopic.php?t=2', '', 7, '', 0, 1, 0, 0, 0, '', 0, '', '', 48, 1, 1, 1, 0, 0, 7, 7, 1, 1, 0, 0, 0, 7, 1, 0, 0, 0, 0, 0, 0, 0),
(44, 37, 78, 87, 'a:1:{i:37;a:2:{i:0;s:11:"Marketplace";i:1;i:0;}}', 'Sellers Place', '<t>This is the place where you can sell your products. Please begin a post with [Sell]</t>', '', 7, '', '', '', 0, '', '', 'https://netforums.org/viewtopic.php?t=2', '', 7, '', 0, 1, 0, 0, 0, '', 0, '', '', 48, 1, 1, 1, 0, 0, 7, 7, 1, 1, 0, 0, 0, 7, 1, 0, 0, 0, 0, 0, 0, 0),
(45, 44, 79, 80, 'a:2:{i:37;a:2:{i:0;s:11:"Marketplace";i:1;i:0;}i:44;a:2:{i:0;s:13:"Sellers Place";i:1;i:1;}}', 'Verified Leaks Market', '<t>All sales Threads in this section are verified by Staff</t>', '', 7, '', '', '', 0, '', '', 'https://netforums.org/viewtopic.php?t=2', '', 7, '', 0, 1, 1, 0, 0, '', 0, '', '', 48, 1, 1, 1, 0, 0, 7, 7, 1, 1, 0, 0, 0, 7, 1, 0, 0, 0, 0, 0, 0, 0),
(46, 44, 81, 82, 'a:2:{i:37;a:2:{i:0;s:11:"Marketplace";i:1;i:0;}i:44;a:2:{i:0;s:13:"Sellers Place";i:1;i:1;}}', 'Leaks Market', '<t>A place to sell databases and leaks.</t>', '', 7, '', '', '', 0, '', '', 'https://netforums.org/viewtopic.php?t=2', '', 7, '', 0, 1, 0, 0, 0, '', 0, '', '', 48, 1, 1, 1, 0, 0, 7, 7, 1, 1, 0, 0, 0, 7, 1, 0, 0, 0, 0, 0, 0, 0),
(47, 44, 83, 84, 'a:2:{i:37;a:2:{i:0;s:11:"Marketplace";i:1;i:0;}i:44;a:2:{i:0;s:13:"Sellers Place";i:1;i:1;}}', 'Leads Market', '<t>A place to sell leads data.</t>', '', 7, '', '', '', 0, '', '', 'https://netforums.org/viewtopic.php?t=2', '', 7, '', 0, 1, 0, 0, 0, '', 0, '', '', 48, 1, 1, 1, 0, 0, 7, 7, 1, 1, 0, 0, 0, 7, 1, 0, 0, 0, 0, 0, 0, 0),
(48, 44, 85, 86, 'a:2:{i:37;a:2:{i:0;s:11:"Marketplace";i:1;i:0;}i:44;a:2:{i:0;s:13:"Sellers Place";i:1;i:1;}}', 'Exams Market', '<t>A Marketplace for Exams</t>', '', 7, '', '', '', 0, '', '', 'https://netforums.org/viewtopic.php?t=2', '', 7, '', 0, 1, 0, 0, 0, '', 0, '', '', 48, 1, 1, 1, 0, 0, 7, 7, 1, 1, 0, 0, 0, 7, 1, 0, 0, 0, 0, 0, 0, 0),
(49, 37, 88, 89, 'a:1:{i:37;a:2:{i:0;s:11:"Marketplace";i:1;i:0;}}', 'Buyers Place', '<t>A forum for buyers to create threads asking for products they wish to buy. Moderators and middle-men will be involved in all transactions.</t>', '', 7, '', '', '', 0, '', '', 'https://netforums.org/viewtopic.php?t=2', '', 7, '', 0, 1, 0, 0, 0, '', 0, '', '', 48, 1, 1, 1, 0, 0, 7, 7, 1, 1, 0, 0, 0, 7, 1, 0, 0, 0, 0, 0, 0, 0),
(50, 37, 90, 93, 'a:1:{i:37;a:2:{i:0;s:11:"Marketplace";i:1;i:0;}}', 'Scam Reports', '<t>Report users of this forum for scamming.</t>', '', 7, '', '', '', 0, '', '', 'https://netforums.org/viewtopic.php?t=2', '', 7, '', 0, 1, 0, 0, 0, '', 0, '', '', 48, 1, 1, 1, 0, 0, 7, 7, 1, 1, 0, 0, 0, 7, 1, 0, 0, 0, 0, 0, 0, 0),
(51, 50, 91, 92, 'a:2:{i:37;a:2:{i:0;s:11:"Marketplace";i:1;i:0;}i:50;a:2:{i:0;s:12:"Scam Reports";i:1;i:1;}}', 'Archives', '<t>These are Scam Reports that have been rectified or have been forgiven but will have a record.</t>', '', 7, '', '', '', 0, '', '', 'https://netforums.org/viewtopic.php?t=2', '', 7, '', 0, 1, 1, 0, 0, '', 0, '', '', 48, 1, 1, 1, 0, 0, 7, 7, 1, 1, 0, 0, 0, 7, 1, 0, 0, 0, 0, 0, 0, 0);

-- --------------------------------------------------------

--
-- Table structure for table `phpbbtc_forums_access`
--

CREATE TABLE `phpbbtc_forums_access` (
  `forum_id` mediumint(8) unsigned NOT NULL DEFAULT 0,
  `user_id` int(10) unsigned NOT NULL DEFAULT 0,
  `session_id` char(32) NOT NULL DEFAULT '',
  PRIMARY KEY (`forum_id`,`user_id`,`session_id`)
) ENGINE=InnoDB DEFAULT CHARSET=utf8 COLLATE=utf8_bin;

-- --------------------------------------------------------

--
-- Table structure for table `phpbbtc_forums_track`
--

CREATE TABLE `phpbbtc_forums_track` (
  `user_id` int(10) unsigned NOT NULL DEFAULT 0,
  `forum_id` mediumint(8) unsigned NOT NULL DEFAULT 0,
  `mark_time` int(11) unsigned NOT NULL DEFAULT 0,
  PRIMARY KEY (`user_id`,`forum_id`)
) ENGINE=InnoDB DEFAULT CHARSET=utf8 COLLATE=utf8_bin;

--
-- Dumping data for table `phpbbtc_forums_track`
--

INSERT INTO `phpbbtc_forums_track` VALUES
(58, 2, 1693136703),
(58, 3, 1693132079),
(58, 4, 1693115670),
(58, 11, 1693115702),
(58, 17, 1692799871),
(58, 18, 1692764245),
(58, 19, 1692764125),
(58, 20, 1692799914),
(58, 32, 1692804083),
(58, 36, 1692487084),
(58, 38, 1692803720),
(59, 2, 1692992846),
(59, 3, 1693001552),
(59, 11, 1693412214),
(59, 17, 1692799170),
(59, 18, 1692799192),
(59, 19, 1692813498),
(59, 20, 1692992907),
(59, 23, 1693192170),
(59, 38, 1692804691),
(60, 2, 1692477837),
(60, 19, 1692680740),
(65, 2, 1692506947),
(65, 36, 1692506987),
(66, 2, 1692463798),
(66, 3, 1692463839),
(66, 18, 1692637906),
(66, 20, 1692800866),
(66, 32, 1692802297),
(66, 36, 1692492358),
(66, 38, 1692800828),
(69, 3, 1692477245),
(69, 18, 1692637504),
(76, 3, 1692461079),
(76, 36, 1692461029),
(79, 18, 1692637710),
(87, 4, 1692531749),
(109, 2, 1693165709),
(109, 11, 1693063750),
(113, 11, 1693060606),
(115, 3, 1692998647),
(118, 3, 1692998177),
(120, 3, 1692999584),
(121, 2, 1693192741),
(121, 3, 1693000903),
(121, 11, 1693193012),
(133, 4, 1693086162),
(136, 3, 1693122434),
(139, 3, 1693278851),
(139, 23, 1693192389),
(142, 3, 1693177749),
(150, 7, 1693275840),
(153, 3, 1693410089),
(154, 3, 1693304418),
(166, 3, 1693608511);

-- --------------------------------------------------------

--
-- Table structure for table `phpbbtc_forums_watch`
--

CREATE TABLE `phpbbtc_forums_watch` (
  `forum_id` mediumint(8) unsigned NOT NULL DEFAULT 0,
  `user_id` int(10) unsigned NOT NULL DEFAULT 0,
  `notify_status` tinyint(1) unsigned NOT NULL DEFAULT 0,
  KEY `forum_id` (`forum_id`),
  KEY `user_id` (`user_id`),
  KEY `notify_stat` (`notify_status`)
) ENGINE=InnoDB DEFAULT CHARSET=utf8 COLLATE=utf8_bin;

-- --------------------------------------------------------

--
-- Table structure for table `phpbbtc_groups`
--

CREATE TABLE `phpbbtc_groups` (
  `group_id` mediumint(8) unsigned NOT NULL AUTO_INCREMENT,
  `group_type` tinyint(4) NOT NULL DEFAULT 1,
  `group_founder_manage` tinyint(1) unsigned NOT NULL DEFAULT 0,
  `group_skip_auth` tinyint(1) unsigned NOT NULL DEFAULT 0,
  `group_name` varchar(255) NOT NULL DEFAULT '',
  `group_desc` text NOT NULL,
  `group_desc_bitfield` varchar(255) NOT NULL DEFAULT '',
  `group_desc_options` int(11) unsigned NOT NULL DEFAULT 7,
  `group_desc_uid` varchar(8) NOT NULL DEFAULT '',
  `group_display` tinyint(1) unsigned NOT NULL DEFAULT 0,
  `group_avatar` varchar(255) NOT NULL DEFAULT '',
  `group_avatar_type` varchar(255) NOT NULL DEFAULT '',
  `group_avatar_width` smallint(4) unsigned NOT NULL DEFAULT 0,
  `group_avatar_height` smallint(4) unsigned NOT NULL DEFAULT 0,
  `group_rank` mediumint(8) unsigned NOT NULL DEFAULT 0,
  `group_colour` varchar(6) NOT NULL DEFAULT '',
  `group_sig_chars` mediumint(8) unsigned NOT NULL DEFAULT 0,
  `group_receive_pm` tinyint(1) unsigned NOT NULL DEFAULT 0,
  `group_message_limit` mediumint(8) unsigned NOT NULL DEFAULT 0,
  `group_legend` mediumint(8) unsigned NOT NULL DEFAULT 0,
  `group_max_recipients` mediumint(8) unsigned NOT NULL DEFAULT 0,
  PRIMARY KEY (`group_id`),
  KEY `group_legend_name` (`group_legend`,`group_name`)
) ENGINE=InnoDB  DEFAULT CHARSET=utf8 COLLATE=utf8_bin;

--
-- Dumping data for table `phpbbtc_groups`
--

INSERT INTO `phpbbtc_groups` VALUES
(1, 3, 0, 0, 'GUESTS', '', '', 7, '', 0, '', '', 0, 0, 0, '', 0, 0, 0, 0, 5),
(2, 3, 0, 0, 'REGISTERED', '', '', 7, '', 0, '', '', 0, 0, 7, '', 0, 0, 0, 0, 5),
(3, 3, 0, 0, 'REGISTERED_COPPA', '', '', 7, '', 0, '', '', 0, 0, 0, '', 0, 0, 0, 0, 5),
(4, 3, 0, 0, 'GLOBAL_MODERATORS', '', '', 7, '', 0, '', '', 0, 0, 0, '00AA00', 0, 0, 0, 2, 0),
(5, 3, 1, 0, 'ADMINISTRATORS', '', '', 7, '', 0, '', '', 0, 0, 0, 'AA0000', 0, 0, 0, 1, 0),
(6, 3, 0, 0, 'BOTS', '', '', 7, '', 0, '', '', 0, 0, 0, '9E8DA7', 0, 0, 0, 0, 5),
(7, 3, 0, 0, 'NEWLY_REGISTERED', '', '', 7, '', 0, '', '', 0, 0, 7, '', 0, 0, 0, 0, 5),
(8, 1, 0, 0, 'Former Owners', '<t>This is for those members who used to be part of the forum but have now left the forum for specific reasons.</t>', '', 7, '', 0, '', '', 0, 0, 3, 'FF0000', 0, 0, 0, 3, 0),
(9, 0, 0, 0, 'Rich', '', '', 7, '', 0, '', '', 0, 0, 5, 'ffd700', 0, 1, 0, 4, 0),
(10, 0, 0, 0, 'Clique', '', '', 7, '', 0, '', '', 0, 0, 4, 'FF00FF', 0, 1, 5, 6, 30),
(11, 0, 0, 0, 'Council', '', '', 7, '', 0, '', '', 0, 0, 2, '00FFFF', 0, 1, 0, 5, 0),
(12, 0, 0, 0, 'VIP', '', '', 7, '', 0, '', '', 0, 0, 6, '8000FF', 0, 0, 0, 7, 0);

-- --------------------------------------------------------

--
-- Table structure for table `phpbbtc_icons`
--

CREATE TABLE `phpbbtc_icons` (
  `icons_id` mediumint(8) unsigned NOT NULL AUTO_INCREMENT,
  `icons_url` varchar(255) NOT NULL DEFAULT '',
  `icons_width` tinyint(4) NOT NULL DEFAULT 0,
  `icons_height` tinyint(4) NOT NULL DEFAULT 0,
  `icons_alt` varchar(255) NOT NULL DEFAULT '',
  `icons_order` mediumint(8) unsigned NOT NULL DEFAULT 0,
  `display_on_posting` tinyint(1) unsigned NOT NULL DEFAULT 1,
  PRIMARY KEY (`icons_id`),
  KEY `display_on_posting` (`display_on_posting`)
) ENGINE=InnoDB  DEFAULT CHARSET=utf8 COLLATE=utf8_bin;

--
-- Dumping data for table `phpbbtc_icons`
--

INSERT INTO `phpbbtc_icons` VALUES
(1, 'misc/fire.gif', 16, 16, '', 1, 1),
(2, 'smile/redface.gif', 16, 16, '', 9, 1),
(3, 'smile/mrgreen.gif', 16, 16, '', 10, 1),
(4, 'misc/heart.gif', 16, 16, '', 4, 1),
(5, 'misc/star.gif', 16, 16, '', 2, 1),
(6, 'misc/radioactive.gif', 16, 16, '', 3, 1),
(7, 'misc/thinking.gif', 16, 16, '', 5, 1),
(8, 'smile/info.gif', 16, 16, '', 8, 1),
(9, 'smile/question.gif', 16, 16, '', 6, 1),
(10, 'smile/alert.gif', 16, 16, '', 7, 1);

-- --------------------------------------------------------

--
-- Table structure for table `phpbbtc_lang`
--

CREATE TABLE `phpbbtc_lang` (
  `lang_id` tinyint(4) NOT NULL AUTO_INCREMENT,
  `lang_iso` varchar(30) NOT NULL DEFAULT '',
  `lang_dir` varchar(30) NOT NULL DEFAULT '',
  `lang_english_name` varchar(100) NOT NULL DEFAULT '',
  `lang_local_name` varchar(255) NOT NULL DEFAULT '',
  `lang_author` varchar(255) NOT NULL DEFAULT '',
  PRIMARY KEY (`lang_id`),
  KEY `lang_iso` (`lang_iso`)
) ENGINE=InnoDB  DEFAULT CHARSET=utf8 COLLATE=utf8_bin;

--
-- Dumping data for table `phpbbtc_lang`
--

INSERT INTO `phpbbtc_lang` VALUES
(1, 'en', 'en', 'British English', 'British English', 'phpBB Limited');

-- --------------------------------------------------------

--
-- Table structure for table `phpbbtc_log`
--

CREATE TABLE `phpbbtc_log` (
  `log_id` int(10) unsigned NOT NULL AUTO_INCREMENT,
  `log_type` tinyint(4) NOT NULL DEFAULT 0,
  `user_id` int(10) unsigned NOT NULL DEFAULT 0,
  `forum_id` mediumint(8) unsigned NOT NULL DEFAULT 0,
  `topic_id` int(10) unsigned NOT NULL DEFAULT 0,
  `post_id` int(10) unsigned NOT NULL DEFAULT 0,
  `reportee_id` int(10) unsigned NOT NULL DEFAULT 0,
  `log_ip` varchar(40) NOT NULL DEFAULT '',
  `log_time` int(11) unsigned NOT NULL DEFAULT 0,
  `log_operation` text NOT NULL,
  `log_data` mediumtext NOT NULL,
  PRIMARY KEY (`log_id`),
  KEY `log_type` (`log_type`),
  KEY `forum_id` (`forum_id`),
  KEY `topic_id` (`topic_id`),
  KEY `reportee_id` (`reportee_id`),
  KEY `user_id` (`user_id`),
  KEY `log_time` (`log_time`)
) ENGINE=InnoDB  DEFAULT CHARSET=utf8 COLLATE=utf8_bin;

--
-- Dumping data for table `phpbbtc_log`
--

INSERT INTO `phpbbtc_log` VALUES
(1, 0, 2, 0, 0, 0, 0, '185.213.154.174', 1692321690, 'LOG_ADMIN_AUTH_SUCCESS', ''),
(2, 0, 2, 0, 0, 0, 0, '185.213.154.174', 1692321707, 'LOG_STYLE_ADD', 'a:1:{i:0;s:24:"Prosilver (Dark Edition)";}'),
(3, 0, 2, 0, 0, 0, 0, '185.213.154.174', 1692322349, 'LOG_ACL_ADD_ADMIN_GLOBAL_A_', 'a:1:{i:0;s:14:"brotheralameen";}'),
(4, 0, 2, 0, 0, 0, 0, '185.213.154.174', 1692322674, 'LOG_ADMIN_AUTH_SUCCESS', ''),
(5, 0, 2, 0, 0, 0, 0, '185.213.154.174', 1692322699, 'LOG_ACL_ADD_MOD_GLOBAL_M_', 'a:1:{i:0;s:14:"brotheralameen";}'),
(6, 0, 58, 0, 0, 0, 0, '185.213.154.174', 1692323328, 'LOG_ADMIN_AUTH_SUCCESS', ''),
(7, 0, 2, 0, 0, 0, 0, '185.213.154.174', 1692323438, 'LOG_ADMIN_AUTH_SUCCESS', ''),
(8, 3, 2, 0, 0, 0, 58, '185.213.154.174', 1692323568, 'LOG_USER_NEW_PASSWORD', 'a:1:{i:0;s:14:"brotheralameen";}'),
(9, 0, 2, 0, 0, 0, 0, '185.213.154.174', 1692323568, 'LOG_USER_USER_UPDATE', 'a:1:{i:0;s:14:"brotheralameen";}'),
(10, 0, 58, 0, 0, 0, 0, '185.213.154.206', 1692326838, 'LOG_ADMIN_AUTH_SUCCESS', ''),
(11, 3, 58, 0, 0, 0, 59, '185.213.154.206', 1692326915, 'LOG_USER_UPDATE_EMAIL', 'a:3:{i:0;s:5:"trial";i:1;s:15:"t@netforums.org";i:2;s:19:"trial@netforums.org";}'),
(12, 0, 58, 0, 0, 0, 0, '185.213.154.206', 1692326915, 'LOG_USER_USER_UPDATE', 'a:1:{i:0;s:5:"trial";}'),
(13, 0, 58, 0, 0, 0, 0, '185.213.154.206', 1692326952, 'LOG_ACL_ADD_ADMIN_GLOBAL_A_', 'a:1:{i:0;s:5:"trial";}'),
(14, 0, 58, 0, 0, 0, 0, '185.213.154.206', 1692326985, 'LOG_ACL_ADD_MOD_GLOBAL_M_', 'a:1:{i:0;s:5:"trial";}'),
(15, 0, 58, 0, 0, 0, 0, '185.213.154.206', 1692327026, 'LOG_ACL_TRANSFER_PERMISSIONS', 'a:1:{i:0;s:5:"trial";}'),
(16, 0, 58, 0, 0, 0, 0, '185.213.154.206', 1692327115, 'LOG_ACL_RESTORE_PERMISSIONS', 'a:1:{i:0;s:5:"trial";}'),
(17, 0, 58, 0, 0, 0, 0, '185.213.154.206', 1692327318, 'LOG_USER_USER_UPDATE', 'a:1:{i:0;s:5:"trial";}'),
(18, 0, 58, 0, 0, 0, 0, '193.138.218.162', 1692368233, 'LOG_ADMIN_AUTH_SUCCESS', ''),
(19, 0, 58, 0, 0, 0, 0, '193.138.218.162', 1692368538, 'LOG_CONFIG_EMAIL', ''),
(20, 0, 58, 0, 0, 0, 0, '193.138.218.162', 1692369181, 'LOG_JAB_SETTINGS_CHANGED', ''),
(21, 0, 58, 0, 0, 0, 0, '193.138.218.162', 1692369226, 'LOG_JAB_SETTINGS_CHANGED', ''),
(22, 0, 58, 0, 0, 0, 0, '193.138.218.162', 1692369357, 'LOG_JAB_SETTINGS_CHANGED', ''),
(23, 0, 58, 0, 0, 0, 0, '193.138.218.162', 1692369409, 'LOG_JAB_SETTINGS_CHANGED', ''),
(24, 0, 58, 0, 0, 0, 0, '193.138.218.162', 1692369593, 'LOG_JAB_SETTINGS_CHANGED', ''),
(25, 0, 59, 0, 0, 0, 0, '146.70.128.249', 1692370102, 'LOG_ADMIN_AUTH_SUCCESS', ''),
(26, 0, 58, 0, 0, 0, 0, '193.138.218.162', 1692370404, 'LOG_FORUM_EDIT', 'a:1:{i:0;s:36:"Introduction &amp; Terms of Services";}'),
(27, 0, 58, 0, 0, 0, 0, '193.138.218.162', 1692370444, 'LOG_FORUM_SYNC', 'a:1:{i:0;s:36:"Introduction &amp; Terms of Services";}'),
(28, 0, 58, 0, 0, 0, 0, '193.138.218.162', 1692370905, 'LOG_FORUM_EDIT', 'a:1:{i:0;s:20:"Terms &amp; Services";}'),
(29, 0, 58, 0, 0, 0, 0, '193.138.218.162', 1692371004, 'LOG_FORUM_EDIT', 'a:1:{i:0;s:12:"Introduction";}'),
(30, 1, 58, 2, 1, 1, 0, '193.138.218.162', 1692371184, 'LOG_POST_EDITED', 'a:3:{i:0;s:25:"Introduction to NetForums";i:1;s:5:"admin";i:2;s:0:"";}'),
(31, 0, 58, 0, 0, 0, 0, '193.138.218.162', 1692371222, 'LOG_FORUM_EDIT', 'a:1:{i:0;s:12:"Introduction";}'),
(32, 1, 58, 2, 2, 2, 0, '193.138.218.162', 1692371483, 'LOG_POST_APPROVED', 'a:1:{i:0;s:15:"NetForums Rules";}'),
(33, 1, 58, 2, 1, 1, 0, '193.138.218.162', 1692371561, 'LOG_POST_APPROVED', 'a:1:{i:0;s:25:"Introduction to NetForums";}'),
(34, 1, 59, 2, 2, 2, 0, '146.70.128.249', 1692371600, 'LOG_POST_EDITED', 'a:3:{i:0;s:15:"NetForums Rules";i:1;s:14:"brotheralameen";i:2;s:0:"";}'),
(35, 1, 59, 2, 2, 2, 0, '146.70.128.249', 1692371628, 'LOG_POST_APPROVED', 'a:1:{i:0;s:15:"NetForums Rules";}'),
(36, 0, 58, 0, 0, 0, 0, '193.138.218.162', 1692371980, 'LOG_FORUM_ADD', 'a:1:{i:0;s:21:"Personal Introduction";}'),
(37, 0, 58, 0, 0, 0, 0, '193.138.218.162', 1692372126, 'LOG_ACL_ADD_FORUM_LOCAL_F_', 'a:2:{i:0;s:21:"Personal Introduction";i:1;s:39:"<span class="sep">Administrators</span>";}'),
(38, 0, 58, 0, 0, 0, 0, '193.138.218.162', 1692372196, 'LOG_ACL_ADD_FORUM_LOCAL_F_', 'a:2:{i:0;s:21:"Personal Introduction";i:1;s:47:"<span class="sep">Newly registered users</span>";}'),
(39, 0, 58, 0, 0, 0, 0, '193.138.218.162', 1692372241, 'LOG_ACL_ADD_FORUM_LOCAL_F_', 'a:2:{i:0;s:21:"Personal Introduction";i:1;s:41:"<span class="sep">Registered users</span>";}'),
(40, 0, 58, 0, 0, 0, 0, '193.138.218.162', 1692372306, 'LOG_ACL_ADD_FORUM_LOCAL_F_', 'a:2:{i:0;s:21:"Personal Introduction";i:1;s:42:"<span class="sep">Global moderators</span>";}'),
(41, 0, 58, 0, 0, 0, 0, '193.138.218.162', 1692372320, 'LOG_ACL_ADD_FORUM_LOCAL_F_', 'a:2:{i:0;s:21:"Personal Introduction";i:1;s:29:"<span class="sep">Bots</span>";}'),
(42, 0, 58, 0, 0, 0, 0, '193.138.218.162', 1692372342, 'LOG_ACL_ADD_FORUM_LOCAL_F_', 'a:2:{i:0;s:21:"Personal Introduction";i:1;s:31:"<span class="sep">Guests</span>";}'),
(43, 0, 58, 0, 0, 0, 0, '193.138.218.162', 1692372424, 'LOG_FORUM_EDIT', 'a:1:{i:0;s:36:"Introduction &amp; Terms of Services";}'),
(44, 0, 58, 0, 0, 0, 0, '185.213.154.175', 1692374405, 'LOG_ADMIN_AUTH_SUCCESS', ''),
(45, 0, 58, 0, 0, 0, 0, '185.213.154.175', 1692374443, 'LOG_FORUM_EDIT', 'a:1:{i:0;s:12:"Introduction";}'),
(46, 0, 58, 0, 0, 0, 0, '185.213.154.175', 1692374594, 'LOG_FORUM_EDIT', 'a:1:{i:0;s:12:"Introduction";}'),
(47, 0, 58, 0, 0, 0, 0, '2a03:1b20:1:f410::22e', 1692374912, 'LOG_ADMIN_AUTH_SUCCESS', ''),
(48, 0, 58, 0, 0, 0, 0, '2a03:1b20:1:f410::22e', 1692375802, 'LOG_FORUM_ADD', 'a:1:{i:0;s:10:"World News";}'),
(49, 0, 58, 0, 0, 0, 0, '2a03:1b20:1:f410::22e', 1692375802, 'LOG_FORUM_COPIED_PERMISSIONS', 'a:2:{i:0;s:36:"Introduction &amp; Terms of Services";i:1;s:10:"World News";}'),
(50, 0, 58, 0, 0, 0, 0, '141.98.255.152', 1692376010, 'LOG_ADMIN_AUTH_SUCCESS', ''),
(51, 0, 58, 0, 0, 0, 0, '141.98.255.152', 1692376246, 'LOG_ACL_ADD_ADMIN_GLOBAL_A_', 'a:1:{i:0;s:5:"atern";}'),
(52, 0, 58, 0, 0, 0, 0, '141.98.255.152', 1692376266, 'LOG_ACL_ADD_MOD_GLOBAL_M_', 'a:1:{i:0;s:5:"atern";}'),
(53, 0, 1, 0, 0, 0, 0, '104.129.56.186', 1692376348, 'LOG_ADMIN_AUTH_SUCCESS', ''),
(54, 0, 58, 0, 0, 0, 0, '2a03:1b20:1:f410::22e', 1692376523, 'LOG_ADMIN_AUTH_SUCCESS', ''),
(55, 0, 58, 0, 0, 0, 0, '2a03:1b20:1:f410::22e', 1692376554, 'LOG_FORUM_ADD', 'a:1:{i:0;s:10:"Technology";}'),
(56, 0, 58, 0, 0, 0, 0, '2a03:1b20:1:f410::22e', 1692376554, 'LOG_FORUM_COPIED_PERMISSIONS', 'a:2:{i:0;s:10:"World News";i:1;s:10:"Technology";}'),
(57, 0, 58, 0, 0, 0, 0, '2a03:1b20:1:f410::22e', 1692376822, 'LOG_FORUM_ADD', 'a:1:{i:0;s:10:"The Longue";}'),
(58, 0, 58, 0, 0, 0, 0, '2a03:1b20:1:f410::22e', 1692376822, 'LOG_FORUM_COPIED_PERMISSIONS', 'a:2:{i:0;s:36:"Introduction &amp; Terms of Services";i:1;s:10:"The Longue";}'),
(59, 0, 58, 0, 0, 0, 0, '141.98.255.152', 1692376921, 'LOG_ADMIN_AUTH_SUCCESS', ''),
(60, 0, 58, 0, 0, 0, 0, '141.98.255.152', 1692377001, 'LOG_FORUM_ADD', 'a:1:{i:0;s:17:"Random Discussion";}'),
(61, 0, 58, 0, 0, 0, 0, '141.98.255.152', 1692377001, 'LOG_FORUM_COPIED_PERMISSIONS', 'a:2:{i:0;s:10:"The Longue";i:1;s:17:"Random Discussion";}'),
(62, 0, 58, 0, 0, 0, 0, '141.98.255.152', 1692377037, 'LOG_FORUM_ADD', 'a:1:{i:0;s:12:"Achievements";}'),
(63, 0, 58, 0, 0, 0, 0, '141.98.255.152', 1692377037, 'LOG_FORUM_COPIED_PERMISSIONS', 'a:2:{i:0;s:10:"The Longue";i:1;s:12:"Achievements";}'),
(64, 0, 58, 0, 0, 0, 0, '141.98.255.152', 1692377073, 'LOG_FORUM_ADD', 'a:1:{i:0;s:18:"Serious Discussion";}'),
(65, 0, 58, 0, 0, 0, 0, '141.98.255.152', 1692377073, 'LOG_FORUM_COPIED_PERMISSIONS', 'a:2:{i:0;s:10:"The Longue";i:1;s:18:"Serious Discussion";}'),
(66, 0, 58, 0, 0, 0, 0, '141.98.255.152', 1692377365, 'LOG_FORUM_ADD', 'a:1:{i:0;s:17:"Anime &amp; Manga";}'),
(67, 0, 58, 0, 0, 0, 0, '141.98.255.152', 1692377365, 'LOG_FORUM_COPIED_PERMISSIONS', 'a:2:{i:0;s:36:"Introduction &amp; Terms of Services";i:1;s:17:"Anime &amp; Manga";}'),
(68, 0, 58, 0, 0, 0, 0, '141.98.255.152', 1692377414, 'LOG_FORUM_ADD', 'a:1:{i:0;s:24:"Giveaways &amp; Freebies";}'),
(69, 0, 58, 0, 0, 0, 0, '141.98.255.152', 1692377414, 'LOG_FORUM_COPIED_PERMISSIONS', 'a:2:{i:0;s:36:"Introduction &amp; Terms of Services";i:1;s:24:"Giveaways &amp; Freebies";}'),
(70, 0, 58, 0, 0, 0, 0, '141.98.255.152', 1692377833, 'LOG_FORUM_ADD', 'a:1:{i:0;s:24:"Giveaway Removed Content";}'),
(71, 0, 58, 0, 0, 0, 0, '141.98.255.152', 1692377833, 'LOG_FORUM_COPIED_PERMISSIONS', 'a:2:{i:0;s:24:"Giveaways &amp; Freebies";i:1;s:24:"Giveaway Removed Content";}'),
(72, 0, 58, 0, 0, 0, 0, '141.98.255.152', 1692377883, 'LOG_FORUM_ADD', 'a:1:{i:0;s:18:"Music &amp; Videos";}'),
(73, 0, 58, 0, 0, 0, 0, '141.98.255.152', 1692377883, 'LOG_FORUM_COPIED_PERMISSIONS', 'a:2:{i:0;s:36:"Introduction &amp; Terms of Services";i:1;s:18:"Music &amp; Videos";}'),
(74, 0, 58, 0, 0, 0, 0, '141.98.255.152', 1692377933, 'LOG_FORUM_ADD', 'a:1:{i:0;s:20:"Computer Programming";}'),
(75, 0, 58, 0, 0, 0, 0, '141.98.255.152', 1692377933, 'LOG_FORUM_COPIED_PERMISSIONS', 'a:2:{i:0;s:36:"Introduction &amp; Terms of Services";i:1;s:20:"Computer Programming";}'),
(76, 0, 58, 0, 0, 0, 0, '185.65.135.135', 1692379389, 'LOG_ADMIN_AUTH_SUCCESS', ''),
(77, 0, 58, 0, 0, 0, 0, '185.65.135.135', 1692379431, 'LOG_FORUM_EDIT', 'a:1:{i:0;s:36:"Introduction &amp; Forum Announcment";}'),
(78, 0, 58, 0, 0, 0, 0, '185.65.135.135', 1692379512, 'LOG_FORUM_ADD', 'a:1:{i:0;s:5:"Leaks";}'),
(79, 0, 58, 0, 0, 0, 0, '185.65.135.135', 1692379512, 'LOG_FORUM_COPIED_PERMISSIONS', 'a:2:{i:0;s:36:"Introduction &amp; Terms of Services";i:1;s:5:"Leaks";}'),
(80, 0, 58, 0, 0, 0, 0, '185.65.135.135', 1692379554, 'LOG_FORUM_ADD', 'a:1:{i:0;s:5:"Games";}'),
(81, 0, 58, 0, 0, 0, 0, '185.65.135.135', 1692379554, 'LOG_FORUM_COPIED_PERMISSIONS', 'a:2:{i:0;s:5:"Leaks";i:1;s:5:"Games";}'),
(82, 0, 58, 0, 0, 0, 0, '185.65.135.135', 1692379596, 'LOG_FORUM_ADD', 'a:1:{i:0;s:9:"Databases";}'),
(83, 0, 58, 0, 0, 0, 0, '185.65.135.135', 1692379596, 'LOG_FORUM_COPIED_PERMISSIONS', 'a:2:{i:0;s:5:"Leaks";i:1;s:9:"Databases";}'),
(84, 0, 58, 0, 0, 0, 0, '185.65.135.135', 1692379660, 'LOG_FORUM_ADD', 'a:1:{i:0;s:6:"Doxxes";}'),
(85, 0, 58, 0, 0, 0, 0, '185.65.135.135', 1692379660, 'LOG_FORUM_COPIED_PERMISSIONS', 'a:2:{i:0;s:5:"Leaks";i:1;s:6:"Doxxes";}'),
(86, 0, 58, 0, 0, 0, 0, '185.65.135.135', 1692379979, 'LOG_FORUM_ADD', 'a:1:{i:0;s:8:"Official";}'),
(87, 0, 58, 0, 0, 0, 0, '185.65.135.135', 1692379979, 'LOG_FORUM_COPIED_PERMISSIONS', 'a:2:{i:0;s:9:"Databases";i:1;s:8:"Official";}'),
(88, 0, 58, 0, 0, 0, 0, '185.65.135.135', 1692380097, 'LOG_FORUM_ADD', 'a:1:{i:0;s:25:"Databases Removed Content";}'),
(89, 0, 58, 0, 0, 0, 0, '185.65.135.135', 1692380097, 'LOG_FORUM_COPIED_PERMISSIONS', 'a:2:{i:0;s:9:"Databases";i:1;s:25:"Databases Removed Content";}'),
(90, 0, 58, 0, 0, 0, 0, '185.65.135.135', 1692380135, 'LOG_FORUM_EDIT', 'a:1:{i:0;s:8:"Official";}'),
(91, 0, 58, 0, 0, 0, 0, '185.65.135.135', 1692380418, 'LOG_FORUM_EDIT', 'a:1:{i:0;s:8:"Official";}'),
(92, 0, 58, 0, 0, 0, 0, '185.65.135.135', 1692380586, 'LOG_FORUM_EDIT', 'a:1:{i:0;s:10:"World News";}'),
(93, 0, 58, 0, 0, 0, 0, '185.65.135.135', 1692380586, 'LOG_FORUM_COPIED_PERMISSIONS', 'a:2:{i:0;s:21:"Personal Introduction";i:1;s:10:"World News";}'),
(94, 0, 58, 0, 0, 0, 0, '185.65.135.135', 1692380676, 'LOG_FORUM_EDIT', 'a:1:{i:0;s:21:"Personal Introduction";}'),
(95, 0, 58, 0, 0, 0, 0, '185.65.135.135', 1692380676, 'LOG_FORUM_COPIED_PERMISSIONS', 'a:2:{i:0;s:36:"Introduction &amp; Forum Announcment";i:1;s:21:"Personal Introduction";}'),
(96, 0, 58, 0, 0, 0, 0, '185.65.135.135', 1692380733, 'LOG_FORUM_EDIT', 'a:1:{i:0;s:10:"World News";}'),
(97, 0, 58, 0, 0, 0, 0, '185.65.135.135', 1692380733, 'LOG_FORUM_COPIED_PERMISSIONS', 'a:2:{i:0;s:36:"Introduction &amp; Forum Announcment";i:1;s:10:"World News";}'),
(98, 0, 58, 0, 0, 0, 0, '185.65.135.135', 1692380764, 'LOG_FORUM_EDIT', 'a:1:{i:0;s:10:"Technology";}'),
(99, 0, 58, 0, 0, 0, 0, '185.65.135.135', 1692380764, 'LOG_FORUM_COPIED_PERMISSIONS', 'a:2:{i:0;s:36:"Introduction &amp; Forum Announcment";i:1;s:10:"Technology";}'),
(100, 0, 58, 0, 0, 0, 0, '185.65.135.135', 1692380806, 'LOG_FORUM_EDIT', 'a:1:{i:0;s:10:"The Longue";}'),
(101, 0, 58, 0, 0, 0, 0, '185.65.135.135', 1692380806, 'LOG_FORUM_COPIED_PERMISSIONS', 'a:2:{i:0;s:36:"Introduction &amp; Forum Announcment";i:1;s:10:"The Longue";}'),
(102, 0, 58, 0, 0, 0, 0, '185.65.135.135', 1692380833, 'LOG_FORUM_EDIT', 'a:1:{i:0;s:17:"Random Discussion";}'),
(103, 0, 58, 0, 0, 0, 0, '185.65.135.135', 1692380833, 'LOG_FORUM_COPIED_PERMISSIONS', 'a:2:{i:0;s:36:"Introduction &amp; Forum Announcment";i:1;s:17:"Random Discussion";}'),
(104, 0, 58, 0, 0, 0, 0, '185.65.135.135', 1692380857, 'LOG_FORUM_EDIT', 'a:1:{i:0;s:12:"Achievements";}'),
(105, 0, 58, 0, 0, 0, 0, '185.65.135.135', 1692380857, 'LOG_FORUM_COPIED_PERMISSIONS', 'a:2:{i:0;s:36:"Introduction &amp; Forum Announcment";i:1;s:12:"Achievements";}'),
(106, 0, 58, 0, 0, 0, 0, '185.65.135.135', 1692380875, 'LOG_FORUM_EDIT', 'a:1:{i:0;s:18:"Serious Discussion";}'),
(107, 0, 58, 0, 0, 0, 0, '185.65.135.135', 1692380875, 'LOG_FORUM_COPIED_PERMISSIONS', 'a:2:{i:0;s:36:"Introduction &amp; Forum Announcment";i:1;s:18:"Serious Discussion";}'),
(108, 0, 58, 0, 0, 0, 0, '185.65.135.135', 1692381008, 'LOG_FORUM_EDIT', 'a:1:{i:0;s:17:"Anime &amp; Manga";}'),
(109, 0, 58, 0, 0, 0, 0, '185.65.135.135', 1692381008, 'LOG_FORUM_COPIED_PERMISSIONS', 'a:2:{i:0;s:36:"Introduction &amp; Forum Announcment";i:1;s:17:"Anime &amp; Manga";}'),
(110, 0, 58, 0, 0, 0, 0, '185.65.135.135', 1692381063, 'LOG_FORUM_EDIT', 'a:1:{i:0;s:24:"Giveaways &amp; Freebies";}'),
(111, 0, 58, 0, 0, 0, 0, '185.65.135.135', 1692381063, 'LOG_FORUM_COPIED_PERMISSIONS', 'a:2:{i:0;s:36:"Introduction &amp; Forum Announcment";i:1;s:24:"Giveaways &amp; Freebies";}'),
(112, 0, 58, 0, 0, 0, 0, '185.65.135.135', 1692381104, 'LOG_FORUM_EDIT', 'a:1:{i:0;s:24:"Giveaway Removed Content";}'),
(113, 0, 58, 0, 0, 0, 0, '185.65.135.135', 1692381104, 'LOG_FORUM_COPIED_PERMISSIONS', 'a:2:{i:0;s:36:"Introduction &amp; Forum Announcment";i:1;s:24:"Giveaway Removed Content";}'),
(114, 0, 58, 0, 0, 0, 0, '185.65.135.135', 1692381147, 'LOG_FORUM_EDIT', 'a:1:{i:0;s:18:"Music &amp; Videos";}'),
(115, 0, 58, 0, 0, 0, 0, '185.65.135.135', 1692381147, 'LOG_FORUM_COPIED_PERMISSIONS', 'a:2:{i:0;s:36:"Introduction &amp; Forum Announcment";i:1;s:18:"Music &amp; Videos";}'),
(116, 0, 58, 0, 0, 0, 0, '185.65.135.135', 1692381167, 'LOG_FORUM_EDIT', 'a:1:{i:0;s:20:"Computer Programming";}'),
(117, 0, 58, 0, 0, 0, 0, '185.65.135.135', 1692381167, 'LOG_FORUM_COPIED_PERMISSIONS', 'a:2:{i:0;s:36:"Introduction &amp; Forum Announcment";i:1;s:20:"Computer Programming";}'),
(118, 0, 58, 0, 0, 0, 0, '185.65.135.135', 1692381211, 'LOG_FORUM_EDIT', 'a:1:{i:0;s:5:"Games";}'),
(119, 0, 58, 0, 0, 0, 0, '185.65.135.135', 1692381211, 'LOG_FORUM_COPIED_PERMISSIONS', 'a:2:{i:0;s:36:"Introduction &amp; Forum Announcment";i:1;s:5:"Games";}'),
(120, 0, 58, 0, 0, 0, 0, '185.65.135.135', 1692381253, 'LOG_FORUM_EDIT', 'a:1:{i:0;s:9:"Databases";}'),
(121, 0, 58, 0, 0, 0, 0, '185.65.135.135', 1692381253, 'LOG_FORUM_COPIED_PERMISSIONS', 'a:2:{i:0;s:36:"Introduction &amp; Forum Announcment";i:1;s:9:"Databases";}'),
(122, 0, 58, 0, 0, 0, 0, '185.65.135.135', 1692381281, 'LOG_FORUM_EDIT', 'a:1:{i:0;s:8:"Official";}'),
(123, 0, 58, 0, 0, 0, 0, '185.65.135.135', 1692381281, 'LOG_FORUM_COPIED_PERMISSIONS', 'a:2:{i:0;s:36:"Introduction &amp; Forum Announcment";i:1;s:8:"Official";}'),
(124, 0, 58, 0, 0, 0, 0, '185.65.135.135', 1692381304, 'LOG_FORUM_EDIT', 'a:1:{i:0;s:25:"Databases Removed Content";}'),
(125, 0, 58, 0, 0, 0, 0, '185.65.135.135', 1692381304, 'LOG_FORUM_COPIED_PERMISSIONS', 'a:2:{i:0;s:36:"Introduction &amp; Forum Announcment";i:1;s:25:"Databases Removed Content";}'),
(126, 0, 58, 0, 0, 0, 0, '185.65.135.135', 1692381355, 'LOG_FORUM_EDIT', 'a:1:{i:0;s:6:"Doxxes";}'),
(127, 0, 58, 0, 0, 0, 0, '185.65.135.135', 1692381355, 'LOG_FORUM_COPIED_PERMISSIONS', 'a:2:{i:0;s:36:"Introduction &amp; Forum Announcment";i:1;s:6:"Doxxes";}'),
(128, 0, 58, 0, 0, 0, 0, '185.65.135.135', 1692381409, 'LOG_FORUM_EDIT', 'a:1:{i:0;s:6:"Doxxes";}'),
(129, 0, 58, 0, 0, 0, 0, '185.65.135.135', 1692381506, 'LOG_FORUM_ADD', 'a:1:{i:0;s:12:"Stealer Logs";}'),
(130, 0, 58, 0, 0, 0, 0, '185.65.135.135', 1692381506, 'LOG_FORUM_COPIED_PERMISSIONS', 'a:2:{i:0;s:36:"Introduction &amp; Forum Announcment";i:1;s:12:"Stealer Logs";}'),
(131, 0, 58, 0, 0, 0, 0, '185.65.135.135', 1692381648, 'LOG_FORUM_ADD', 'a:1:{i:0;s:28:"Stealer Logs Removed Content";}'),
(132, 0, 58, 0, 0, 0, 0, '185.65.135.135', 1692381648, 'LOG_FORUM_COPIED_PERMISSIONS', 'a:2:{i:0;s:36:"Introduction &amp; Forum Announcment";i:1;s:28:"Stealer Logs Removed Content";}'),
(133, 0, 58, 0, 0, 0, 0, '185.65.135.135', 1692381674, 'LOG_FORUM_EDIT', 'a:1:{i:0;s:28:"Stealer Logs Removed Content";}'),
(134, 0, 58, 0, 0, 0, 0, '185.65.135.135', 1692382058, 'LOG_FORUM_ADD', 'a:1:{i:0;s:11:"Other Leaks";}'),
(135, 0, 58, 0, 0, 0, 0, '185.65.135.135', 1692382058, 'LOG_FORUM_COPIED_PERMISSIONS', 'a:2:{i:0;s:36:"Introduction &amp; Forum Announcment";i:1;s:11:"Other Leaks";}'),
(136, 0, 58, 0, 0, 0, 0, '185.65.135.135', 1692382231, 'LOG_FORUM_ADD', 'a:1:{i:0;s:27:"Other Leaks Removed Content";}'),
(137, 0, 58, 0, 0, 0, 0, '185.65.135.135', 1692382231, 'LOG_FORUM_COPIED_PERMISSIONS', 'a:2:{i:0;s:36:"Introduction &amp; Forum Announcment";i:1;s:27:"Other Leaks Removed Content";}'),
(138, 0, 58, 0, 0, 0, 0, '185.65.135.135', 1692382359, 'LOG_FORUM_EDIT', 'a:1:{i:0;s:27:"Other Leaks Removed Content";}'),
(139, 1, 58, 3, 0, 0, 0, '185.65.135.135', 1692382451, 'LOG_TOPIC_DISAPPROVED', 'a:3:{i:0;s:3:"Hey";i:1;s:110:"The reported message is off topic.\n\nYour message is too short and please post on personal introduction section";i:2;s:7:"bitcoin";}'),
(140, 0, 58, 0, 0, 0, 0, '185.65.135.135', 1692382826, 'LOG_FORUM_ADD', 'a:1:{i:0;s:19:"Database Discussion";}'),
(141, 0, 58, 0, 0, 0, 0, '185.65.135.135', 1692382826, 'LOG_FORUM_COPIED_PERMISSIONS', 'a:2:{i:0;s:36:"Introduction &amp; Forum Announcment";i:1;s:19:"Database Discussion";}'),
(142, 0, 58, 0, 0, 0, 0, '185.65.135.135', 1692382870, 'LOG_FORUM_ADD', 'a:1:{i:0;s:35:"Database Discussion Removed Content";}'),
(143, 0, 58, 0, 0, 0, 0, '185.65.135.135', 1692382870, 'LOG_FORUM_COPIED_PERMISSIONS', 'a:2:{i:0;s:36:"Introduction &amp; Forum Announcment";i:1;s:35:"Database Discussion Removed Content";}'),
(144, 0, 58, 0, 0, 0, 0, '185.65.135.135', 1692382901, 'LOG_FORUM_EDIT', 'a:1:{i:0;s:35:"Database Discussion Removed Content";}'),
(145, 0, 58, 0, 0, 0, 0, '185.65.135.135', 1692384804, 'LOG_FORUM_ADD', 'a:1:{i:0;s:16:"Cracked Accounts";}'),
(146, 0, 58, 0, 0, 0, 0, '185.65.135.135', 1692384804, 'LOG_FORUM_COPIED_PERMISSIONS', 'a:2:{i:0;s:36:"Introduction &amp; Forum Announcment";i:1;s:16:"Cracked Accounts";}'),
(147, 0, 58, 0, 0, 0, 0, '185.65.135.135', 1692384952, 'LOG_FORUM_ADD', 'a:1:{i:0;s:10:"Combolists";}'),
(148, 0, 58, 0, 0, 0, 0, '185.65.135.135', 1692384952, 'LOG_FORUM_COPIED_PERMISSIONS', 'a:2:{i:0;s:36:"Introduction &amp; Forum Announcment";i:1;s:10:"Combolists";}'),
(149, 0, 58, 0, 0, 0, 0, '185.65.135.135', 1692385031, 'LOG_FORUM_ADD', 'a:1:{i:0;s:26:"Combolists Removed Content";}'),
(150, 0, 58, 0, 0, 0, 0, '185.65.135.135', 1692385031, 'LOG_FORUM_COPIED_PERMISSIONS', 'a:2:{i:0;s:36:"Introduction &amp; Forum Announcment";i:1;s:26:"Combolists Removed Content";}'),
(151, 0, 58, 0, 0, 0, 0, '185.65.135.135', 1692385266, 'LOG_FORUM_ADD', 'a:1:{i:0;s:4:"CTFs";}'),
(152, 0, 58, 0, 0, 0, 0, '185.65.135.135', 1692385266, 'LOG_FORUM_COPIED_PERMISSIONS', 'a:2:{i:0;s:36:"Introduction &amp; Forum Announcment";i:1;s:4:"CTFs";}'),
(153, 0, 58, 0, 0, 0, 0, '185.65.135.135', 1692385336, 'LOG_FORUM_ADD', 'a:1:{i:0;s:10:"HackTheBox";}'),
(154, 0, 58, 0, 0, 0, 0, '185.65.135.135', 1692385336, 'LOG_FORUM_COPIED_PERMISSIONS', 'a:2:{i:0;s:36:"Introduction &amp; Forum Announcment";i:1;s:10:"HackTheBox";}'),
(155, 0, 58, 0, 0, 0, 0, '185.65.135.135', 1692385422, 'LOG_FORUM_ADD', 'a:1:{i:0;s:9:"TryHackMe";}'),
(156, 0, 58, 0, 0, 0, 0, '185.65.135.135', 1692385422, 'LOG_FORUM_COPIED_PERMISSIONS', 'a:2:{i:0;s:36:"Introduction &amp; Forum Announcment";i:1;s:9:"TryHackMe";}'),
(157, 0, 58, 0, 0, 0, 0, '185.65.135.135', 1692385469, 'LOG_FORUM_ADD', 'a:1:{i:0;s:17:"BurpSuite Academy";}'),
(158, 0, 58, 0, 0, 0, 0, '185.65.135.135', 1692385469, 'LOG_FORUM_COPIED_PERMISSIONS', 'a:2:{i:0;s:36:"Introduction &amp; Forum Announcment";i:1;s:17:"BurpSuite Academy";}'),
(159, 0, 58, 0, 0, 0, 0, '185.65.135.135', 1692385591, 'LOG_FORUM_EDIT', 'a:1:{i:0;s:11:"PortSwigger";}'),
(160, 0, 58, 0, 0, 0, 0, '185.65.135.135', 1692385655, 'LOG_FORUM_ADD', 'a:1:{i:0;s:17:"Not Safe For Work";}'),
(161, 0, 58, 0, 0, 0, 0, '185.65.135.135', 1692385655, 'LOG_FORUM_COPIED_PERMISSIONS', 'a:2:{i:0;s:36:"Introduction &amp; Forum Announcment";i:1;s:17:"Not Safe For Work";}'),
(162, 0, 58, 0, 0, 0, 0, '185.65.135.135', 1692385708, 'LOG_FORUM_ADD', 'a:1:{i:0;s:20:"NSFW Removed Content";}'),
(163, 0, 58, 0, 0, 0, 0, '185.65.135.135', 1692385708, 'LOG_FORUM_COPIED_PERMISSIONS', 'a:2:{i:0;s:36:"Introduction &amp; Forum Announcment";i:1;s:20:"NSFW Removed Content";}'),
(164, 0, 58, 0, 0, 0, 0, '185.65.135.135', 1692385838, 'LOG_FORUM_ADD', 'a:1:{i:0;s:26:"Hacking and Cyber-Security";}'),
(165, 0, 58, 0, 0, 0, 0, '185.65.135.135', 1692385838, 'LOG_FORUM_COPIED_PERMISSIONS', 'a:2:{i:0;s:36:"Introduction &amp; Forum Announcment";i:1;s:26:"Hacking and Cyber-Security";}'),
(166, 0, 58, 0, 0, 0, 0, '185.65.135.135', 1692385935, 'LOG_FORUM_ADD', 'a:1:{i:0;s:11:"Marketplace";}'),
(167, 0, 58, 0, 0, 0, 0, '185.65.135.135', 1692385935, 'LOG_FORUM_COPIED_PERMISSIONS', 'a:2:{i:0;s:36:"Introduction &amp; Forum Announcment";i:1;s:11:"Marketplace";}'),
(168, 0, 58, 0, 0, 0, 0, '185.65.135.135', 1692385982, 'LOG_FORUM_EDIT', 'a:1:{i:0;s:11:"Marketplace";}'),
(169, 0, 58, 0, 0, 0, 0, '185.65.135.135', 1692385982, 'LOG_FORUM_COPIED_PERMISSIONS', 'a:2:{i:0;s:36:"Introduction &amp; Terms of Services";i:1;s:11:"Marketplace";}'),
(170, 0, 58, 0, 0, 0, 0, '185.65.135.135', 1692386054, 'LOG_FORUM_ADD', 'a:1:{i:0;s:11:"Scambaiting";}'),
(171, 0, 58, 0, 0, 0, 0, '185.65.135.135', 1692386054, 'LOG_FORUM_COPIED_PERMISSIONS', 'a:2:{i:0;s:36:"Introduction &amp; Forum Announcment";i:1;s:11:"Scambaiting";}'),
(172, 0, 58, 0, 0, 0, 0, '185.65.135.135', 1692386139, 'LOG_FORUM_ADD', 'a:1:{i:0;s:8:"Services";}'),
(173, 0, 58, 0, 0, 0, 0, '185.65.135.135', 1692386139, 'LOG_FORUM_COPIED_PERMISSIONS', 'a:2:{i:0;s:36:"Introduction &amp; Forum Announcment";i:1;s:8:"Services";}'),
(174, 0, 58, 0, 0, 0, 0, '185.65.135.135', 1692386244, 'LOG_FORUM_ADD', 'a:1:{i:0;s:16:"Hosting Services";}'),
(175, 0, 58, 0, 0, 0, 0, '185.65.135.135', 1692386244, 'LOG_FORUM_COPIED_PERMISSIONS', 'a:2:{i:0;s:36:"Introduction &amp; Forum Announcment";i:1;s:16:"Hosting Services";}'),
(176, 0, 58, 0, 0, 0, 0, '185.65.135.135', 1692386298, 'LOG_FORUM_ADD', 'a:1:{i:0;s:20:"Programming Services";}'),
(177, 0, 58, 0, 0, 0, 0, '185.65.135.135', 1692386298, 'LOG_FORUM_COPIED_PERMISSIONS', 'a:2:{i:0;s:8:"Services";i:1;s:20:"Programming Services";}'),
(178, 0, 58, 0, 0, 0, 0, '185.65.135.135', 1692386343, 'LOG_FORUM_ADD', 'a:1:{i:0;s:16:"Graphic Services";}'),
(179, 0, 58, 0, 0, 0, 0, '185.65.135.135', 1692386343, 'LOG_FORUM_COPIED_PERMISSIONS', 'a:2:{i:0;s:36:"Introduction &amp; Forum Announcment";i:1;s:16:"Graphic Services";}'),
(180, 0, 58, 0, 0, 0, 0, '185.65.135.135', 1692386432, 'LOG_FORUM_ADD', 'a:1:{i:0;s:13:"Sellers Place";}'),
(181, 0, 58, 0, 0, 0, 0, '185.65.135.135', 1692386432, 'LOG_FORUM_COPIED_PERMISSIONS', 'a:2:{i:0;s:11:"Marketplace";i:1;s:13:"Sellers Place";}'),
(182, 0, 58, 0, 0, 0, 0, '185.65.135.135', 1692386510, 'LOG_FORUM_ADD', 'a:1:{i:0;s:13:"Sellers Place";}'),
(183, 0, 58, 0, 0, 0, 0, '185.65.135.135', 1692386510, 'LOG_FORUM_COPIED_PERMISSIONS', 'a:2:{i:0;s:36:"Introduction &amp; Forum Announcment";i:1;s:13:"Sellers Place";}'),
(184, 0, 58, 0, 0, 0, 0, '185.65.135.135', 1692386557, 'LOG_FORUM_DEL_POSTS', 'a:1:{i:0;s:13:"Sellers Place";}'),
(185, 0, 58, 0, 0, 0, 0, '185.65.135.135', 1692386689, 'LOG_FORUM_ADD', 'a:1:{i:0;s:21:"Verified Leaks Market";}'),
(186, 0, 58, 0, 0, 0, 0, '185.65.135.135', 1692386689, 'LOG_FORUM_COPIED_PERMISSIONS', 'a:2:{i:0;s:36:"Introduction &amp; Forum Announcment";i:1;s:21:"Verified Leaks Market";}'),
(187, 0, 58, 0, 0, 0, 0, '185.65.135.135', 1692386752, 'LOG_FORUM_ADD', 'a:1:{i:0;s:12:"Leaks Market";}'),
(188, 0, 58, 0, 0, 0, 0, '185.65.135.135', 1692386752, 'LOG_FORUM_COPIED_PERMISSIONS', 'a:2:{i:0;s:36:"Introduction &amp; Forum Announcment";i:1;s:12:"Leaks Market";}'),
(189, 0, 58, 0, 0, 0, 0, '185.65.135.135', 1692386811, 'LOG_FORUM_ADD', 'a:1:{i:0;s:12:"Leads Market";}'),
(190, 0, 58, 0, 0, 0, 0, '185.65.135.135', 1692386811, 'LOG_FORUM_COPIED_PERMISSIONS', 'a:2:{i:0;s:36:"Introduction &amp; Forum Announcment";i:1;s:12:"Leads Market";}'),
(191, 0, 58, 0, 0, 0, 0, '185.65.135.135', 1692386866, 'LOG_FORUM_ADD', 'a:1:{i:0;s:12:"Exams Market";}'),
(192, 0, 58, 0, 0, 0, 0, '185.65.135.135', 1692386866, 'LOG_FORUM_COPIED_PERMISSIONS', 'a:2:{i:0;s:36:"Introduction &amp; Forum Announcment";i:1;s:12:"Exams Market";}'),
(193, 0, 58, 0, 0, 0, 0, '185.65.135.135', 1692386920, 'LOG_FORUM_ADD', 'a:1:{i:0;s:12:"Buyers Place";}'),
(194, 0, 58, 0, 0, 0, 0, '185.65.135.135', 1692386920, 'LOG_FORUM_COPIED_PERMISSIONS', 'a:2:{i:0;s:36:"Introduction &amp; Forum Announcment";i:1;s:12:"Buyers Place";}'),
(195, 0, 1, 0, 0, 0, 0, '104.129.56.190', 1692386928, 'LOG_ADMIN_AUTH_SUCCESS', ''),
(196, 0, 58, 0, 0, 0, 0, '185.65.135.135', 1692386984, 'LOG_FORUM_ADD', 'a:1:{i:0;s:12:"Scam Reports";}'),
(197, 0, 58, 0, 0, 0, 0, '185.65.135.135', 1692386984, 'LOG_FORUM_COPIED_PERMISSIONS', 'a:2:{i:0;s:36:"Introduction &amp; Forum Announcment";i:1;s:12:"Scam Reports";}'),
(198, 0, 58, 0, 0, 0, 0, '185.65.135.135', 1692387074, 'LOG_FORUM_ADD', 'a:1:{i:0;s:8:"Archives";}'),
(199, 0, 58, 0, 0, 0, 0, '185.65.135.135', 1692387074, 'LOG_FORUM_COPIED_PERMISSIONS', 'a:2:{i:0;s:36:"Introduction &amp; Forum Announcment";i:1;s:8:"Archives";}'),
(200, 0, 58, 0, 0, 0, 0, '185.65.135.135', 1692387112, 'LOG_FORUM_EDIT', 'a:1:{i:0;s:8:"Archives";}'),
(201, 0, 58, 0, 0, 0, 0, '185.213.154.146', 1692393510, 'LOG_ADMIN_AUTH_SUCCESS', ''),
(202, 0, 58, 0, 0, 0, 0, '185.213.154.146', 1692393526, 'LOG_STYLE_ADD', 'a:1:{i:0;s:7:"Milk v2";}'),
(203, 0, 58, 0, 0, 0, 0, '185.213.154.146', 1692393553, 'LOG_MODULE_ADD', 'a:1:{i:0;s:24:"ACP_STYLE_SETTINGS_TITLE";}'),
(204, 0, 58, 0, 0, 0, 0, '185.213.154.146', 1692393553, 'LOG_MODULE_ADD', 'a:1:{i:0;s:27:"ACP_STYLE_SETTINGS_SETTINGS";}'),
(205, 0, 58, 0, 0, 0, 0, '185.213.154.146', 1692393553, 'LOG_EXT_ENABLE', 'a:1:{i:0;s:23:"planetstyles/flightdeck";}'),
(206, 0, 58, 0, 0, 0, 0, '185.213.154.146', 1692394038, 'LOG_EXT_DISABLE', 'a:1:{i:0;s:23:"planetstyles/flightdeck";}'),
(207, 0, 58, 0, 0, 0, 0, '185.213.154.146', 1692394129, 'LOG_EXT_ENABLE', 'a:1:{i:0;s:23:"planetstyles/flightdeck";}'),
(208, 0, 58, 0, 0, 0, 0, '185.213.154.146', 1692395322, 'LOG_MODULE_ADD', 'a:1:{i:0;s:7:"ACP_TFA";}'),
(209, 0, 58, 0, 0, 0, 0, '185.213.154.146', 1692395322, 'LOG_MODULE_ADD', 'a:1:{i:0;s:14:"ACP_TFA_MANAGE";}'),
(210, 0, 58, 0, 0, 0, 0, '185.213.154.146', 1692395322, 'LOG_MODULE_ADD', 'a:1:{i:0;s:7:"UCP_TFA";}'),
(211, 0, 58, 0, 0, 0, 0, '185.213.154.146', 1692395322, 'LOG_MODULE_ADD', 'a:1:{i:0;s:14:"UCP_TFA_MANAGE";}'),
(212, 0, 58, 0, 0, 0, 0, '185.213.154.146', 1692395322, 'LOG_EXT_ENABLE', 'a:1:{i:0;s:11:"paul999/tfa";}'),
(213, 0, 58, 0, 0, 0, 0, '185.213.154.146', 1692395373, 'LOG_TFA_CONFIG_MANAGE', ''),
(214, 0, 58, 0, 0, 0, 0, '185.213.154.146', 1692395530, 'LOG_ADMIN_AUTH_SUCCESS', ''),
(215, 0, 59, 0, 0, 0, 0, '146.70.128.249', 1692398186, 'LOG_ADMIN_AUTH_SUCCESS', ''),
(216, 0, 59, 0, 0, 0, 0, '146.70.128.249', 1692398926, 'LOG_FORUM_EDIT', 'a:1:{i:0;s:5:"Doxes";}'),
(217, 0, 59, 0, 0, 0, 0, '146.70.128.249', 1692398944, 'LOG_FORUM_DEL_POSTS', 'a:1:{i:0;s:17:"Anime &amp; Manga";}'),
(218, 0, 58, 0, 0, 0, 0, '185.213.154.146', 1692399259, 'LOG_USER_DELETED', 'a:1:{i:0;s:5:"atern";}'),
(219, 0, 58, 0, 0, 0, 0, '185.213.154.146', 1692399677, 'LOG_ACL_ADD_ADMIN_GLOBAL_A_', 'a:1:{i:0;s:5:"atern";}'),
(220, 0, 58, 0, 0, 0, 0, '185.213.154.146', 1692399700, 'LOG_ACL_ADD_MOD_GLOBAL_M_', 'a:1:{i:0;s:5:"atern";}'),
(221, 2, 60, 0, 0, 0, 0, '213.112.154.141', 1692400812, 'LOG_TFA_EXCEPTION', 'a:1:{i:0;s:17:"TFA_INCORRECT_KEY";}'),
(222, 0, 59, 0, 0, 0, 0, '146.70.128.249', 1692402494, 'LOG_FORUM_DEL_POSTS', 'a:1:{i:0;s:20:"NSFW Removed Content";}'),
(223, 0, 59, 0, 0, 0, 0, '146.70.128.249', 1692402501, 'LOG_FORUM_DEL_POSTS', 'a:1:{i:0;s:17:"Not Safe For Work";}'),
(224, 0, 58, 0, 0, 0, 0, '185.213.154.146', 1692405965, 'LOG_ACL_ADD_GROUP_LOCAL_F_', 'a:2:{i:0;s:60:"Games, Databases, Doxes, Official, Databases Removed Content";i:1;s:47:"<span class="sep">Newly registered users</span>";}'),
(225, 0, 58, 0, 0, 0, 0, '185.213.154.146', 1692405965, 'LOG_ACL_ADD_GROUP_LOCAL_F_', 'a:2:{i:0;s:105:"Stealer Logs, Stealer Logs Removed Content, Other Leaks, Other Leaks Removed Content, Database Discussion";i:1;s:47:"<span class="sep">Newly registered users</span>";}'),
(226, 0, 58, 0, 0, 0, 0, '185.213.154.146', 1692405965, 'LOG_ACL_ADD_GROUP_LOCAL_F_', 'a:2:{i:0;s:121:"Introduction &amp; Terms of Services, Introduction &amp; Forum Announcment, Personal Introduction, World News, Technology";i:1;s:47:"<span class="sep">Newly registered users</span>";}'),
(227, 0, 58, 0, 0, 0, 0, '185.213.154.146', 1692405965, 'LOG_ACL_ADD_GROUP_LOCAL_F_', 'a:2:{i:0;s:101:"Giveaway Removed Content, Music &amp; Videos, Computer Programming, Leaks, Hacking and Cyber-Security";i:1;s:47:"<span class="sep">Newly registered users</span>";}'),
(228, 0, 58, 0, 0, 0, 0, '185.213.154.146', 1692405965, 'LOG_ACL_ADD_GROUP_LOCAL_F_', 'a:2:{i:0;s:89:"The Longue, Random Discussion, Achievements, Serious Discussion, Giveaways &amp; Freebies";i:1;s:47:"<span class="sep">Newly registered users</span>";}'),
(229, 0, 58, 0, 0, 0, 0, '185.213.154.146', 1692405965, 'LOG_ACL_ADD_GROUP_LOCAL_F_', 'a:2:{i:0;s:22:"Scam Reports, Archives";i:1;s:47:"<span class="sep">Newly registered users</span>";}'),
(230, 0, 58, 0, 0, 0, 0, '185.213.154.146', 1692405965, 'LOG_ACL_ADD_GROUP_LOCAL_F_', 'a:2:{i:0;s:77:"Verified Leaks Market, Leaks Market, Leads Market, Exams Market, Buyers Place";i:1;s:47:"<span class="sep">Newly registered users</span>";}'),
(231, 0, 58, 0, 0, 0, 0, '185.213.154.146', 1692405965, 'LOG_ACL_ADD_GROUP_LOCAL_F_', 'a:2:{i:0;s:99:"Database Discussion Removed Content, Cracked Accounts, Combolists, Combolists Removed Content, CTFs";i:1;s:47:"<span class="sep">Newly registered users</span>";}'),
(232, 0, 58, 0, 0, 0, 0, '185.213.154.146', 1692405965, 'LOG_ACL_ADD_GROUP_LOCAL_F_', 'a:2:{i:0;s:60:"HackTheBox, TryHackMe, PortSwigger, Marketplace, Scambaiting";i:1;s:47:"<span class="sep">Newly registered users</span>";}'),
(233, 0, 58, 0, 0, 0, 0, '185.213.154.146', 1692405965, 'LOG_ACL_ADD_GROUP_LOCAL_F_', 'a:2:{i:0;s:81:"Services, Hosting Services, Programming Services, Graphic Services, Sellers Place";i:1;s:47:"<span class="sep">Newly registered users</span>";}'),
(234, 1, 58, 3, 0, 0, 0, '185.213.154.146', 1692405978, 'LOG_TOPIC_DISAPPROVED', 'a:3:{i:0;s:4:"test";i:1;s:58:"The message contains links to illegal or pirated software.";i:2;s:14:"brotheralameen";}'),
(235, 1, 58, 3, 4, 0, 0, '185.213.154.146', 1692406136, 'LOG_DELETE_TOPIC', 'a:3:{i:0;s:4:"test";i:1;s:14:"brotheralameen";i:2;s:4:"test";}'),
(236, 0, 59, 0, 0, 0, 0, '146.70.128.217', 1692411698, 'LOG_ADMIN_AUTH_FAIL', ''),
(237, 0, 59, 0, 0, 0, 0, '146.70.128.217', 1692411746, 'LOG_ADMIN_AUTH_SUCCESS', ''),
(238, 2, 1, 0, 0, 0, 0, '185.177.124.225', 1692428001, 'LOG_TFA_EXCEPTION', 'a:1:{i:0;s:17:"TFA_INCORRECT_KEY";}'),
(239, 2, 1, 0, 0, 0, 0, '185.177.124.225', 1692428465, 'LOG_TFA_EXCEPTION', 'a:1:{i:0;s:17:"TFA_INCORRECT_KEY";}'),
(240, 2, 1, 0, 0, 0, 0, '185.177.124.225', 1692428484, 'LOG_TFA_EXCEPTION', 'a:1:{i:0;s:17:"TFA_INCORRECT_KEY";}'),
(241, 2, 1, 0, 0, 0, 0, '185.177.124.225', 1692428618, 'LOG_TFA_EXCEPTION', 'a:1:{i:0;s:17:"TFA_INCORRECT_KEY";}'),
(242, 0, 58, 0, 0, 0, 0, '185.213.154.175', 1692449245, 'LOG_ADMIN_AUTH_SUCCESS', ''),
(243, 0, 58, 0, 0, 0, 0, '185.213.154.175', 1692450219, 'LOG_USER_DELETED', 'a:1:{i:0;s:3:"mal";}'),
(244, 2, 1, 0, 0, 0, 0, '213.112.154.141', 1692458654, 'LOG_TFA_EXCEPTION', 'a:1:{i:0;s:17:"TFA_INCORRECT_KEY";}'),
(245, 2, 1, 0, 0, 0, 0, '213.112.154.141', 1692458661, 'LOG_TFA_EXCEPTION', 'a:1:{i:0;s:17:"TFA_INCORRECT_KEY";}'),
(246, 2, 1, 0, 0, 0, 0, '2003:c0:7f1f:1300:95d5:9e66:160c:24f2', 1692459147, 'LOG_TFA_EXCEPTION', 'a:1:{i:0;s:17:"TFA_INCORRECT_KEY";}'),
(247, 2, 76, 0, 0, 0, 0, '146.70.132.151', 1692460578, 'LOG_TFA_EXCEPTION', 'a:1:{i:0;s:17:"TFA_INCORRECT_KEY";}'),
(248, 0, 58, 0, 0, 0, 0, '185.213.154.165', 1692461117, 'LOG_ADMIN_AUTH_SUCCESS', ''),
(249, 0, 58, 0, 0, 0, 0, '185.213.154.165', 1692461151, 'LOG_ACL_ADD_MOD_GLOBAL_M_', 'a:1:{i:0;s:3:"mal";}'),
(250, 2, 1, 0, 0, 0, 0, '185.248.85.35', 1692463271, 'LOG_TFA_EXCEPTION', 'a:1:{i:0;s:17:"TFA_INCORRECT_KEY";}'),
(251, 0, 59, 0, 0, 0, 0, '146.70.128.254', 1692463671, 'LOG_ADMIN_AUTH_SUCCESS', ''),
(252, 0, 59, 0, 0, 0, 0, '146.70.128.254', 1692463826, 'LOG_TFA_CONFIG_MANAGE', ''),
(253, 0, 58, 0, 0, 0, 0, '185.213.154.165', 1692464074, 'LOG_CONFIG_REGISTRATION', ''),
(254, 2, 1, 0, 0, 0, 0, '31.171.153.71', 1692465041, 'LOG_TFA_EXCEPTION', 'a:1:{i:0;s:17:"TFA_INCORRECT_KEY";}'),
(255, 2, 1, 0, 0, 0, 0, '31.171.153.71', 1692465153, 'LOG_TFA_EXCEPTION', 'a:1:{i:0;s:17:"TFA_INCORRECT_KEY";}'),
(256, 2, 1, 0, 0, 0, 0, '31.171.153.71', 1692465159, 'LOG_TFA_EXCEPTION', 'a:1:{i:0;s:17:"TFA_INCORRECT_KEY";}'),
(257, 2, 1, 0, 0, 0, 0, '31.171.153.71', 1692465170, 'LOG_TFA_EXCEPTION', 'a:1:{i:0;s:17:"TFA_INCORRECT_KEY";}'),
(258, 0, 58, 0, 0, 0, 0, '66.29.132.216', 1692474819, 'LOG_ADMIN_AUTH_SUCCESS', ''),
(259, 0, 59, 0, 0, 0, 0, '66.29.132.216', 1692475154, 'LOG_ADMIN_AUTH_SUCCESS', ''),
(260, 3, 1, 0, 0, 0, 78, '146.70.128.254', 1692475570, 'LOG_USER_ACTIVE_USER', ''),
(261, 0, 59, 0, 0, 0, 0, '146.70.128.254', 1692475760, 'LOG_ADMIN_AUTH_SUCCESS', ''),
(262, 0, 59, 0, 0, 0, 0, '146.70.128.254', 1692476153, 'LOG_USER_REACTIVATE', 'a:1:{i:0;s:6:"racism";}'),
(265, 2, 1, 0, 0, 0, 0, '2003:c0:7f1f:1300:95d5:9e66:160c:24f2', 1692476428, 'LOG_TFA_EXCEPTION', 'a:1:{i:0;s:17:"TFA_INCORRECT_KEY";}'),
(266, 0, 59, 0, 0, 0, 0, '146.70.128.254', 1692476481, 'LOG_TFA_CONFIG_MANAGE', ''),
(267, 0, 59, 0, 0, 0, 0, '146.70.128.254', 1692476566, 'LOG_USER_DELETED', 'a:1:{i:0;s:6:"racism";}'),
(268, 3, 1, 0, 0, 0, 79, '2003:c0:7f1f:1300:504d:9364:e189:8981', 1692476679, 'LOG_USER_ACTIVE_USER', ''),
(269, 2, 1, 0, 0, 0, 0, '213.112.154.141', 1692477750, 'LOG_TFA_EXCEPTION', 'a:1:{i:0;s:17:"TFA_INCORRECT_KEY";}'),
(270, 2, 1, 0, 0, 0, 0, '213.112.154.141', 1692477763, 'LOG_TFA_EXCEPTION', 'a:1:{i:0;s:17:"TFA_INCORRECT_KEY";}'),
(271, 2, 1, 0, 0, 0, 0, '213.112.154.141', 1692477784, 'LOG_TFA_EXCEPTION', 'a:1:{i:0;s:17:"TFA_INCORRECT_KEY";}'),
(272, 3, 1, 0, 0, 0, 84, '2600:4040:aafb:2b00:a850:4630:7c4c:a9ac', 1692479619, 'LOG_USER_ACTIVE_USER', ''),
(273, 0, 58, 0, 0, 0, 0, '185.65.135.168', 1692481955, 'LOG_ADMIN_AUTH_SUCCESS', ''),
(274, 0, 58, 0, 0, 0, 0, '185.65.135.168', 1692482157, 'LOG_CONFIG_AVATAR', ''),
(275, 0, 59, 0, 0, 0, 0, '146.70.128.254', 1692482361, 'LOG_ACL_ADD_MOD_GLOBAL_M_', 'a:1:{i:0;s:6:"racism";}'),
(276, 0, 59, 0, 0, 0, 0, '146.70.128.254', 1692486660, 'LOG_USER_DELETED', 'a:1:{i:0;s:3:"cut";}'),
(277, 0, 59, 0, 0, 0, 0, '146.70.128.254', 1692486668, 'LOG_USER_DELETED', 'a:1:{i:0;s:3:"dog";}'),
(278, 0, 59, 0, 0, 0, 0, '146.70.128.254', 1692486679, 'LOG_USER_DELETED', 'a:1:{i:0;s:3:"lol";}'),
(279, 0, 59, 0, 0, 0, 0, '146.70.128.254', 1692486702, 'LOG_USER_DELETED', 'a:1:{i:0;s:3:"uuu";}'),
(280, 0, 59, 0, 0, 0, 0, '146.70.128.254', 1692486716, 'LOG_USER_DELETED', 'a:1:{i:0;s:3:"cat";}'),
(281, 0, 58, 0, 0, 0, 0, '185.65.135.168', 1692486935, 'LOG_USER_DELETED', 'a:1:{i:0;s:3:"ben";}'),
(282, 0, 58, 0, 0, 0, 0, '185.65.135.168', 1692486948, 'LOG_USER_DELETED', 'a:1:{i:0;s:12:"seriouslyuwu";}'),
(283, 0, 58, 0, 0, 0, 0, '185.65.135.168', 1692486959, 'LOG_USER_DELETED', 'a:1:{i:0;s:6:"faggot";}'),
(284, 0, 58, 0, 0, 0, 0, '185.65.135.168', 1692487022, 'LOG_USER_DELETED', 'a:1:{i:0;s:5:"freak";}'),
(285, 0, 58, 0, 0, 0, 0, '185.65.135.168', 1692487045, 'LOG_USER_DELETED', 'a:1:{i:0;s:6:"fentec";}'),
(286, 2, 1, 0, 0, 0, 0, '76.111.68.166', 1692492332, 'LOG_TFA_EXCEPTION', 'a:1:{i:0;s:19:"TFA_NO_KEY_PROVIDED";}'),
(287, 3, 1, 0, 0, 0, 86, '89.240.116.203', 1692497488, 'LOG_USER_ACTIVE_USER', ''),
(288, 0, 59, 0, 0, 0, 0, '45.134.213.217', 1692497492, 'LOG_ADMIN_AUTH_SUCCESS', ''),
(289, 3, 1, 0, 0, 0, 87, '37.19.199.151', 1692507791, 'LOG_USER_ACTIVE_USER', ''),
(290, 3, 1, 0, 0, 0, 88, '47.160.73.231', 1692512608, 'LOG_USER_ACTIVE_USER', ''),
(291, 0, 58, 0, 0, 0, 0, '185.65.135.177', 1692535674, 'LOG_ADMIN_AUTH_SUCCESS', ''),
(292, 0, 58, 0, 0, 0, 0, '185.65.135.177', 1692535726, 'LOG_ACL_ADD_MOD_GLOBAL_M_', 'a:1:{i:0;s:3:"eom";}'),
(293, 2, 1, 0, 0, 0, 0, '104.28.153.74', 1692546910, 'LOG_TFA_EXCEPTION', 'a:1:{i:0;s:17:"TFA_INCORRECT_KEY";}'),
(294, 0, 59, 0, 0, 0, 0, '104.28.153.74', 1692547133, 'LOG_ADMIN_AUTH_SUCCESS', ''),
(295, 0, 58, 0, 0, 0, 0, '141.98.255.146', 1692548350, 'LOG_ADMIN_AUTH_SUCCESS', ''),
(296, 0, 59, 0, 0, 0, 0, '146.70.128.205', 1692549140, 'LOG_ADMIN_AUTH_SUCCESS', ''),
(297, 0, 59, 0, 0, 0, 0, '146.70.128.205', 1692549160, 'LOG_USER_ACTIVE', 'a:1:{i:0;s:3:"elf";}'),
(298, 3, 59, 0, 0, 0, 89, '146.70.128.205', 1692549160, 'LOG_USER_ACTIVE_USER', ''),
(299, 2, 1, 0, 0, 0, 0, '76.111.68.166', 1692556386, 'LOG_TFA_EXCEPTION', 'a:1:{i:0;s:17:"TFA_INCORRECT_KEY";}'),
(300, 2, 1, 0, 0, 0, 0, '76.111.68.166', 1692556401, 'LOG_TFA_EXCEPTION', 'a:1:{i:0;s:17:"TFA_INCORRECT_KEY";}'),
(301, 0, 66, 0, 0, 0, 0, '76.111.68.166', 1692556516, 'LOG_ADMIN_AUTH_SUCCESS', ''),
(302, 0, 66, 0, 0, 0, 0, '146.70.133.61', 1692556656, 'LOG_ADMIN_AUTH_SUCCESS', ''),
(303, 3, 1, 0, 0, 0, 91, '86.12.117.47', 1692562286, 'LOG_USER_ACTIVE_USER', ''),
(304, 3, 1, 0, 0, 0, 92, '156.200.238.211', 1692568373, 'LOG_USER_ACTIVE_USER', ''),
(305, 3, 1, 0, 0, 0, 94, '138.43.98.245', 1692577852, 'LOG_USER_ACTIVE_USER', ''),
(306, 3, 94, 0, 0, 0, 94, '138.43.98.245', 1692577902, 'LOG_USER_NEW_PASSWORD', 'a:1:{i:0;s:9:"valentino";}'),
(307, 3, 69, 0, 0, 0, 69, '51.187.154.29', 1692637020, 'LOG_USER_NEW_PASSWORD', 'a:1:{i:0;s:3:"spy";}'),
(308, 0, 59, 0, 0, 0, 0, '45.134.213.219', 1692638017, 'LOG_ADMIN_AUTH_SUCCESS', ''),
(309, 0, 66, 0, 0, 0, 0, '146.70.132.135', 1692638210, 'LOG_ADMIN_AUTH_SUCCESS', ''),
(310, 0, 59, 0, 0, 0, 0, '45.134.213.219', 1692643037, 'LOG_INACTIVE_REMIND', 'a:1:{i:0;s:15:"slifer, warzone";}'),
(311, 0, 59, 0, 0, 0, 0, '45.134.213.219', 1692643113, 'LOG_RANK_ADDED', 'a:1:{i:0;s:7:"Council";}'),
(312, 0, 59, 0, 0, 0, 0, '45.134.213.219', 1692643124, 'LOG_RANK_UPDATED', 'a:1:{i:0;s:10:"Site Admin";}'),
(313, 0, 59, 0, 0, 0, 0, '45.134.213.219', 1692643148, 'LOG_GROUP_UPDATED', 'a:1:{i:0;s:4:"Bots";}'),
(314, 0, 59, 0, 0, 0, 0, '45.134.213.219', 1692643171, 'LOG_GROUP_UPDATED', 'a:1:{i:0;s:16:"Registered users";}'),
(315, 0, 59, 0, 0, 0, 0, '45.134.213.219', 1692643708, 'LOG_FORUM_EDIT', 'a:1:{i:0;s:11:"Marketplace";}'),
(316, 0, 59, 0, 0, 0, 0, '45.134.213.219', 1692643761, 'LOG_FORUM_EDIT', 'a:1:{i:0;s:12:"Buyers Place";}'),
(317, 0, 59, 0, 0, 0, 0, '45.134.213.219', 1692643790, 'LOG_FORUM_EDIT', 'a:1:{i:0;s:12:"Buyers Place";}'),
(318, 0, 59, 0, 0, 0, 0, '45.134.213.219', 1692643891, 'LOG_FORUM_EDIT', 'a:1:{i:0;s:8:"Official";}'),
(319, 0, 59, 0, 0, 0, 0, '45.134.213.219', 1692644247, 'LOG_CONFIG_ATTACH', ''),
(320, 0, 59, 0, 0, 0, 0, '45.134.213.219', 1692644270, 'LOG_CONFIG_POST', ''),
(321, 0, 59, 0, 0, 0, 0, '45.134.213.219', 1692644344, 'LOG_CONFIG_POST', ''),
(322, 0, 58, 0, 0, 0, 0, '185.213.154.187', 1692646663, 'LOG_ADMIN_AUTH_SUCCESS', ''),
(323, 0, 58, 0, 0, 0, 0, '185.195.233.165', 1692658598, 'LOG_ADMIN_AUTH_SUCCESS', ''),
(324, 0, 59, 0, 0, 0, 0, '146.70.128.229', 1692659910, 'LOG_ADMIN_AUTH_SUCCESS', ''),
(325, 3, 1, 0, 0, 0, 95, '154.6.80.146', 1692663184, 'LOG_USER_ACTIVE_USER', ''),
(326, 2, 1, 0, 0, 0, 0, '31.171.153.72', 1692679965, 'LOG_TFA_EXCEPTION', 'a:1:{i:0;s:17:"TFA_INCORRECT_KEY";}'),
(327, 2, 1, 0, 0, 0, 0, '31.171.153.72', 1692680022, 'LOG_TFA_EXCEPTION', 'a:1:{i:0;s:17:"TFA_INCORRECT_KEY";}'),
(328, 2, 1, 0, 0, 0, 0, '31.171.153.72', 1692680044, 'LOG_TFA_EXCEPTION', 'a:1:{i:0;s:17:"TFA_INCORRECT_KEY";}'),
(329, 0, 59, 0, 0, 0, 0, '45.134.213.212', 1692750728, 'LOG_ADMIN_AUTH_FAIL', ''),
(330, 0, 59, 0, 0, 0, 0, '45.134.213.212', 1692750742, 'LOG_ADMIN_AUTH_FAIL', ''),
(331, 0, 59, 0, 0, 0, 0, '45.134.213.212', 1692750754, 'LOG_ADMIN_AUTH_FAIL', ''),
(332, 0, 59, 0, 0, 0, 0, '45.134.213.212', 1692750784, 'LOG_ADMIN_AUTH_SUCCESS', ''),
(333, 0, 59, 0, 0, 0, 0, '45.134.213.212', 1692751213, 'LOG_INACTIVE_DELETE', 'a:1:{i:0;s:43:"warzone, '' OR 1=1 #, %27+OR+1%3D1+%23, eeee";}'),
(334, 0, 59, 0, 0, 0, 0, '45.134.213.203', 1692755157, 'LOG_INACTIVE_REMIND', 'a:1:{i:0;s:11:"idc, spiral";}'),
(335, 1, 58, 20, 12, 0, 0, '185.195.233.243', 1692764206, 'LOG_MOVE', 'a:4:{i:0;s:8:"Official";i:1;s:9:"Databases";i:2;i:19;i:3;i:17;}'),
(336, 3, 1, 0, 0, 0, 96, '204.10.220.99', 1692798406, 'LOG_USER_ACTIVE_USER', ''),
(337, 0, 59, 0, 0, 0, 0, '146.70.128.213', 1692799337, 'LOG_ADMIN_AUTH_SUCCESS', ''),
(338, 1, 58, 20, 12, 0, 0, '193.138.218.200', 1692799902, 'LOG_MOVE', 'a:4:{i:0;s:9:"Databases";i:1;s:25:"Databases Removed Content";i:2;i:17;i:3;i:20;}'),
(339, 0, 59, 0, 0, 0, 0, '146.70.128.196', 1692803423, 'LOG_CONFIG_MESSAGE', ''),
(340, 1, 58, 32, 14, 0, 0, '193.138.218.215', 1692804250, 'LOG_DELETE_TOPIC', 'a:3:{i:0;s:6:"CTF XD";i:1;s:5:"atern";i:2;s:106:"Please put on Personal Introduction and change name from CTF. This forum space is only for guides on CFTs.";}'),
(341, 1, 59, 19, 17, 0, 0, '146.70.132.132', 1692813527, 'LOG_DELETE_TOPIC', 'a:3:{i:0;s:27:"Facebook 2019 Databreach UK";i:1;s:5:"trial";i:2;s:3:"Bug";}'),
(342, 3, 1, 0, 0, 0, 101, '90.230.76.188', 1692821364, 'LOG_USER_ACTIVE_USER', ''),
(343, 0, 59, 0, 0, 0, 0, '146.70.128.217', 1692892725, 'LOG_ADMIN_AUTH_SUCCESS', ''),
(344, 1, 58, 4, 9, 0, 0, '185.213.154.206', 1692896663, 'LOG_SOFTDELETE_TOPIC', 'a:3:{i:0;s:7:"Taliban";i:1;s:5:"elite";i:2;s:12:"Violates ToS";}'),
(345, 1, 58, 4, 9, 14, 0, '185.213.154.206', 1692896691, 'LOG_DELETE_POST', 'a:3:{i:0;s:7:"Taliban";i:1;s:5:"elite";i:2;s:12:"Violates ToS";}'),
(346, 1, 58, 4, 9, 15, 0, '185.213.154.206', 1692896712, 'LOG_DELETE_POST', 'a:3:{i:0;s:11:"Re: Taliban";i:1;s:14:"brotheralameen";i:2;s:12:"Violates ToS";}'),
(347, 0, 58, 0, 0, 0, 0, '185.213.154.206', 1692896742, 'LOG_ADMIN_AUTH_SUCCESS', ''),
(348, 3, 1, 0, 0, 0, 102, '152.70.175.241', 1692897724, 'LOG_USER_ACTIVE_USER', ''),
(349, 3, 1, 0, 0, 0, 103, '85.29.237.110', 1692898065, 'LOG_USER_ACTIVE_USER', ''),
(350, 3, 1, 0, 0, 0, 104, '185.65.134.214', 1692912286, 'LOG_USER_ACTIVE_USER', ''),
(351, 0, 59, 0, 0, 0, 0, '198.44.128.200', 1692929497, 'LOG_ADMIN_AUTH_SUCCESS', ''),
(352, 3, 91, 0, 0, 0, 91, '2a00:23c4:2b05:6b01:3933:2081:283f:ee93', 1692931826, 'LOG_USER_NEW_PASSWORD', 'a:1:{i:0;s:3:"law";}'),
(353, 3, 1, 0, 0, 0, 107, '146.70.172.100', 1692939206, 'LOG_USER_ACTIVE_USER', ''),
(354, 3, 1, 0, 0, 0, 108, '146.70.134.43', 1692947674, 'LOG_USER_ACTIVE_USER', ''),
(355, 3, 1, 0, 0, 0, 109, '185.182.193.74', 1692971846, 'LOG_USER_ACTIVE_USER', ''),
(356, 0, 59, 0, 0, 0, 0, '185.65.135.188', 1692976899, 'LOG_ADMIN_AUTH_SUCCESS', ''),
(357, 0, 59, 0, 0, 0, 0, '185.65.135.188', 1692977338, 'LOG_ACL_ADD_MOD_GLOBAL_M_', 'a:1:{i:0;s:13:"racism, court";}'),
(358, 0, 59, 0, 0, 0, 0, '185.65.135.188', 1692977358, 'LOG_ACL_ADD_ADMIN_GLOBAL_A_', 'a:1:{i:0;s:5:"trial";}'),
(359, 0, 59, 0, 0, 0, 0, '185.65.135.188', 1692977378, 'LOG_ACL_ADD_ADMIN_GLOBAL_A_', 'a:1:{i:0;s:5:"trial";}'),
(360, 3, 108, 0, 0, 0, 108, '179.43.189.75', 1692979749, 'LOG_USER_NEW_PASSWORD', 'a:1:{i:0;s:3:"axe";}'),
(361, 3, 1, 0, 0, 0, 110, '2603:8000:4500:1f43:f107:7f2b:d250:8440', 1692988949, 'LOG_USER_ACTIVE_USER', ''),
(362, 3, 1, 0, 0, 0, 112, '64.121.140.106', 1692991343, 'LOG_USER_ACTIVE_USER', ''),
(363, 3, 1, 0, 0, 0, 113, '82.9.233.186', 1692991595, 'LOG_USER_ACTIVE_USER', ''),
(364, 1, 59, 2, 16, 32, 0, '2a02:6ea0:e206:3::a03d', 1692992871, 'LOG_DELETE_POST', 'a:3:{i:0;s:21:"play.eternitycraft.me";i:1;s:5:"trial";i:2;s:40:"No longer partenred with eternity craft.";}'),
(365, 1, 59, 2, 16, 0, 0, '2a02:6ea0:e206:3::a03d', 1692992890, 'LOG_DELETE_TOPIC', 'a:3:{i:0;s:21:"play.eternitycraft.me";i:1;s:14:"brotheralameen";i:2;s:34:"A Reply to a topic that''s deleted.";}'),
(366, 0, 59, 0, 0, 0, 0, '2a02:6ea0:e206:3::a03d', 1692992951, 'LOG_ADMIN_AUTH_SUCCESS', ''),
(367, 2, 59, 0, 0, 0, 0, '185.156.46.166', 1692995276, 'LOG_TFA_EXCEPTION', 'a:1:{i:0;s:17:"TFA_INCORRECT_KEY";}'),
(368, 0, 59, 0, 0, 0, 0, '185.156.46.166', 1692995279, 'LOG_ADMIN_AUTH_SUCCESS', ''),
(369, 0, 59, 0, 0, 0, 0, '185.156.46.166', 1692995480, 'LOG_INACTIVE_REMIND', 'a:1:{i:0;s:27:"pimp, pimps, crimejury, kyw";}'),
(370, 0, 59, 0, 0, 0, 0, '2a02:6ea0:e206:3::a03d', 1692995995, 'LOG_ACL_ADD_ADMIN_GLOBAL_A_', 'a:1:{i:0;s:3:"axe";}'),
(371, 0, 108, 0, 0, 0, 0, '138.199.6.198', 1692996168, 'LOG_ADMIN_AUTH_SUCCESS', ''),
(372, 3, 1, 0, 0, 0, 115, '73.115.61.232', 1692997315, 'LOG_USER_ACTIVE_USER', ''),
(373, 3, 1, 0, 0, 0, 116, '73.115.61.232', 1692997509, 'LOG_USER_ACTIVE_USER', ''),
(374, 3, 1, 0, 0, 0, 117, '73.115.61.232', 1692997728, 'LOG_USER_ACTIVE_USER', ''),
(375, 3, 1, 0, 0, 0, 118, '73.115.61.232', 1692997888, 'LOG_USER_ACTIVE_USER', ''),
(376, 1, 115, 3, 21, 0, 0, '73.115.61.232', 1692998719, 'LOG_SOFTDELETE_TOPIC', 'a:3:{i:0;s:25:"netforums in the building";i:1;s:9:"netforums";i:2;s:0:"";}'),
(377, 3, 116, 0, 0, 0, 116, '73.115.61.232', 1692999087, 'LOG_USER_NEW_PASSWORD', 'a:1:{i:0;s:8:"netforum";}'),
(378, 3, 1, 0, 0, 0, 119, '38.240.225.74', 1692999169, 'LOG_USER_ACTIVE_USER', ''),
(379, 3, 1, 0, 0, 0, 120, '73.115.61.232', 1692999485, 'LOG_USER_ACTIVE_USER', ''),
(380, 3, 1, 0, 0, 0, 121, '2600:1002:b036:9702:99bb:5ded:3e5:78d3', 1693000763, 'LOG_USER_ACTIVE_USER', ''),
(381, 3, 1, 0, 0, 0, 122, '2600:1702:3980:4bb0:6900:c965:a228:af6a', 1693000846, 'LOG_USER_ACTIVE_USER', ''),
(382, 0, 59, 0, 0, 0, 0, '146.70.211.10', 1693001084, 'LOG_ADMIN_AUTH_SUCCESS', ''),
(383, 1, 59, 3, 24, 0, 0, '146.70.211.10', 1693001150, 'LOG_DELETE_TOPIC', 'a:3:{i:0;s:19:"one in the building";i:1;s:3:"one";i:2;s:0:"";}'),
(384, 1, 59, 3, 19, 0, 0, '146.70.211.10', 1693001170, 'LOG_DELETE_TOPIC', 'a:3:{i:0;s:41:"refer your friends to netforums fire site";i:1;s:5:"owner";i:2;s:0:"";}'),
(385, 1, 59, 3, 22, 0, 0, '146.70.211.10', 1693001212, 'LOG_DELETE_TOPIC', 'a:3:{i:0;s:24:"netforum in the building";i:1;s:8:"netforum";i:2;s:0:"";}'),
(386, 1, 59, 3, 20, 0, 0, '146.70.211.10', 1693001224, 'LOG_DELETE_TOPIC', 'a:3:{i:0;s:25:"netforums in the building";i:1;s:9:"netforums";i:2;s:0:"";}'),
(387, 1, 59, 3, 23, 0, 0, '146.70.211.10', 1693001249, 'LOG_DELETE_TOPIC', 'a:3:{i:0;s:21:"first in the building";i:1;s:5:"first";i:2;s:0:"";}'),
(388, 3, 1, 0, 0, 0, 123, '146.70.187.100', 1693021341, 'LOG_USER_ACTIVE_USER', ''),
(389, 0, 108, 0, 0, 0, 0, '146.70.126.171', 1693037481, 'LOG_ADMIN_AUTH_SUCCESS', ''),
(390, 0, 108, 0, 0, 0, 0, '146.70.134.74', 1693037866, 'LOG_ADMIN_AUTH_SUCCESS', ''),
(391, 0, 108, 0, 0, 0, 0, '185.209.196.136', 1693040786, 'LOG_ADMIN_AUTH_SUCCESS', ''),
(392, 0, 108, 0, 0, 0, 0, '194.36.25.38', 1693053746, 'LOG_ADMIN_AUTH_SUCCESS', ''),
(393, 3, 1, 0, 0, 0, 124, '74.197.205.143', 1693059119, 'LOG_USER_ACTIVE_USER', ''),
(394, 3, 1, 0, 0, 0, 125, '102.157.16.84', 1693064911, 'LOG_USER_ACTIVE_USER', ''),
(395, 3, 1, 0, 0, 0, 126, '102.157.16.84', 1693066142, 'LOG_USER_ACTIVE_USER', ''),
(396, 3, 1, 0, 0, 0, 127, '2600:8806:3500:3430:19fd:35c7:24b8:3c9e', 1693068082, 'LOG_USER_ACTIVE_USER', ''),
(397, 3, 1, 0, 0, 0, 128, '31.143.23.106', 1693074560, 'LOG_USER_ACTIVE_USER', ''),
(398, 3, 1, 0, 0, 0, 129, '80.42.71.233', 1693075004, 'LOG_USER_ACTIVE_USER', ''),
(399, 3, 1, 0, 0, 0, 130, '2601:2c5:c780:4010:91ad:9277:d261:341d', 1693075680, 'LOG_USER_ACTIVE_USER', ''),
(400, 3, 1, 0, 0, 0, 131, '45.83.220.204', 1693078066, 'LOG_USER_ACTIVE_USER', ''),
(401, 2, 59, 0, 0, 0, 0, '2607:9000:9000:12::b46d', 1693078291, 'LOG_TFA_EXCEPTION', 'a:1:{i:0;s:17:"TFA_INCORRECT_KEY";}'),
(402, 0, 59, 0, 0, 0, 0, '2607:9000:9000:12::b46d', 1693078295, 'LOG_ADMIN_AUTH_SUCCESS', ''),
(403, 0, 59, 0, 0, 0, 0, '2607:9000:9000:12::b46d', 1693078314, 'LOG_USER_REACTIVATE', 'a:1:{i:0;s:5:"kitty";}'),
(404, 3, 59, 0, 0, 0, 131, '2607:9000:9000:12::b46d', 1693078314, 'LOG_USER_REACTIVATE_USER', ''),
(405, 3, 1, 0, 0, 0, 132, '2607:fb90:2d10:c94e:25c6:7910:97f8:9e2a', 1693080766, 'LOG_USER_ACTIVE_USER', ''),
(406, 3, 1, 0, 0, 0, 133, '166.48.89.229', 1693086029, 'LOG_USER_ACTIVE_USER', ''),
(407, 3, 1, 0, 0, 0, 134, '2001:67c:2660:425:3617:ebff:fee4:63bd', 1693092702, 'LOG_USER_ACTIVE_USER', ''),
(408, 0, 58, 0, 0, 0, 0, '45.83.220.209', 1693114966, 'LOG_ADMIN_AUTH_SUCCESS', ''),
(409, 0, 58, 0, 0, 0, 0, '45.83.220.209', 1693115006, 'LOG_USER_DELETED', 'a:1:{i:0;s:8:"Lucilfer";}'),
(410, 1, 58, 3, 27, 0, 0, '193.138.218.200', 1693115687, 'LOG_MOVE', 'a:4:{i:0;s:10:"World News";i:1;s:21:"Personal Introduction";i:2;i:4;i:3;i:3;}'),
(411, 3, 1, 0, 0, 0, 136, '72.207.54.43', 1693121815, 'LOG_USER_ACTIVE_USER', ''),
(412, 3, 1, 0, 0, 0, 137, '2a02:ed04:3581:1::a01e', 1693131646, 'LOG_USER_ACTIVE_USER', ''),
(413, 2, 1, 0, 0, 0, 0, '185.65.135.136', 1693133634, 'LOG_TFA_EXCEPTION', 'a:1:{i:0;s:17:"TFA_INCORRECT_KEY";}'),
(414, 0, 58, 0, 0, 0, 0, '185.65.135.136', 1693134216, 'LOG_ADMIN_AUTH_SUCCESS', ''),
(415, 0, 58, 0, 0, 0, 0, '185.65.135.136', 1693134298, 'LOG_ACL_ADD_MOD_GLOBAL_M_', 'a:1:{i:0;s:3:"axe";}'),
(416, 3, 1, 0, 0, 0, 138, '185.65.135.136', 1693135413, 'LOG_USER_ACTIVE_USER', ''),
(417, 0, 58, 0, 0, 0, 0, '185.65.135.136', 1693135583, 'LOG_ADMIN_AUTH_SUCCESS', ''),
(418, 0, 58, 0, 0, 0, 0, '185.65.135.136', 1693135610, 'LOG_ACL_ADD_ADMIN_GLOBAL_A_', 'a:1:{i:0;s:7:"margrog";}'),
(419, 0, 58, 0, 0, 0, 0, '185.65.135.136', 1693135632, 'LOG_ACL_ADD_MOD_GLOBAL_M_', 'a:1:{i:0;s:7:"margrog";}'),
(420, 0, 58, 0, 0, 0, 0, '185.65.135.136', 1693135765, 'LOG_USER_USER_UPDATE', 'a:1:{i:0;s:7:"margrog";}'),
(421, 0, 138, 0, 0, 0, 0, '185.65.135.136', 1693135815, 'LOG_ADMIN_AUTH_SUCCESS', ''),
(422, 1, 138, 3, 21, 0, 0, '185.65.135.136', 1693137098, 'LOG_DELETE_TOPIC', 'a:3:{i:0;s:25:"netforums in the building";i:1;s:9:"netforums";i:2;s:7:"Deleted";}'),
(423, 3, 1, 0, 0, 0, 139, '185.248.85.10', 1693153434, 'LOG_USER_ACTIVE_USER', ''),
(424, 0, 138, 0, 0, 0, 0, '141.98.255.150', 1693157724, 'LOG_ADMIN_AUTH_SUCCESS', ''),
(425, 0, 138, 0, 0, 0, 0, '141.98.255.150', 1693157772, 'LOG_USER_USER_UPDATE', 'a:1:{i:0;s:14:"brotheralameen";}'),
(426, 0, 138, 0, 0, 0, 0, '141.98.255.150', 1693157969, 'LOG_USER_USER_UPDATE', 'a:1:{i:0;s:14:"brotheralameen";}'),
(427, 0, 138, 0, 0, 0, 0, '141.98.255.150', 1693157989, 'LOG_BAN_USER', 'a:2:{i:0;s:12:"D4RKR4BB1T47";i:1;s:14:"brotheralameen";}'),
(428, 1, 138, 0, 0, 0, 0, '141.98.255.150', 1693157989, 'LOG_BAN_USER', 'a:2:{i:0;s:12:"D4RKR4BB1T47";i:1;s:14:"brotheralameen";}'),
(429, 3, 138, 0, 0, 0, 58, '141.98.255.150', 1693157989, 'LOG_BAN_USER', 'a:2:{i:0;s:12:"D4RKR4BB1T47";i:1;s:14:"brotheralameen";}'),
(430, 0, 138, 0, 0, 0, 0, '141.98.255.150', 1693158256, 'LOG_ACL_ADD_ADMIN_GLOBAL_A_', 'a:1:{i:0;s:8:"Lucilfer";}'),
(431, 0, 138, 0, 0, 0, 0, '141.98.255.150', 1693158274, 'LOG_ACL_ADD_MOD_GLOBAL_M_', 'a:1:{i:0;s:8:"Lucilfer";}'),
(432, 3, 1, 0, 0, 0, 141, '2001:569:5058:1f00:798e:2731:d646:30c2', 1693177203, 'LOG_USER_ACTIVE_USER', ''),
(433, 3, 1, 0, 0, 0, 142, '198.54.135.143', 1693177517, 'LOG_USER_ACTIVE_USER', ''),
(434, 3, 1, 0, 0, 0, 143, '2600:1700:6640:1b00:47d:66cd:2646:7b97', 1693185227, 'LOG_USER_ACTIVE_USER', ''),
(435, 3, 1, 0, 0, 0, 144, '2600:1700:9e0:e10:3db6:38e3:7538:37fc', 1693191578, 'LOG_USER_ACTIVE_USER', ''),
(436, 0, 59, 0, 0, 0, 0, '185.195.233.194', 1693191878, 'LOG_ADMIN_AUTH_SUCCESS', ''),
(437, 0, 139, 0, 0, 0, 0, '185.195.232.143', 1693200035, 'LOG_ADMIN_AUTH_SUCCESS', ''),
(438, 3, 1, 0, 0, 0, 145, '160.242.75.109', 1693229213, 'LOG_USER_ACTIVE_USER', ''),
(439, 0, 59, 0, 0, 0, 0, '193.138.218.219', 1693249479, 'LOG_ADMIN_AUTH_SUCCESS', ''),
(440, 0, 108, 0, 0, 0, 0, '146.70.171.148', 1693256879, 'LOG_ADMIN_AUTH_SUCCESS', ''),
(441, 3, 1, 0, 0, 0, 147, '98.47.141.140', 1693260854, 'LOG_USER_ACTIVE_USER', ''),
(442, 3, 1, 0, 0, 0, 146, '185.128.9.51', 1693267349, 'LOG_USER_ACTIVE_USER', ''),
(443, 3, 1, 0, 0, 0, 149, '192.101.9.220', 1693270813, 'LOG_USER_ACTIVE_USER', ''),
(444, 3, 1, 0, 0, 0, 150, '139.60.130.197', 1693273437, 'LOG_USER_ACTIVE_USER', ''),
(445, 3, 150, 0, 0, 0, 151, '139.60.130.197', 1693274220, 'LOG_USER_ACTIVE_USER', ''),
(446, 3, 150, 0, 0, 0, 152, '139.60.130.197', 1693274335, 'LOG_USER_ACTIVE_USER', ''),
(447, 3, 1, 0, 0, 0, 154, '31.171.153.77', 1693304100, 'LOG_USER_ACTIVE_USER', ''),
(448, 3, 1, 0, 0, 0, 155, '2.71.112.143', 1693318174, 'LOG_USER_ACTIVE_USER', ''),
(449, 0, 139, 0, 0, 0, 0, '146.70.133.43', 1693334163, 'LOG_ADMIN_AUTH_SUCCESS', ''),
(450, 3, 1, 0, 0, 0, 156, '92.221.38.52', 1693335690, 'LOG_USER_ACTIVE_USER', ''),
(451, 2, 1, 0, 0, 0, 0, '185.195.232.174', 1693340084, 'LOG_TFA_EXCEPTION', 'a:1:{i:0;s:17:"TFA_INCORRECT_KEY";}'),
(452, 0, 59, 0, 0, 0, 0, '2a03:1b20:7:f011::a15d', 1693340264, 'LOG_ADMIN_AUTH_SUCCESS', ''),
(453, 0, 2, 0, 0, 0, 0, '185.213.154.228', 1693349393, 'LOG_ADMIN_AUTH_SUCCESS', ''),
(454, 1, 138, 3, 33, 0, 0, '185.213.154.228', 1693349619, 'LOG_MOVE', 'a:4:{i:0;s:17:"Random Discussion";i:1;s:21:"Personal Introduction";i:2;i:7;i:3;i:3;}'),
(455, 3, 1, 0, 0, 0, 158, '37.120.132.36', 1693363227, 'LOG_USER_ACTIVE_USER', ''),
(456, 0, 139, 0, 0, 0, 0, '146.70.132.213', 1693371169, 'LOG_ADMIN_AUTH_SUCCESS', ''),
(457, 3, 1, 0, 0, 0, 153, '45.222.3.222', 1693409393, 'LOG_USER_ACTIVE_USER', ''),
(458, 0, 59, 0, 0, 0, 0, '185.65.135.227', 1693411077, 'LOG_ADMIN_AUTH_SUCCESS', ''),
(459, 0, 108, 0, 0, 0, 0, '185.209.196.240', 1693412579, 'LOG_ADMIN_AUTH_SUCCESS', ''),
(460, 0, 59, 0, 0, 0, 0, '193.138.218.162', 1693425278, 'LOG_ADMIN_AUTH_SUCCESS', ''),
(461, 0, 138, 0, 0, 0, 0, '185.213.154.157', 1693426748, 'LOG_ADMIN_AUTH_SUCCESS', ''),
(462, 0, 139, 0, 0, 0, 0, '146.70.133.76', 1693452337, 'LOG_ADMIN_AUTH_SUCCESS', ''),
(463, 3, 1, 0, 0, 0, 162, '2600:387:15:a1b::6', 1693458186, 'LOG_USER_ACTIVE_USER', ''),
(464, 3, 1, 0, 0, 0, 163, '2600:8800:3188:a200:45dd:aba9:282c:bc5f', 1693496327, 'LOG_USER_ACTIVE_USER', ''),
(465, 3, 163, 0, 0, 0, 163, '2600:8800:3188:a200:45dd:aba9:282c:bc5f', 1693496661, 'LOG_USER_NEW_PASSWORD', 'a:1:{i:0;s:11:"belovedsoul";}'),
(466, 3, 1, 0, 0, 0, 164, '194.125.65.2', 1693509409, 'LOG_USER_ACTIVE_USER', ''),
(467, 0, 59, 0, 0, 0, 0, '2a03:1b20:7:f011::a14e', 1693511953, 'LOG_ADMIN_AUTH_SUCCESS', ''),
(468, 1, 59, 20, 12, 19, 0, '2a03:1b20:7:f011::a14e', 1693512004, 'LOG_DELETE_POST', 'a:3:{i:0;s:27:"Dataleak.us Database Part 1";i:1;s:5:"trial";i:2;s:56:"Testing to see the character limit and if it was working";}'),
(469, 3, 1, 0, 0, 0, 165, '31.171.154.58', 1693544336, 'LOG_USER_ACTIVE_USER', ''),
(470, 0, 139, 0, 0, 0, 0, '185.248.85.27', 1693590542, 'LOG_ADMIN_AUTH_SUCCESS', ''),
(471, 3, 1, 0, 0, 0, 166, '2607:9000:0:57::a03e', 1693608150, 'LOG_USER_ACTIVE_USER', ''),
(472, 1, 138, 2, 36, 0, 0, '185.213.154.230', 1693608721, 'LOG_SOFTDELETE_TOPIC', 'a:3:{i:0;s:27:"Wallets for perks and ranks";i:1;s:7:"margrog";i:2;s:0:"";}'),
(473, 1, 138, 2, 2, 63, 0, '185.213.154.230', 1693608737, 'LOG_SOFTDELETE_POST', 'a:3:{i:0;s:19:"Re: NetForums Rules";i:1;s:7:"margrog";i:2;s:0:"";}'),
(474, 2, 1, 0, 0, 0, 0, '185.65.135.156', 1693666774, 'LOG_TFA_EXCEPTION', 'a:1:{i:0;s:17:"TFA_INCORRECT_KEY";}'),
(475, 0, 138, 0, 0, 0, 0, '185.65.135.156', 1693666828, 'LOG_ADMIN_AUTH_SUCCESS', ''),
(476, 0, 138, 0, 0, 0, 0, '185.65.135.156', 1693666882, 'LOG_EXT_ENABLE', 'a:1:{i:0;s:26:"dmzx/usernamecolourchanger";}'),
(477, 0, 138, 0, 0, 0, 0, '185.65.135.156', 1693666972, 'LOG_EXT_DISABLE', 'a:1:{i:0;s:26:"dmzx/usernamecolourchanger";}'),
(478, 0, 138, 0, 0, 0, 0, '185.65.135.156', 1693667284, 'LOG_GROUP_CREATED', 'a:1:{i:0;s:13:"Former Owners";}'),
(479, 0, 138, 0, 0, 0, 0, '185.65.135.156', 1693667305, 'LOG_USERS_ADDED', 'a:2:{i:0;s:13:"Former Owners";i:1;s:14:"brotheralameen";}'),
(480, 0, 138, 0, 0, 0, 0, '185.65.135.156', 1693667488, 'LOG_GROUP_UPDATED', 'a:1:{i:0;s:13:"Former Owners";}'),
(481, 0, 138, 0, 0, 0, 0, '185.65.135.156', 1693667933, 'LOG_USERS_ADDED', 'a:2:{i:0;s:14:"Administrators";i:1;s:7:"margrog";}'),
(482, 0, 138, 0, 0, 0, 0, '185.65.135.156', 1693668536, 'LOG_GROUP_DEFAULTS', 'a:2:{i:0;s:14:"Administrators";i:1;s:7:"margrog";}'),
(483, 0, 138, 0, 0, 0, 0, '185.65.135.156', 1693668603, 'LOG_GROUP_DEFAULTS', 'a:2:{i:0;s:13:"Former Owners";i:1;s:14:"brotheralameen";}'),
(484, 0, 138, 0, 0, 0, 0, '185.65.135.156', 1693668667, 'LOG_GROUP_DEFAULTS', 'a:2:{i:0;s:14:"Administrators";i:1;s:5:"trial";}'),
(485, 0, 138, 0, 0, 0, 0, '185.65.135.156', 1693668667, 'LOG_USERS_ADDED', 'a:2:{i:0;s:14:"Administrators";i:1;s:5:"trial";}'),
(486, 0, 138, 0, 0, 0, 0, '185.65.135.156', 1693668914, 'LOG_RANK_ADDED', 'a:1:{i:0;s:12:"Former Owner";}'),
(487, 0, 138, 0, 0, 0, 0, '185.65.135.156', 1693668969, 'LOG_RANK_UPDATED', 'a:1:{i:0;s:12:"Former Owner";}'),
(488, 0, 138, 0, 0, 0, 0, '185.65.135.156', 1693669015, 'LOG_GROUP_UPDATED', 'a:1:{i:0;s:13:"Former Owners";}'),
(489, 0, 138, 0, 0, 0, 0, '185.65.135.156', 1693669178, 'LOG_RANK_ADDED', 'a:1:{i:0;s:6:"Clique";}'),
(490, 0, 138, 0, 0, 0, 0, '185.65.135.156', 1693669209, 'LOG_RANK_ADDED', 'a:1:{i:0;s:4:"Rich";}'),
(491, 0, 138, 0, 0, 0, 0, '185.65.135.156', 1693669286, 'LOG_RANK_ADDED', 'a:1:{i:0;s:3:"VIP";}'),
(492, 0, 138, 0, 0, 0, 0, '185.65.135.156', 1693669324, 'LOG_RANK_UPDATED', 'a:1:{i:0;s:4:"Rich";}'),
(493, 0, 138, 0, 0, 0, 0, '185.65.135.156', 1693669380, 'LOG_GROUP_UPDATED', 'a:1:{i:0;s:13:"Former Owners";}'),
(494, 0, 138, 0, 0, 0, 0, '185.65.135.156', 1693669401, 'LOG_GROUP_UPDATED', 'a:1:{i:0;s:13:"Former Owners";}'),
(495, 0, 138, 0, 0, 0, 0, '45.83.220.186', 1693670781, 'LOG_ADMIN_AUTH_SUCCESS', ''),
(496, 0, 138, 0, 0, 0, 0, '45.83.220.186', 1693670887, 'LOG_GROUP_DEFAULTS', 'a:2:{i:0;s:14:"Administrators";i:1;s:8:"Lucilfer";}'),
(497, 0, 138, 0, 0, 0, 0, '45.83.220.186', 1693670887, 'LOG_USERS_ADDED', 'a:2:{i:0;s:14:"Administrators";i:1;s:8:"Lucilfer";}'),
(498, 0, 138, 0, 0, 0, 0, '45.83.220.186', 1693670902, 'LOG_GROUP_DEFAULTS', 'a:2:{i:0;s:14:"Administrators";i:1;s:3:"axe";}'),
(499, 0, 138, 0, 0, 0, 0, '45.83.220.186', 1693670902, 'LOG_USERS_ADDED', 'a:2:{i:0;s:14:"Administrators";i:1;s:3:"axe";}'),
(500, 0, 138, 0, 0, 0, 0, '45.83.220.186', 1693670915, 'LOG_GROUP_DEFAULTS', 'a:2:{i:0;s:14:"Administrators";i:1;s:5:"atern";}'),
(501, 0, 138, 0, 0, 0, 0, '45.83.220.186', 1693670915, 'LOG_USERS_ADDED', 'a:2:{i:0;s:14:"Administrators";i:1;s:5:"atern";}'),
(502, 0, 138, 0, 0, 0, 0, '45.83.220.186', 1693671019, 'LOG_GROUP_DEFAULTS', 'a:2:{i:0;s:17:"Global moderators";i:1;s:5:"admin";}'),
(503, 0, 138, 0, 0, 0, 0, '45.83.220.186', 1693671144, 'LOG_GROUP_DEFAULTS', 'a:2:{i:0;s:14:"Administrators";i:1;s:5:"admin";}'),
(504, 0, 138, 0, 0, 0, 0, '45.83.220.186', 1693671219, 'LOG_GROUP_DEFAULTS', 'a:2:{i:0;s:17:"Global moderators";i:1;s:5:"atern";}'),
(505, 0, 138, 0, 0, 0, 0, '45.83.220.186', 1693671219, 'LOG_USERS_ADDED', 'a:2:{i:0;s:17:"Global moderators";i:1;s:5:"atern";}'),
(506, 0, 138, 0, 0, 0, 0, '45.83.220.186', 1693671441, 'LOG_GROUP_DEFAULTS', 'a:2:{i:0;s:17:"Global moderators";i:1;s:3:"axe";}'),
(507, 0, 138, 0, 0, 0, 0, '45.83.220.186', 1693671442, 'LOG_USERS_ADDED', 'a:2:{i:0;s:17:"Global moderators";i:1;s:3:"axe";}'),
(508, 0, 138, 0, 0, 0, 0, '45.83.220.186', 1693671452, 'LOG_GROUP_DEFAULTS', 'a:2:{i:0;s:17:"Global moderators";i:1;s:5:"court";}'),
(509, 0, 138, 0, 0, 0, 0, '45.83.220.186', 1693671452, 'LOG_USERS_ADDED', 'a:2:{i:0;s:17:"Global moderators";i:1;s:5:"court";}'),
(510, 0, 138, 0, 0, 0, 0, '45.83.220.186', 1693671466, 'LOG_GROUP_DEFAULTS', 'a:2:{i:0;s:17:"Global moderators";i:1;s:3:"eom";}'),
(511, 0, 138, 0, 0, 0, 0, '45.83.220.186', 1693671466, 'LOG_USERS_ADDED', 'a:2:{i:0;s:17:"Global moderators";i:1;s:3:"eom";}'),
(512, 0, 138, 0, 0, 0, 0, '45.83.220.186', 1693671494, 'LOG_GROUP_DEFAULTS', 'a:2:{i:0;s:17:"Global moderators";i:1;s:8:"Lucilfer";}'),
(513, 0, 138, 0, 0, 0, 0, '45.83.220.186', 1693671494, 'LOG_USERS_ADDED', 'a:2:{i:0;s:17:"Global moderators";i:1;s:8:"lucilfer";}'),
(514, 0, 138, 0, 0, 0, 0, '45.83.220.186', 1693671509, 'LOG_GROUP_DEFAULTS', 'a:2:{i:0;s:17:"Global moderators";i:1;s:3:"mal";}'),
(515, 0, 138, 0, 0, 0, 0, '45.83.220.186', 1693671509, 'LOG_USERS_ADDED', 'a:2:{i:0;s:17:"Global moderators";i:1;s:3:"mal";}'),
(516, 0, 138, 0, 0, 0, 0, '45.83.220.186', 1693671536, 'LOG_GROUP_DEFAULTS', 'a:2:{i:0;s:17:"Global moderators";i:1;s:6:"racism";}'),
(517, 0, 138, 0, 0, 0, 0, '45.83.220.186', 1693671536, 'LOG_USERS_ADDED', 'a:2:{i:0;s:17:"Global moderators";i:1;s:6:"racism";}'),
(518, 0, 138, 0, 0, 0, 0, '45.83.220.186', 1693671748, 'LOG_GROUP_DEFAULTS', 'a:2:{i:0;s:14:"Administrators";i:1;s:20:"atern, axe, Lucilfer";}'),
(519, 0, 138, 0, 0, 0, 0, '45.83.220.186', 1693671925, 'LOG_RANK_UPDATED', 'a:1:{i:0;s:4:"Rich";}'),
(520, 0, 138, 0, 0, 0, 0, '45.83.220.186', 1693672003, 'LOG_GROUP_CREATED', 'a:1:{i:0;s:4:"Rich";}'),
(521, 0, 138, 0, 0, 0, 0, '45.83.220.186', 1693672044, 'LOG_GROUP_CREATED', 'a:1:{i:0;s:6:"Clique";}'),
(522, 0, 138, 0, 0, 0, 0, '45.83.220.186', 1693672141, 'LOG_GROUP_CREATED', 'a:1:{i:0;s:7:"Council";}'),
(523, 0, 138, 0, 0, 0, 0, '45.83.220.186', 1693672193, 'LOG_GROUP_UPDATED', 'a:1:{i:0;s:7:"Council";}'),
(524, 0, 138, 0, 0, 0, 0, '45.83.220.186', 1693672218, 'LOG_GROUP_UPDATED', 'a:1:{i:0;s:7:"Council";}'),
(525, 0, 138, 0, 0, 0, 0, '45.83.220.186', 1693672271, 'LOG_GROUP_CREATED', 'a:1:{i:0;s:3:"VIP";}'),
(526, 0, 138, 0, 0, 0, 0, '45.83.220.186', 1693673613, 'LOG_GROUP_UPDATED', 'a:1:{i:0;s:4:"Rich";}'),
(527, 0, 138, 0, 0, 0, 0, '45.83.220.186', 1693673638, 'LOG_GROUP_UPDATED', 'a:1:{i:0;s:6:"Clique";}'),
(528, 0, 138, 0, 0, 0, 0, '185.65.135.163', 1693680385, 'LOG_ADMIN_AUTH_SUCCESS', ''),
(529, 0, 138, 0, 0, 0, 0, '185.65.135.163', 1693680729, 'LOG_RANK_ADDED', 'a:1:{i:0;s:16:"Registered Users";}'),
(530, 0, 138, 0, 0, 0, 0, '185.65.135.163', 1693680769, 'LOG_RANK_UPDATED', 'a:1:{i:0;s:3:"VIP";}'),
(531, 0, 138, 0, 0, 0, 0, '185.65.135.163', 1693680830, 'LOG_RANK_UPDATED', 'a:1:{i:0;s:6:"Clique";}'),
(532, 0, 138, 0, 0, 0, 0, '185.65.135.163', 1693681071, 'LOG_GROUP_UPDATED', 'a:1:{i:0;s:4:"Rich";}'),
(533, 0, 138, 0, 0, 0, 0, '185.65.135.163', 1693681090, 'LOG_GROUP_UPDATED', 'a:1:{i:0;s:7:"Council";}'),
(534, 0, 138, 0, 0, 0, 0, '185.65.135.163', 1693681106, 'LOG_GROUP_UPDATED', 'a:1:{i:0;s:6:"Clique";}'),
(535, 0, 138, 0, 0, 0, 0, '185.65.135.163', 1693681166, 'LOG_RANK_UPDATED', 'a:1:{i:0;s:16:"Registered Users";}'),
(536, 0, 138, 0, 0, 0, 0, '185.65.135.163', 1693681237, 'LOG_GROUP_UPDATED', 'a:1:{i:0;s:16:"Registered users";}'),
(537, 0, 138, 0, 0, 0, 0, '185.65.135.163', 1693681264, 'LOG_GROUP_UPDATED', 'a:1:{i:0;s:22:"Newly registered users";}'),
(538, 0, 138, 0, 0, 0, 0, '185.65.135.163', 1693681281, 'LOG_RANK_UPDATED', 'a:1:{i:0;s:16:"Registered Users";}'),
(539, 0, 138, 0, 0, 0, 0, '185.65.135.163', 1693682557, 'LOG_RANK_REMOVED', 'a:1:{i:0;s:16:"Registered Users";}'),
(540, 0, 138, 0, 0, 0, 0, '185.65.135.163', 1693682567, 'LOG_RANK_UPDATED', 'a:1:{i:0;s:3:"VIP";}'),
(541, 0, 138, 0, 0, 0, 0, '185.65.135.163', 1693682577, 'LOG_RANK_UPDATED', 'a:1:{i:0;s:6:"Clique";}'),
(542, 0, 138, 0, 0, 0, 0, '185.65.135.163', 1693682619, 'LOG_GROUP_UPDATED', 'a:1:{i:0;s:6:"Clique";}'),
(543, 0, 138, 0, 0, 0, 0, '185.65.135.163', 1693683078, 'LOG_GROUP_UPDATED', 'a:1:{i:0;s:6:"Clique";}'),
(544, 0, 108, 0, 0, 0, 0, '185.195.233.248', 1693691698, 'LOG_ADMIN_AUTH_SUCCESS', ''),
(545, 0, 138, 0, 0, 0, 0, '185.213.154.187', 1693692524, 'LOG_ADMIN_AUTH_SUCCESS', ''),
(546, 0, 138, 0, 0, 0, 0, '185.213.154.187', 1693692543, 'LOG_EXT_PURGE', 'a:1:{i:0;s:26:"dmzx/usernamecolourchanger";}'),
(547, 1, 138, 2, 36, 62, 0, '185.213.154.187', 1693692802, 'LOG_POST_RESTORED', 'a:1:{i:0;s:27:"Wallets for perks and ranks";}'),
(548, 1, 138, 2, 2, 63, 0, '185.213.154.187', 1693692895, 'LOG_POST_RESTORED', 'a:1:{i:0;s:19:"Re: NetForums Rules";}'),
(549, 0, 138, 0, 0, 0, 0, '185.213.154.187', 1693695002, 'LOG_GROUP_REMOVE', 'a:2:{i:0;s:13:"Former Owners";i:1;s:14:"brotheralameen";}');

-- --------------------------------------------------------

--
-- Table structure for table `phpbbtc_login_attempts`
--

CREATE TABLE `phpbbtc_login_attempts` (
  `attempt_ip` varchar(40) NOT NULL DEFAULT '',
  `attempt_browser` varchar(150) NOT NULL DEFAULT '',
  `attempt_forwarded_for` varchar(255) NOT NULL DEFAULT '',
  `attempt_time` int(11) unsigned NOT NULL DEFAULT 0,
  `user_id` int(10) unsigned NOT NULL DEFAULT 0,
  `username` varchar(255) NOT NULL DEFAULT '0',
  `username_clean` varchar(255) NOT NULL DEFAULT '0',
  KEY `att_ip` (`attempt_ip`,`attempt_time`),
  KEY `att_for` (`attempt_forwarded_for`,`attempt_time`),
  KEY `att_time` (`attempt_time`),
  KEY `user_id` (`user_id`)
) ENGINE=InnoDB DEFAULT CHARSET=utf8 COLLATE=utf8_bin;

--
-- Dumping data for table `phpbbtc_login_attempts`
--

INSERT INTO `phpbbtc_login_attempts` VALUES
('152.70.175.241', 'Mozilla/5.0 (Windows NT 10.0; Win64; x64) AppleWebKit/537.36 (KHTML, like Gecko) Chrome/116.0.0.0 Safari/537.36', '', 1693693781, 0, 'YourAnigger', 'youranigger'),
('2.51.128.156', 'Mozilla/5.0 (Windows NT 10.0; Win64; x64) AppleWebKit/537.36 (KHTML, like Gecko) Chrome/116.0.5845.111 Safari/537.36', '', 1693695364, 0, 'testr123', 'testr123'),
('50.40.127.112', 'Mozilla/5.0 (Windows NT 10.0; Win64; x64) AppleWebKit/537.36 (KHTML, like Gecko) Chrome/116.0.0.0 Safari/537.36', '', 1693695610, 0, 'edgycomkid', 'edgycomkid'),
('50.40.127.112', 'Mozilla/5.0 (Windows NT 10.0; Win64; x64) AppleWebKit/537.36 (KHTML, like Gecko) Chrome/116.0.0.0 Safari/537.36', '', 1693695624, 0, 'edgycomkid', 'edgycomkid'),
('50.40.127.112', 'Mozilla/5.0 (Windows NT 10.0; Win64; x64) AppleWebKit/537.36 (KHTML, like Gecko) Chrome/116.0.0.0 Safari/537.36', '', 1693695647, 0, 'wantedcriminal', 'wantedcriminal');

-- --------------------------------------------------------

--
-- Table structure for table `phpbbtc_migrations`
--

CREATE TABLE `phpbbtc_migrations` (
  `migration_name` varchar(255) NOT NULL DEFAULT '',
  `migration_depends_on` text NOT NULL,
  `migration_schema_done` tinyint(1) unsigned NOT NULL DEFAULT 0,
  `migration_data_done` tinyint(1) unsigned NOT NULL DEFAULT 0,
  `migration_data_state` text NOT NULL,
  `migration_start_time` int(11) unsigned NOT NULL DEFAULT 0,
  `migration_end_time` int(11) unsigned NOT NULL DEFAULT 0,
  PRIMARY KEY (`migration_name`)
) ENGINE=InnoDB DEFAULT CHARSET=utf8 COLLATE=utf8_bin;

--
-- Dumping data for table `phpbbtc_migrations`
--

INSERT INTO `phpbbtc_migrations` VALUES
('\\paul999\\tfa\\migrations\\add_config', 'a:0:{}', 1, 1, '', 1692395322, 1692395322),
('\\paul999\\tfa\\migrations\\initial_backup_schema', 'a:0:{}', 1, 1, '', 1692395322, 1692395322),
('\\paul999\\tfa\\migrations\\initial_config', 'a:0:{}', 1, 1, '', 1692395322, 1692395322),
('\\paul999\\tfa\\migrations\\initial_module', 'a:0:{}', 1, 1, '', 1692395322, 1692395322),
('\\paul999\\tfa\\migrations\\initial_otp_schema', 'a:0:{}', 1, 1, '', 1692395322, 1692395322),
('\\paul999\\tfa\\migrations\\initial_permissions', 'a:0:{}', 1, 1, '', 1692395322, 1692395322),
('\\paul999\\tfa\\migrations\\initial_schema', 'a:0:{}', 1, 1, '', 1692395322, 1692395322),
('\\paul999\\tfa\\migrations\\initial_version_interface', 'a:0:{}', 1, 1, '', 1692395322, 1692395322),
('\\paul999\\tfa\\migrations\\set_role_data', 'a:1:{i:0;s:43:"\\paul999\\tfa\\migrations\\initial_permissions";}', 1, 1, '', 1692395322, 1692395322),
('\\paul999\\tfa\\migrations\\update_sessions', 'a:1:{i:0;s:34:"\\phpbb\\db\\migration\\data\\v310\\gold";}', 1, 1, '', 1692395322, 1692395322),
('\\paul999\\tfa\\migrations\\update_sessions2', 'a:1:{i:0;s:34:"\\phpbb\\db\\migration\\data\\v310\\gold";}', 1, 1, '', 1692395322, 1692395322),
('\\paul999\\tfa\\migrations\\version_001', 'a:7:{i:0;s:34:"\\phpbb\\db\\migration\\data\\v320\\v320";i:1;s:38:"\\paul999\\tfa\\migrations\\initial_schema";i:2;s:39:"\\paul999\\tfa\\migrations\\update_sessions";i:3;s:38:"\\paul999\\tfa\\migrations\\initial_module";i:4;s:43:"\\paul999\\tfa\\migrations\\initial_permissions";i:5;s:37:"\\paul999\\tfa\\migrations\\set_role_data";i:6;s:38:"\\paul999\\tfa\\migrations\\initial_config";}', 1, 1, '', 1692395322, 1692395322),
('\\paul999\\tfa\\migrations\\version_002', 'a:4:{i:0;s:35:"\\paul999\\tfa\\migrations\\version_001";i:1;s:42:"\\paul999\\tfa\\migrations\\initial_otp_schema";i:2;s:45:"\\paul999\\tfa\\migrations\\initial_backup_schema";i:3;s:40:"\\paul999\\tfa\\migrations\\update_sessions2";}', 1, 1, '', 1692395322, 1692395322),
('\\paul999\\tfa\\migrations\\version_003', 'a:1:{i:0;s:35:"\\paul999\\tfa\\migrations\\version_002";}', 1, 1, '', 1692395322, 1692395322),
('\\paul999\\tfa\\migrations\\version_004', 'a:1:{i:0;s:35:"\\paul999\\tfa\\migrations\\version_003";}', 1, 1, '', 1692395322, 1692395322),
('\\paul999\\tfa\\migrations\\version_005', 'a:3:{i:0;s:35:"\\paul999\\tfa\\migrations\\version_004";i:1;s:34:"\\paul999\\tfa\\migrations\\add_config";i:2;s:49:"\\paul999\\tfa\\migrations\\initial_version_interface";}', 1, 1, '', 1692395322, 1692395322),
('\\phpbb\\db\\migration\\data\\v30x\\local_url_bbcode', 'a:1:{i:0;s:48:"\\phpbb\\db\\migration\\data\\v30x\\release_3_0_12_rc1";}', 1, 1, '', 1692321521, 1692321521),
('\\phpbb\\db\\migration\\data\\v30x\\release_3_0_0', 'a:0:{}', 1, 1, '', 1692321521, 1692321521),
('\\phpbb\\db\\migration\\data\\v30x\\release_3_0_1', 'a:1:{i:0;s:47:"\\phpbb\\db\\migration\\data\\v30x\\release_3_0_1_rc1";}', 1, 1, '', 1692321521, 1692321521),
('\\phpbb\\db\\migration\\data\\v30x\\release_3_0_10', 'a:1:{i:0;s:48:"\\phpbb\\db\\migration\\data\\v30x\\release_3_0_10_rc3";}', 1, 1, '', 1692321521, 1692321521),
('\\phpbb\\db\\migration\\data\\v30x\\release_3_0_10_rc1', 'a:1:{i:0;s:43:"\\phpbb\\db\\migration\\data\\v30x\\release_3_0_9";}', 1, 1, '', 1692321521, 1692321521),
('\\phpbb\\db\\migration\\data\\v30x\\release_3_0_10_rc2', 'a:1:{i:0;s:48:"\\phpbb\\db\\migration\\data\\v30x\\release_3_0_10_rc1";}', 1, 1, '', 1692321521, 1692321521),
('\\phpbb\\db\\migration\\data\\v30x\\release_3_0_10_rc3', 'a:1:{i:0;s:48:"\\phpbb\\db\\migration\\data\\v30x\\release_3_0_10_rc2";}', 1, 1, '', 1692321521, 1692321521),
('\\phpbb\\db\\migration\\data\\v30x\\release_3_0_11', 'a:1:{i:0;s:48:"\\phpbb\\db\\migration\\data\\v30x\\release_3_0_11_rc2";}', 1, 1, '', 1692321521, 1692321521),
('\\phpbb\\db\\migration\\data\\v30x\\release_3_0_11_rc1', 'a:1:{i:0;s:44:"\\phpbb\\db\\migration\\data\\v30x\\release_3_0_10";}', 1, 1, '', 1692321521, 1692321521),
('\\phpbb\\db\\migration\\data\\v30x\\release_3_0_11_rc2', 'a:1:{i:0;s:48:"\\phpbb\\db\\migration\\data\\v30x\\release_3_0_11_rc1";}', 1, 1, '', 1692321521, 1692321521),
('\\phpbb\\db\\migration\\data\\v30x\\release_3_0_12', 'a:1:{i:0;s:48:"\\phpbb\\db\\migration\\data\\v30x\\release_3_0_12_rc3";}', 1, 1, '', 1692321521, 1692321521),
('\\phpbb\\db\\migration\\data\\v30x\\release_3_0_12_rc1', 'a:1:{i:0;s:44:"\\phpbb\\db\\migration\\data\\v30x\\release_3_0_11";}', 1, 1, '', 1692321521, 1692321521),
('\\phpbb\\db\\migration\\data\\v30x\\release_3_0_12_rc2', 'a:1:{i:0;s:48:"\\phpbb\\db\\migration\\data\\v30x\\release_3_0_12_rc1";}', 1, 1, '', 1692321521, 1692321521),
('\\phpbb\\db\\migration\\data\\v30x\\release_3_0_12_rc3', 'a:1:{i:0;s:48:"\\phpbb\\db\\migration\\data\\v30x\\release_3_0_12_rc2";}', 1, 1, '', 1692321521, 1692321521),
('\\phpbb\\db\\migration\\data\\v30x\\release_3_0_13', 'a:1:{i:0;s:48:"\\phpbb\\db\\migration\\data\\v30x\\release_3_0_13_rc1";}', 1, 1, '', 1692321521, 1692321521),
('\\phpbb\\db\\migration\\data\\v30x\\release_3_0_13_pl1', 'a:1:{i:0;s:44:"\\phpbb\\db\\migration\\data\\v30x\\release_3_0_13";}', 1, 1, '', 1692321521, 1692321521),
('\\phpbb\\db\\migration\\data\\v30x\\release_3_0_13_rc1', 'a:1:{i:0;s:44:"\\phpbb\\db\\migration\\data\\v30x\\release_3_0_12";}', 1, 1, '', 1692321521, 1692321521),
('\\phpbb\\db\\migration\\data\\v30x\\release_3_0_14', 'a:1:{i:0;s:48:"\\phpbb\\db\\migration\\data\\v30x\\release_3_0_14_rc1";}', 1, 1, '', 1692321521, 1692321521),
('\\phpbb\\db\\migration\\data\\v30x\\release_3_0_14_rc1', 'a:1:{i:0;s:44:"\\phpbb\\db\\migration\\data\\v30x\\release_3_0_13";}', 1, 1, '', 1692321521, 1692321521),
('\\phpbb\\db\\migration\\data\\v30x\\release_3_0_1_rc1', 'a:1:{i:0;s:43:"\\phpbb\\db\\migration\\data\\v30x\\release_3_0_0";}', 1, 1, '', 1692321521, 1692321521),
('\\phpbb\\db\\migration\\data\\v30x\\release_3_0_2', 'a:1:{i:0;s:47:"\\phpbb\\db\\migration\\data\\v30x\\release_3_0_2_rc2";}', 1, 1, '', 1692321521, 1692321521),
('\\phpbb\\db\\migration\\data\\v30x\\release_3_0_2_rc1', 'a:1:{i:0;s:43:"\\phpbb\\db\\migration\\data\\v30x\\release_3_0_1";}', 1, 1, '', 1692321521, 1692321521),
('\\phpbb\\db\\migration\\data\\v30x\\release_3_0_2_rc2', 'a:1:{i:0;s:47:"\\phpbb\\db\\migration\\data\\v30x\\release_3_0_2_rc1";}', 1, 1, '', 1692321521, 1692321521),
('\\phpbb\\db\\migration\\data\\v30x\\release_3_0_3', 'a:1:{i:0;s:47:"\\phpbb\\db\\migration\\data\\v30x\\release_3_0_3_rc1";}', 1, 1, '', 1692321521, 1692321521),
('\\phpbb\\db\\migration\\data\\v30x\\release_3_0_3_rc1', 'a:1:{i:0;s:43:"\\phpbb\\db\\migration\\data\\v30x\\release_3_0_2";}', 1, 1, '', 1692321521, 1692321521),
('\\phpbb\\db\\migration\\data\\v30x\\release_3_0_4', 'a:1:{i:0;s:47:"\\phpbb\\db\\migration\\data\\v30x\\release_3_0_4_rc1";}', 1, 1, '', 1692321521, 1692321521),
('\\phpbb\\db\\migration\\data\\v30x\\release_3_0_4_rc1', 'a:1:{i:0;s:43:"\\phpbb\\db\\migration\\data\\v30x\\release_3_0_3";}', 1, 1, '', 1692321521, 1692321521),
('\\phpbb\\db\\migration\\data\\v30x\\release_3_0_5', 'a:1:{i:0;s:52:"\\phpbb\\db\\migration\\data\\v30x\\release_3_0_5_rc1part2";}', 1, 1, '', 1692321521, 1692321521),
('\\phpbb\\db\\migration\\data\\v30x\\release_3_0_5_rc1', 'a:1:{i:0;s:43:"\\phpbb\\db\\migration\\data\\v30x\\release_3_0_4";}', 1, 1, '', 1692321521, 1692321521),
('\\phpbb\\db\\migration\\data\\v30x\\release_3_0_5_rc1part2', 'a:1:{i:0;s:47:"\\phpbb\\db\\migration\\data\\v30x\\release_3_0_5_rc1";}', 1, 1, '', 1692321521, 1692321521),
('\\phpbb\\db\\migration\\data\\v30x\\release_3_0_6', 'a:1:{i:0;s:47:"\\phpbb\\db\\migration\\data\\v30x\\release_3_0_6_rc4";}', 1, 1, '', 1692321521, 1692321521),
('\\phpbb\\db\\migration\\data\\v30x\\release_3_0_6_rc1', 'a:1:{i:0;s:43:"\\phpbb\\db\\migration\\data\\v30x\\release_3_0_5";}', 1, 1, '', 1692321521, 1692321521),
('\\phpbb\\db\\migration\\data\\v30x\\release_3_0_6_rc2', 'a:1:{i:0;s:47:"\\phpbb\\db\\migration\\data\\v30x\\release_3_0_6_rc1";}', 1, 1, '', 1692321521, 1692321521),
('\\phpbb\\db\\migration\\data\\v30x\\release_3_0_6_rc3', 'a:1:{i:0;s:47:"\\phpbb\\db\\migration\\data\\v30x\\release_3_0_6_rc2";}', 1, 1, '', 1692321521, 1692321521),
('\\phpbb\\db\\migration\\data\\v30x\\release_3_0_6_rc4', 'a:1:{i:0;s:47:"\\phpbb\\db\\migration\\data\\v30x\\release_3_0_6_rc3";}', 1, 1, '', 1692321521, 1692321521),
('\\phpbb\\db\\migration\\data\\v30x\\release_3_0_7', 'a:1:{i:0;s:47:"\\phpbb\\db\\migration\\data\\v30x\\release_3_0_7_rc2";}', 1, 1, '', 1692321521, 1692321521),
('\\phpbb\\db\\migration\\data\\v30x\\release_3_0_7_pl1', 'a:1:{i:0;s:43:"\\phpbb\\db\\migration\\data\\v30x\\release_3_0_7";}', 1, 1, '', 1692321521, 1692321521),
('\\phpbb\\db\\migration\\data\\v30x\\release_3_0_7_rc1', 'a:1:{i:0;s:43:"\\phpbb\\db\\migration\\data\\v30x\\release_3_0_6";}', 1, 1, '', 1692321521, 1692321521),
('\\phpbb\\db\\migration\\data\\v30x\\release_3_0_7_rc2', 'a:1:{i:0;s:47:"\\phpbb\\db\\migration\\data\\v30x\\release_3_0_7_rc1";}', 1, 1, '', 1692321521, 1692321521),
('\\phpbb\\db\\migration\\data\\v30x\\release_3_0_8', 'a:1:{i:0;s:47:"\\phpbb\\db\\migration\\data\\v30x\\release_3_0_8_rc1";}', 1, 1, '', 1692321521, 1692321521),
('\\phpbb\\db\\migration\\data\\v30x\\release_3_0_8_rc1', 'a:1:{i:0;s:47:"\\phpbb\\db\\migration\\data\\v30x\\release_3_0_7_pl1";}', 1, 1, '', 1692321521, 1692321521),
('\\phpbb\\db\\migration\\data\\v30x\\release_3_0_9', 'a:1:{i:0;s:47:"\\phpbb\\db\\migration\\data\\v30x\\release_3_0_9_rc4";}', 1, 1, '', 1692321521, 1692321521),
('\\phpbb\\db\\migration\\data\\v30x\\release_3_0_9_rc1', 'a:1:{i:0;s:43:"\\phpbb\\db\\migration\\data\\v30x\\release_3_0_8";}', 1, 1, '', 1692321521, 1692321521),
('\\phpbb\\db\\migration\\data\\v30x\\release_3_0_9_rc2', 'a:1:{i:0;s:47:"\\phpbb\\db\\migration\\data\\v30x\\release_3_0_9_rc1";}', 1, 1, '', 1692321521, 1692321521),
('\\phpbb\\db\\migration\\data\\v30x\\release_3_0_9_rc3', 'a:1:{i:0;s:47:"\\phpbb\\db\\migration\\data\\v30x\\release_3_0_9_rc2";}', 1, 1, '', 1692321521, 1692321521),
('\\phpbb\\db\\migration\\data\\v30x\\release_3_0_9_rc4', 'a:1:{i:0;s:47:"\\phpbb\\db\\migration\\data\\v30x\\release_3_0_9_rc3";}', 1, 1, '', 1692321521, 1692321521),
('\\phpbb\\db\\migration\\data\\v310\\acp_prune_users_module', 'a:1:{i:0;s:35:"\\phpbb\\db\\migration\\data\\v310\\beta1";}', 1, 1, '', 1692321521, 1692321521),
('\\phpbb\\db\\migration\\data\\v310\\acp_style_components_module', 'a:1:{i:0;s:33:"\\phpbb\\db\\migration\\data\\v310\\dev";}', 1, 1, '', 1692321521, 1692321521),
('\\phpbb\\db\\migration\\data\\v310\\allow_cdn', 'a:1:{i:0;s:43:"\\phpbb\\db\\migration\\data\\v310\\jquery_update";}', 1, 1, '', 1692321521, 1692321521),
('\\phpbb\\db\\migration\\data\\v310\\alpha1', 'a:18:{i:0;s:46:"\\phpbb\\db\\migration\\data\\v30x\\local_url_bbcode";i:1;s:44:"\\phpbb\\db\\migration\\data\\v30x\\release_3_0_12";i:2;s:57:"\\phpbb\\db\\migration\\data\\v310\\acp_style_components_module";i:3;s:39:"\\phpbb\\db\\migration\\data\\v310\\allow_cdn";i:4;s:49:"\\phpbb\\db\\migration\\data\\v310\\auth_provider_oauth";i:5;s:37:"\\phpbb\\db\\migration\\data\\v310\\avatars";i:6;s:40:"\\phpbb\\db\\migration\\data\\v310\\boardindex";i:7;s:44:"\\phpbb\\db\\migration\\data\\v310\\config_db_text";i:8;s:45:"\\phpbb\\db\\migration\\data\\v310\\forgot_password";i:9;s:41:"\\phpbb\\db\\migration\\data\\v310\\mod_rewrite";i:10;s:49:"\\phpbb\\db\\migration\\data\\v310\\mysql_fulltext_drop";i:11;s:40:"\\phpbb\\db\\migration\\data\\v310\\namespaces";i:12;s:48:"\\phpbb\\db\\migration\\data\\v310\\notifications_cron";i:13;s:60:"\\phpbb\\db\\migration\\data\\v310\\notification_options_reconvert";i:14;s:38:"\\phpbb\\db\\migration\\data\\v310\\plupload";i:15;s:51:"\\phpbb\\db\\migration\\data\\v310\\signature_module_auth";i:16;s:52:"\\phpbb\\db\\migration\\data\\v310\\softdelete_mcp_modules";i:17;s:38:"\\phpbb\\db\\migration\\data\\v310\\teampage";}', 1, 1, '', 1692321521, 1692321521),
('\\phpbb\\db\\migration\\data\\v310\\alpha2', 'a:2:{i:0;s:36:"\\phpbb\\db\\migration\\data\\v310\\alpha1";i:1;s:51:"\\phpbb\\db\\migration\\data\\v310\\notifications_cron_p2";}', 1, 1, '', 1692321521, 1692321521),
('\\phpbb\\db\\migration\\data\\v310\\alpha3', 'a:4:{i:0;s:36:"\\phpbb\\db\\migration\\data\\v310\\alpha2";i:1;s:42:"\\phpbb\\db\\migration\\data\\v310\\avatar_types";i:2;s:39:"\\phpbb\\db\\migration\\data\\v310\\passwords";i:3;s:48:"\\phpbb\\db\\migration\\data\\v310\\profilefield_types";}', 1, 1, '', 1692321521, 1692321521),
('\\phpbb\\db\\migration\\data\\v310\\auth_provider_oauth', 'a:1:{i:0;s:43:"\\phpbb\\db\\migration\\data\\v30x\\release_3_0_0";}', 1, 1, '', 1692321521, 1692321521),
('\\phpbb\\db\\migration\\data\\v310\\auth_provider_oauth2', 'a:1:{i:0;s:49:"\\phpbb\\db\\migration\\data\\v310\\auth_provider_oauth";}', 1, 1, '', 1692321521, 1692321521),
('\\phpbb\\db\\migration\\data\\v310\\avatar_types', 'a:2:{i:0;s:33:"\\phpbb\\db\\migration\\data\\v310\\dev";i:1;s:37:"\\phpbb\\db\\migration\\data\\v310\\avatars";}', 1, 1, '', 1692321521, 1692321521),
('\\phpbb\\db\\migration\\data\\v310\\avatars', 'a:1:{i:0;s:44:"\\phpbb\\db\\migration\\data\\v30x\\release_3_0_11";}', 1, 1, '', 1692321521, 1692321521),
('\\phpbb\\db\\migration\\data\\v310\\beta1', 'a:7:{i:0;s:36:"\\phpbb\\db\\migration\\data\\v310\\alpha3";i:1;s:42:"\\phpbb\\db\\migration\\data\\v310\\passwords_p2";i:2;s:52:"\\phpbb\\db\\migration\\data\\v310\\postgres_fulltext_drop";i:3;s:63:"\\phpbb\\db\\migration\\data\\v310\\profilefield_change_load_settings";i:4;s:51:"\\phpbb\\db\\migration\\data\\v310\\profilefield_location";i:5;s:54:"\\phpbb\\db\\migration\\data\\v310\\soft_delete_mod_convert2";i:6;s:48:"\\phpbb\\db\\migration\\data\\v310\\ucp_popuppm_module";}', 1, 1, '', 1692321521, 1692321521),
('\\phpbb\\db\\migration\\data\\v310\\beta2', 'a:3:{i:0;s:35:"\\phpbb\\db\\migration\\data\\v310\\beta1";i:1;s:52:"\\phpbb\\db\\migration\\data\\v310\\acp_prune_users_module";i:2;s:59:"\\phpbb\\db\\migration\\data\\v310\\profilefield_location_cleanup";}', 1, 1, '', 1692321521, 1692321521),
('\\phpbb\\db\\migration\\data\\v310\\beta3', 'a:6:{i:0;s:35:"\\phpbb\\db\\migration\\data\\v310\\beta2";i:1;s:50:"\\phpbb\\db\\migration\\data\\v310\\auth_provider_oauth2";i:2;s:48:"\\phpbb\\db\\migration\\data\\v310\\board_contact_name";i:3;s:44:"\\phpbb\\db\\migration\\data\\v310\\jquery_update2";i:4;s:50:"\\phpbb\\db\\migration\\data\\v310\\live_searches_config";i:5;s:49:"\\phpbb\\db\\migration\\data\\v310\\prune_shadow_topics";}', 1, 1, '', 1692321521, 1692321521),
('\\phpbb\\db\\migration\\data\\v310\\beta4', 'a:3:{i:0;s:35:"\\phpbb\\db\\migration\\data\\v310\\beta3";i:1;s:69:"\\phpbb\\db\\migration\\data\\v310\\extensions_version_check_force_unstable";i:2;s:58:"\\phpbb\\db\\migration\\data\\v310\\reset_missing_captcha_plugin";}', 1, 1, '', 1692321521, 1692321521),
('\\phpbb\\db\\migration\\data\\v310\\board_contact_name', 'a:1:{i:0;s:35:"\\phpbb\\db\\migration\\data\\v310\\beta2";}', 1, 1, '', 1692321521, 1692321521),
('\\phpbb\\db\\migration\\data\\v310\\boardindex', 'a:0:{}', 1, 1, '', 1692321521, 1692321521),
('\\phpbb\\db\\migration\\data\\v310\\bot_update', 'a:1:{i:0;s:33:"\\phpbb\\db\\migration\\data\\v310\\rc6";}', 1, 1, '', 1692321521, 1692321521),
('\\phpbb\\db\\migration\\data\\v310\\captcha_plugins', 'a:1:{i:0;s:33:"\\phpbb\\db\\migration\\data\\v310\\rc2";}', 1, 1, '', 1692321521, 1692321521),
('\\phpbb\\db\\migration\\data\\v310\\config_db_text', 'a:1:{i:0;s:44:"\\phpbb\\db\\migration\\data\\v30x\\release_3_0_11";}', 1, 1, '', 1692321521, 1692321521),
('\\phpbb\\db\\migration\\data\\v310\\contact_admin_acp_module', 'a:0:{}', 1, 1, '', 1692321521, 1692321521),
('\\phpbb\\db\\migration\\data\\v310\\contact_admin_form', 'a:1:{i:0;s:44:"\\phpbb\\db\\migration\\data\\v310\\config_db_text";}', 1, 1, '', 1692321521, 1692321521),
('\\phpbb\\db\\migration\\data\\v310\\dev', 'a:5:{i:0;s:40:"\\phpbb\\db\\migration\\data\\v310\\extensions";i:1;s:45:"\\phpbb\\db\\migration\\data\\v310\\style_update_p2";i:2;s:41:"\\phpbb\\db\\migration\\data\\v310\\timezone_p2";i:3;s:52:"\\phpbb\\db\\migration\\data\\v310\\reported_posts_display";i:4;s:46:"\\phpbb\\db\\migration\\data\\v310\\migrations_table";}', 1, 1, '', 1692321521, 1692321521),
('\\phpbb\\db\\migration\\data\\v310\\extensions', 'a:1:{i:0;s:44:"\\phpbb\\db\\migration\\data\\v30x\\release_3_0_11";}', 1, 1, '', 1692321521, 1692321521),
('\\phpbb\\db\\migration\\data\\v310\\extensions_version_check_force_unstable', 'a:1:{i:0;s:33:"\\phpbb\\db\\migration\\data\\v310\\dev";}', 1, 1, '', 1692321521, 1692321521),
('\\phpbb\\db\\migration\\data\\v310\\forgot_password', 'a:1:{i:0;s:44:"\\phpbb\\db\\migration\\data\\v30x\\release_3_0_11";}', 1, 1, '', 1692321521, 1692321521),
('\\phpbb\\db\\migration\\data\\v310\\gold', 'a:2:{i:0;s:33:"\\phpbb\\db\\migration\\data\\v310\\rc6";i:1;s:40:"\\phpbb\\db\\migration\\data\\v310\\bot_update";}', 1, 1, '', 1692321521, 1692321521),
('\\phpbb\\db\\migration\\data\\v310\\jquery_update', 'a:1:{i:0;s:33:"\\phpbb\\db\\migration\\data\\v310\\dev";}', 1, 1, '', 1692321521, 1692321521),
('\\phpbb\\db\\migration\\data\\v310\\jquery_update2', 'a:1:{i:0;s:43:"\\phpbb\\db\\migration\\data\\v310\\jquery_update";}', 1, 1, '', 1692321521, 1692321521),
('\\phpbb\\db\\migration\\data\\v310\\live_searches_config', 'a:0:{}', 1, 1, '', 1692321521, 1692321521),
('\\phpbb\\db\\migration\\data\\v310\\migrations_table', 'a:0:{}', 1, 1, '', 1692321521, 1692321521),
('\\phpbb\\db\\migration\\data\\v310\\mod_rewrite', 'a:1:{i:0;s:33:"\\phpbb\\db\\migration\\data\\v310\\dev";}', 1, 1, '', 1692321521, 1692321521),
('\\phpbb\\db\\migration\\data\\v310\\mysql_fulltext_drop', 'a:1:{i:0;s:33:"\\phpbb\\db\\migration\\data\\v310\\dev";}', 1, 1, '', 1692321521, 1692321521),
('\\phpbb\\db\\migration\\data\\v310\\namespaces', 'a:1:{i:0;s:33:"\\phpbb\\db\\migration\\data\\v310\\dev";}', 1, 1, '', 1692321521, 1692321521),
('\\phpbb\\db\\migration\\data\\v310\\notification_options_reconvert', 'a:1:{i:0;s:54:"\\phpbb\\db\\migration\\data\\v310\\notifications_schema_fix";}', 1, 1, '', 1692321521, 1692321521),
('\\phpbb\\db\\migration\\data\\v310\\notifications', 'a:1:{i:0;s:33:"\\phpbb\\db\\migration\\data\\v310\\dev";}', 1, 1, '', 1692321521, 1692321521),
('\\phpbb\\db\\migration\\data\\v310\\notifications_cron', 'a:1:{i:0;s:43:"\\phpbb\\db\\migration\\data\\v310\\notifications";}', 1, 1, '', 1692321521, 1692321521),
('\\phpbb\\db\\migration\\data\\v310\\notifications_cron_p2', 'a:1:{i:0;s:48:"\\phpbb\\db\\migration\\data\\v310\\notifications_cron";}', 1, 1, '', 1692321521, 1692321521),
('\\phpbb\\db\\migration\\data\\v310\\notifications_schema_fix', 'a:1:{i:0;s:43:"\\phpbb\\db\\migration\\data\\v310\\notifications";}', 1, 1, '', 1692321521, 1692321521),
('\\phpbb\\db\\migration\\data\\v310\\notifications_use_full_name', 'a:1:{i:0;s:33:"\\phpbb\\db\\migration\\data\\v310\\rc3";}', 1, 1, '', 1692321521, 1692321521),
('\\phpbb\\db\\migration\\data\\v310\\passwords', 'a:1:{i:0;s:44:"\\phpbb\\db\\migration\\data\\v30x\\release_3_0_11";}', 1, 1, '', 1692321521, 1692321521),
('\\phpbb\\db\\migration\\data\\v310\\passwords_convert_p1', 'a:1:{i:0;s:42:"\\phpbb\\db\\migration\\data\\v310\\passwords_p2";}', 1, 1, '', 1692321521, 1692321521),
('\\phpbb\\db\\migration\\data\\v310\\passwords_convert_p2', 'a:1:{i:0;s:50:"\\phpbb\\db\\migration\\data\\v310\\passwords_convert_p1";}', 1, 1, '', 1692321521, 1692321521),
('\\phpbb\\db\\migration\\data\\v310\\passwords_p2', 'a:1:{i:0;s:39:"\\phpbb\\db\\migration\\data\\v310\\passwords";}', 1, 1, '', 1692321521, 1692321521),
('\\phpbb\\db\\migration\\data\\v310\\plupload', 'a:1:{i:0;s:33:"\\phpbb\\db\\migration\\data\\v310\\dev";}', 1, 1, '', 1692321521, 1692321521),
('\\phpbb\\db\\migration\\data\\v310\\postgres_fulltext_drop', 'a:1:{i:0;s:33:"\\phpbb\\db\\migration\\data\\v310\\dev";}', 1, 1, '', 1692321521, 1692321521),
('\\phpbb\\db\\migration\\data\\v310\\profilefield_aol', 'a:1:{i:0;s:56:"\\phpbb\\db\\migration\\data\\v310\\profilefield_yahoo_cleanup";}', 1, 1, '', 1692321521, 1692321521),
('\\phpbb\\db\\migration\\data\\v310\\profilefield_aol_cleanup', 'a:1:{i:0;s:46:"\\phpbb\\db\\migration\\data\\v310\\profilefield_aol";}', 1, 1, '', 1692321521, 1692321521),
('\\phpbb\\db\\migration\\data\\v310\\profilefield_change_load_settings', 'a:1:{i:0;s:54:"\\phpbb\\db\\migration\\data\\v310\\profilefield_aol_cleanup";}', 1, 1, '', 1692321521, 1692321521),
('\\phpbb\\db\\migration\\data\\v310\\profilefield_cleanup', 'a:2:{i:0;s:52:"\\phpbb\\db\\migration\\data\\v310\\profilefield_interests";i:1;s:53:"\\phpbb\\db\\migration\\data\\v310\\profilefield_occupation";}', 1, 1, '', 1692321521, 1692321521),
('\\phpbb\\db\\migration\\data\\v310\\profilefield_contact_field', 'a:1:{i:0;s:56:"\\phpbb\\db\\migration\\data\\v310\\profilefield_on_memberlist";}', 1, 1, '', 1692321521, 1692321521),
('\\phpbb\\db\\migration\\data\\v310\\profilefield_facebook', 'a:3:{i:0;s:56:"\\phpbb\\db\\migration\\data\\v310\\profilefield_contact_field";i:1;s:55:"\\phpbb\\db\\migration\\data\\v310\\profilefield_show_novalue";i:2;s:48:"\\phpbb\\db\\migration\\data\\v310\\profilefield_types";}', 1, 1, '', 1692321521, 1692321521),
('\\phpbb\\db\\migration\\data\\v310\\profilefield_field_validation_length', 'a:1:{i:0;s:33:"\\phpbb\\db\\migration\\data\\v310\\rc3";}', 1, 1, '', 1692321521, 1692321521),
('\\phpbb\\db\\migration\\data\\v310\\profilefield_googleplus', 'a:3:{i:0;s:56:"\\phpbb\\db\\migration\\data\\v310\\profilefield_contact_field";i:1;s:55:"\\phpbb\\db\\migration\\data\\v310\\profilefield_show_novalue";i:2;s:48:"\\phpbb\\db\\migration\\data\\v310\\profilefield_types";}', 1, 1, '', 1692321521, 1692321521),
('\\phpbb\\db\\migration\\data\\v310\\profilefield_icq', 'a:1:{i:0;s:56:"\\phpbb\\db\\migration\\data\\v310\\profilefield_contact_field";}', 1, 1, '', 1692321521, 1692321521),
('\\phpbb\\db\\migration\\data\\v310\\profilefield_icq_cleanup', 'a:1:{i:0;s:46:"\\phpbb\\db\\migration\\data\\v310\\profilefield_icq";}', 1, 1, '', 1692321521, 1692321521),
('\\phpbb\\db\\migration\\data\\v310\\profilefield_interests', 'a:2:{i:0;s:48:"\\phpbb\\db\\migration\\data\\v310\\profilefield_types";i:1;s:55:"\\phpbb\\db\\migration\\data\\v310\\profilefield_show_novalue";}', 1, 1, '', 1692321521, 1692321521),
('\\phpbb\\db\\migration\\data\\v310\\profilefield_location', 'a:2:{i:0;s:48:"\\phpbb\\db\\migration\\data\\v310\\profilefield_types";i:1;s:56:"\\phpbb\\db\\migration\\data\\v310\\profilefield_on_memberlist";}', 1, 1, '', 1692321521, 1692321521),
('\\phpbb\\db\\migration\\data\\v310\\profilefield_location_cleanup', 'a:1:{i:0;s:51:"\\phpbb\\db\\migration\\data\\v310\\profilefield_location";}', 1, 1, '', 1692321521, 1692321521),
('\\phpbb\\db\\migration\\data\\v310\\profilefield_occupation', 'a:1:{i:0;s:52:"\\phpbb\\db\\migration\\data\\v310\\profilefield_interests";}', 1, 1, '', 1692321521, 1692321521),
('\\phpbb\\db\\migration\\data\\v310\\profilefield_on_memberlist', 'a:1:{i:0;s:50:"\\phpbb\\db\\migration\\data\\v310\\profilefield_cleanup";}', 1, 1, '', 1692321521, 1692321521),
('\\phpbb\\db\\migration\\data\\v310\\profilefield_show_novalue', 'a:1:{i:0;s:48:"\\phpbb\\db\\migration\\data\\v310\\profilefield_types";}', 1, 1, '', 1692321521, 1692321521),
('\\phpbb\\db\\migration\\data\\v310\\profilefield_skype', 'a:3:{i:0;s:56:"\\phpbb\\db\\migration\\data\\v310\\profilefield_contact_field";i:1;s:55:"\\phpbb\\db\\migration\\data\\v310\\profilefield_show_novalue";i:2;s:48:"\\phpbb\\db\\migration\\data\\v310\\profilefield_types";}', 1, 1, '', 1692321521, 1692321521),
('\\phpbb\\db\\migration\\data\\v310\\profilefield_twitter', 'a:3:{i:0;s:56:"\\phpbb\\db\\migration\\data\\v310\\profilefield_contact_field";i:1;s:55:"\\phpbb\\db\\migration\\data\\v310\\profilefield_show_novalue";i:2;s:48:"\\phpbb\\db\\migration\\data\\v310\\profilefield_types";}', 1, 1, '', 1692321521, 1692321521),
('\\phpbb\\db\\migration\\data\\v310\\profilefield_types', 'a:1:{i:0;s:36:"\\phpbb\\db\\migration\\data\\v310\\alpha2";}', 1, 1, '', 1692321521, 1692321521),
('\\phpbb\\db\\migration\\data\\v310\\profilefield_website', 'a:2:{i:0;s:56:"\\phpbb\\db\\migration\\data\\v310\\profilefield_on_memberlist";i:1;s:54:"\\phpbb\\db\\migration\\data\\v310\\profilefield_icq_cleanup";}', 1, 1, '', 1692321521, 1692321521),
('\\phpbb\\db\\migration\\data\\v310\\profilefield_website_cleanup', 'a:1:{i:0;s:50:"\\phpbb\\db\\migration\\data\\v310\\profilefield_website";}', 1, 1, '', 1692321521, 1692321521),
('\\phpbb\\db\\migration\\data\\v310\\profilefield_wlm', 'a:1:{i:0;s:58:"\\phpbb\\db\\migration\\data\\v310\\profilefield_website_cleanup";}', 1, 1, '', 1692321521, 1692321521),
('\\phpbb\\db\\migration\\data\\v310\\profilefield_wlm_cleanup', 'a:1:{i:0;s:46:"\\phpbb\\db\\migration\\data\\v310\\profilefield_wlm";}', 1, 1, '', 1692321521, 1692321521),
('\\phpbb\\db\\migration\\data\\v310\\profilefield_yahoo', 'a:1:{i:0;s:54:"\\phpbb\\db\\migration\\data\\v310\\profilefield_wlm_cleanup";}', 1, 1, '', 1692321521, 1692321521),
('\\phpbb\\db\\migration\\data\\v310\\profilefield_yahoo_cleanup', 'a:1:{i:0;s:48:"\\phpbb\\db\\migration\\data\\v310\\profilefield_yahoo";}', 1, 1, '', 1692321521, 1692321521),
('\\phpbb\\db\\migration\\data\\v310\\profilefield_youtube', 'a:3:{i:0;s:56:"\\phpbb\\db\\migration\\data\\v310\\profilefield_contact_field";i:1;s:55:"\\phpbb\\db\\migration\\data\\v310\\profilefield_show_novalue";i:2;s:48:"\\phpbb\\db\\migration\\data\\v310\\profilefield_types";}', 1, 1, '', 1692321521, 1692321521),
('\\phpbb\\db\\migration\\data\\v310\\prune_shadow_topics', 'a:1:{i:0;s:33:"\\phpbb\\db\\migration\\data\\v310\\dev";}', 1, 1, '', 1692321521, 1692321521),
('\\phpbb\\db\\migration\\data\\v310\\rc1', 'a:9:{i:0;s:35:"\\phpbb\\db\\migration\\data\\v310\\beta4";i:1;s:54:"\\phpbb\\db\\migration\\data\\v310\\contact_admin_acp_module";i:2;s:48:"\\phpbb\\db\\migration\\data\\v310\\contact_admin_form";i:3;s:50:"\\phpbb\\db\\migration\\data\\v310\\passwords_convert_p2";i:4;s:51:"\\phpbb\\db\\migration\\data\\v310\\profilefield_facebook";i:5;s:53:"\\phpbb\\db\\migration\\data\\v310\\profilefield_googleplus";i:6;s:48:"\\phpbb\\db\\migration\\data\\v310\\profilefield_skype";i:7;s:50:"\\phpbb\\db\\migration\\data\\v310\\profilefield_twitter";i:8;s:50:"\\phpbb\\db\\migration\\data\\v310\\profilefield_youtube";}', 1, 1, '', 1692321521, 1692321521),
('\\phpbb\\db\\migration\\data\\v310\\rc2', 'a:1:{i:0;s:33:"\\phpbb\\db\\migration\\data\\v310\\rc1";}', 1, 1, '', 1692321521, 1692321521),
('\\phpbb\\db\\migration\\data\\v310\\rc3', 'a:5:{i:0;s:33:"\\phpbb\\db\\migration\\data\\v310\\rc2";i:1;s:45:"\\phpbb\\db\\migration\\data\\v310\\captcha_plugins";i:2;s:53:"\\phpbb\\db\\migration\\data\\v310\\rename_too_long_indexes";i:3;s:41:"\\phpbb\\db\\migration\\data\\v310\\search_type";i:4;s:49:"\\phpbb\\db\\migration\\data\\v310\\topic_sort_username";}', 1, 1, '', 1692321521, 1692321521),
('\\phpbb\\db\\migration\\data\\v310\\rc4', 'a:2:{i:0;s:33:"\\phpbb\\db\\migration\\data\\v310\\rc3";i:1;s:57:"\\phpbb\\db\\migration\\data\\v310\\notifications_use_full_name";}', 1, 1, '', 1692321521, 1692321521),
('\\phpbb\\db\\migration\\data\\v310\\rc5', 'a:3:{i:0;s:33:"\\phpbb\\db\\migration\\data\\v310\\rc4";i:1;s:66:"\\phpbb\\db\\migration\\data\\v310\\profilefield_field_validation_length";i:2;s:53:"\\phpbb\\db\\migration\\data\\v310\\remove_acp_styles_cache";}', 1, 1, '', 1692321521, 1692321521),
('\\phpbb\\db\\migration\\data\\v310\\rc6', 'a:1:{i:0;s:33:"\\phpbb\\db\\migration\\data\\v310\\rc5";}', 1, 1, '', 1692321521, 1692321521),
('\\phpbb\\db\\migration\\data\\v310\\remove_acp_styles_cache', 'a:1:{i:0;s:33:"\\phpbb\\db\\migration\\data\\v310\\rc4";}', 1, 1, '', 1692321521, 1692321521),
('\\phpbb\\db\\migration\\data\\v310\\rename_too_long_indexes', 'a:1:{i:0;s:43:"\\phpbb\\db\\migration\\data\\v30x\\release_3_0_0";}', 1, 1, '', 1692321521, 1692321521),
('\\phpbb\\db\\migration\\data\\v310\\reported_posts_display', 'a:1:{i:0;s:44:"\\phpbb\\db\\migration\\data\\v30x\\release_3_0_11";}', 1, 1, '', 1692321521, 1692321521),
('\\phpbb\\db\\migration\\data\\v310\\reset_missing_captcha_plugin', 'a:1:{i:0;s:33:"\\phpbb\\db\\migration\\data\\v310\\dev";}', 1, 1, '', 1692321521, 1692321521),
('\\phpbb\\db\\migration\\data\\v310\\search_type', 'a:1:{i:0;s:33:"\\phpbb\\db\\migration\\data\\v310\\dev";}', 1, 1, '', 1692321521, 1692321521),
('\\phpbb\\db\\migration\\data\\v310\\signature_module_auth', 'a:1:{i:0;s:33:"\\phpbb\\db\\migration\\data\\v310\\dev";}', 1, 1, '', 1692321521, 1692321521),
('\\phpbb\\db\\migration\\data\\v310\\soft_delete_mod_convert', 'a:1:{i:0;s:36:"\\phpbb\\db\\migration\\data\\v310\\alpha3";}', 1, 1, '', 1692321521, 1692321521),
('\\phpbb\\db\\migration\\data\\v310\\soft_delete_mod_convert2', 'a:1:{i:0;s:53:"\\phpbb\\db\\migration\\data\\v310\\soft_delete_mod_convert";}', 1, 1, '', 1692321521, 1692321521),
('\\phpbb\\db\\migration\\data\\v310\\softdelete_mcp_modules', 'a:2:{i:0;s:33:"\\phpbb\\db\\migration\\data\\v310\\dev";i:1;s:43:"\\phpbb\\db\\migration\\data\\v310\\softdelete_p2";}', 1, 1, '', 1692321521, 1692321521),
('\\phpbb\\db\\migration\\data\\v310\\softdelete_p1', 'a:1:{i:0;s:33:"\\phpbb\\db\\migration\\data\\v310\\dev";}', 1, 1, '', 1692321521, 1692321521),
('\\phpbb\\db\\migration\\data\\v310\\softdelete_p2', 'a:2:{i:0;s:33:"\\phpbb\\db\\migration\\data\\v310\\dev";i:1;s:43:"\\phpbb\\db\\migration\\data\\v310\\softdelete_p1";}', 1, 1, '', 1692321521, 1692321521),
('\\phpbb\\db\\migration\\data\\v310\\style_update_p1', 'a:1:{i:0;s:44:"\\phpbb\\db\\migration\\data\\v30x\\release_3_0_11";}', 1, 1, '', 1692321521, 1692321521),
('\\phpbb\\db\\migration\\data\\v310\\style_update_p2', 'a:1:{i:0;s:45:"\\phpbb\\db\\migration\\data\\v310\\style_update_p1";}', 1, 1, '', 1692321521, 1692321521),
('\\phpbb\\db\\migration\\data\\v310\\teampage', 'a:1:{i:0;s:33:"\\phpbb\\db\\migration\\data\\v310\\dev";}', 1, 1, '', 1692321521, 1692321521),
('\\phpbb\\db\\migration\\data\\v310\\timezone', 'a:1:{i:0;s:44:"\\phpbb\\db\\migration\\data\\v30x\\release_3_0_11";}', 1, 1, '', 1692321521, 1692321521),
('\\phpbb\\db\\migration\\data\\v310\\timezone_p2', 'a:1:{i:0;s:38:"\\phpbb\\db\\migration\\data\\v310\\timezone";}', 1, 1, '', 1692321521, 1692321521),
('\\phpbb\\db\\migration\\data\\v310\\topic_sort_username', 'a:1:{i:0;s:33:"\\phpbb\\db\\migration\\data\\v310\\dev";}', 1, 1, '', 1692321521, 1692321521),
('\\phpbb\\db\\migration\\data\\v310\\ucp_popuppm_module', 'a:1:{i:0;s:33:"\\phpbb\\db\\migration\\data\\v310\\dev";}', 1, 1, '', 1692321521, 1692321521),
('\\phpbb\\db\\migration\\data\\v31x\\add_jabber_ssl_context_config_options', 'a:1:{i:0;s:35:"\\phpbb\\db\\migration\\data\\v31x\\v3110";}', 1, 1, '', 1692321521, 1692321521),
('\\phpbb\\db\\migration\\data\\v31x\\add_latest_topics_index', 'a:1:{i:0;s:35:"\\phpbb\\db\\migration\\data\\v31x\\v3110";}', 1, 1, '', 1692321521, 1692321521),
('\\phpbb\\db\\migration\\data\\v31x\\add_log_time_index', 'a:1:{i:0;s:34:"\\phpbb\\db\\migration\\data\\v31x\\v319";}', 1, 1, '', 1692321521, 1692321521),
('\\phpbb\\db\\migration\\data\\v31x\\add_smtp_ssl_context_config_options', 'a:1:{i:0;s:35:"\\phpbb\\db\\migration\\data\\v31x\\v3110";}', 1, 1, '', 1692321521, 1692321521),
('\\phpbb\\db\\migration\\data\\v31x\\increase_size_of_dateformat', 'a:1:{i:0;s:34:"\\phpbb\\db\\migration\\data\\v31x\\v317";}', 1, 1, '', 1692321521, 1692321521),
('\\phpbb\\db\\migration\\data\\v31x\\increase_size_of_emotion', 'a:1:{i:0;s:35:"\\phpbb\\db\\migration\\data\\v31x\\v3110";}', 1, 1, '', 1692321521, 1692321521),
('\\phpbb\\db\\migration\\data\\v31x\\m_pm_report', 'a:1:{i:0;s:37:"\\phpbb\\db\\migration\\data\\v31x\\v316rc1";}', 1, 1, '', 1692321521, 1692321521),
('\\phpbb\\db\\migration\\data\\v31x\\m_softdelete_global', 'a:1:{i:0;s:34:"\\phpbb\\db\\migration\\data\\v31x\\v311";}', 1, 1, '', 1692321521, 1692321521),
('\\phpbb\\db\\migration\\data\\v31x\\plupload_last_gc_dynamic', 'a:1:{i:0;s:34:"\\phpbb\\db\\migration\\data\\v31x\\v312";}', 1, 1, '', 1692321521, 1692321521),
('\\phpbb\\db\\migration\\data\\v31x\\profilefield_remove_underscore_from_alpha', 'a:1:{i:0;s:34:"\\phpbb\\db\\migration\\data\\v31x\\v311";}', 1, 1, '', 1692321521, 1692321521),
('\\phpbb\\db\\migration\\data\\v31x\\profilefield_yahoo_update_url', 'a:1:{i:0;s:34:"\\phpbb\\db\\migration\\data\\v31x\\v312";}', 1, 1, '', 1692321521, 1692321521),
('\\phpbb\\db\\migration\\data\\v31x\\remove_duplicate_migrations', 'a:1:{i:0;s:35:"\\phpbb\\db\\migration\\data\\v31x\\v3110";}', 1, 1, '', 1692321521, 1692321521),
('\\phpbb\\db\\migration\\data\\v31x\\style_update', 'a:1:{i:0;s:34:"\\phpbb\\db\\migration\\data\\v310\\gold";}', 1, 1, '', 1692321521, 1692321521),
('\\phpbb\\db\\migration\\data\\v31x\\update_custom_bbcodes_with_idn', 'a:1:{i:0;s:34:"\\phpbb\\db\\migration\\data\\v31x\\v312";}', 1, 1, '', 1692321521, 1692321521),
('\\phpbb\\db\\migration\\data\\v31x\\update_hashes', 'a:1:{i:0;s:35:"\\phpbb\\db\\migration\\data\\v31x\\v3110";}', 1, 1, '', 1692321521, 1692321521),
('\\phpbb\\db\\migration\\data\\v31x\\v311', 'a:2:{i:0;s:34:"\\phpbb\\db\\migration\\data\\v310\\gold";i:1;s:42:"\\phpbb\\db\\migration\\data\\v31x\\style_update";}', 1, 1, '', 1692321521, 1692321521),
('\\phpbb\\db\\migration\\data\\v31x\\v3110', 'a:1:{i:0;s:38:"\\phpbb\\db\\migration\\data\\v31x\\v3110rc1";}', 1, 1, '', 1692321521, 1692321521),
('\\phpbb\\db\\migration\\data\\v31x\\v3110rc1', 'a:1:{i:0;s:34:"\\phpbb\\db\\migration\\data\\v31x\\v319";}', 1, 1, '', 1692321521, 1692321521),
('\\phpbb\\db\\migration\\data\\v31x\\v3111', 'a:1:{i:0;s:38:"\\phpbb\\db\\migration\\data\\v31x\\v3111rc1";}', 1, 1, '', 1692321521, 1692321521),
('\\phpbb\\db\\migration\\data\\v31x\\v3111rc1', 'a:8:{i:0;s:35:"\\phpbb\\db\\migration\\data\\v31x\\v3110";i:1;s:48:"\\phpbb\\db\\migration\\data\\v31x\\add_log_time_index";i:2;s:54:"\\phpbb\\db\\migration\\data\\v31x\\increase_size_of_emotion";i:3;s:67:"\\phpbb\\db\\migration\\data\\v31x\\add_jabber_ssl_context_config_options";i:4;s:65:"\\phpbb\\db\\migration\\data\\v31x\\add_smtp_ssl_context_config_options";i:5;s:43:"\\phpbb\\db\\migration\\data\\v31x\\update_hashes";i:6;s:57:"\\phpbb\\db\\migration\\data\\v31x\\remove_duplicate_migrations";i:7;s:53:"\\phpbb\\db\\migration\\data\\v31x\\add_latest_topics_index";}', 1, 1, '', 1692321521, 1692321521),
('\\phpbb\\db\\migration\\data\\v31x\\v3112', 'a:1:{i:0;s:35:"\\phpbb\\db\\migration\\data\\v31x\\v3111";}', 1, 1, '', 1692321521, 1692321521),
('\\phpbb\\db\\migration\\data\\v31x\\v312', 'a:1:{i:0;s:37:"\\phpbb\\db\\migration\\data\\v31x\\v312rc1";}', 1, 1, '', 1692321521, 1692321521),
('\\phpbb\\db\\migration\\data\\v31x\\v312rc1', 'a:2:{i:0;s:34:"\\phpbb\\db\\migration\\data\\v31x\\v311";i:1;s:49:"\\phpbb\\db\\migration\\data\\v31x\\m_softdelete_global";}', 1, 1, '', 1692321521, 1692321521),
('\\phpbb\\db\\migration\\data\\v31x\\v313', 'a:1:{i:0;s:37:"\\phpbb\\db\\migration\\data\\v31x\\v313rc2";}', 1, 1, '', 1692321521, 1692321521),
('\\phpbb\\db\\migration\\data\\v31x\\v313rc1', 'a:5:{i:0;s:48:"\\phpbb\\db\\migration\\data\\v30x\\release_3_0_13_rc1";i:1;s:54:"\\phpbb\\db\\migration\\data\\v31x\\plupload_last_gc_dynamic";i:2;s:71:"\\phpbb\\db\\migration\\data\\v31x\\profilefield_remove_underscore_from_alpha";i:3;s:59:"\\phpbb\\db\\migration\\data\\v31x\\profilefield_yahoo_update_url";i:4;s:60:"\\phpbb\\db\\migration\\data\\v31x\\update_custom_bbcodes_with_idn";}', 1, 1, '', 1692321521, 1692321521),
('\\phpbb\\db\\migration\\data\\v31x\\v313rc2', 'a:2:{i:0;s:48:"\\phpbb\\db\\migration\\data\\v30x\\release_3_0_13_pl1";i:1;s:37:"\\phpbb\\db\\migration\\data\\v31x\\v313rc1";}', 1, 1, '', 1692321521, 1692321521),
('\\phpbb\\db\\migration\\data\\v31x\\v314', 'a:2:{i:0;s:44:"\\phpbb\\db\\migration\\data\\v30x\\release_3_0_14";i:1;s:37:"\\phpbb\\db\\migration\\data\\v31x\\v314rc2";}', 1, 1, '', 1692321521, 1692321521),
('\\phpbb\\db\\migration\\data\\v31x\\v314rc1', 'a:1:{i:0;s:34:"\\phpbb\\db\\migration\\data\\v31x\\v313";}', 1, 1, '', 1692321521, 1692321521),
('\\phpbb\\db\\migration\\data\\v31x\\v314rc2', 'a:2:{i:0;s:48:"\\phpbb\\db\\migration\\data\\v30x\\release_3_0_14_rc1";i:1;s:37:"\\phpbb\\db\\migration\\data\\v31x\\v314rc1";}', 1, 1, '', 1692321521, 1692321521),
('\\phpbb\\db\\migration\\data\\v31x\\v315', 'a:1:{i:0;s:37:"\\phpbb\\db\\migration\\data\\v31x\\v315rc1";}', 1, 1, '', 1692321521, 1692321521),
('\\phpbb\\db\\migration\\data\\v31x\\v315rc1', 'a:1:{i:0;s:34:"\\phpbb\\db\\migration\\data\\v31x\\v314";}', 1, 1, '', 1692321521, 1692321521),
('\\phpbb\\db\\migration\\data\\v31x\\v316', 'a:1:{i:0;s:37:"\\phpbb\\db\\migration\\data\\v31x\\v316rc1";}', 1, 1, '', 1692321521, 1692321521),
('\\phpbb\\db\\migration\\data\\v31x\\v316rc1', 'a:1:{i:0;s:34:"\\phpbb\\db\\migration\\data\\v31x\\v315";}', 1, 1, '', 1692321521, 1692321521),
('\\phpbb\\db\\migration\\data\\v31x\\v317', 'a:1:{i:0;s:37:"\\phpbb\\db\\migration\\data\\v31x\\v317rc1";}', 1, 1, '', 1692321521, 1692321521),
('\\phpbb\\db\\migration\\data\\v31x\\v317pl1', 'a:1:{i:0;s:34:"\\phpbb\\db\\migration\\data\\v31x\\v317";}', 1, 1, '', 1692321521, 1692321521),
('\\phpbb\\db\\migration\\data\\v31x\\v317rc1', 'a:2:{i:0;s:41:"\\phpbb\\db\\migration\\data\\v31x\\m_pm_report";i:1;s:34:"\\phpbb\\db\\migration\\data\\v31x\\v316";}', 1, 1, '', 1692321521, 1692321521),
('\\phpbb\\db\\migration\\data\\v31x\\v318', 'a:1:{i:0;s:37:"\\phpbb\\db\\migration\\data\\v31x\\v318rc1";}', 1, 1, '', 1692321521, 1692321521),
('\\phpbb\\db\\migration\\data\\v31x\\v318rc1', 'a:2:{i:0;s:57:"\\phpbb\\db\\migration\\data\\v31x\\increase_size_of_dateformat";i:1;s:37:"\\phpbb\\db\\migration\\data\\v31x\\v317pl1";}', 1, 1, '', 1692321521, 1692321521),
('\\phpbb\\db\\migration\\data\\v31x\\v319', 'a:1:{i:0;s:37:"\\phpbb\\db\\migration\\data\\v31x\\v319rc1";}', 1, 1, '', 1692321521, 1692321521),
('\\phpbb\\db\\migration\\data\\v31x\\v319rc1', 'a:1:{i:0;s:34:"\\phpbb\\db\\migration\\data\\v31x\\v318";}', 1, 1, '', 1692321521, 1692321521),
('\\phpbb\\db\\migration\\data\\v320\\add_help_phpbb', 'a:1:{i:0;s:37:"\\phpbb\\db\\migration\\data\\v320\\v320rc1";}', 1, 1, '', 1692321521, 1692321521),
('\\phpbb\\db\\migration\\data\\v320\\allowed_schemes_links', 'a:1:{i:0;s:33:"\\phpbb\\db\\migration\\data\\v320\\dev";}', 1, 1, '', 1692321521, 1692321521),
('\\phpbb\\db\\migration\\data\\v320\\announce_global_permission', 'a:1:{i:0;s:33:"\\phpbb\\db\\migration\\data\\v320\\dev";}', 1, 1, '', 1692321521, 1692321521),
('\\phpbb\\db\\migration\\data\\v320\\cookie_notice', 'a:1:{i:0;s:37:"\\phpbb\\db\\migration\\data\\v320\\v320rc2";}', 1, 1, '', 1692321521, 1692321521),
('\\phpbb\\db\\migration\\data\\v320\\default_data_type_ids', 'a:2:{i:0;s:36:"\\phpbb\\db\\migration\\data\\v320\\v320a2";i:1;s:42:"\\phpbb\\db\\migration\\data\\v320\\oauth_states";}', 1, 1, '', 1692321521, 1692321521),
('\\phpbb\\db\\migration\\data\\v320\\dev', 'a:1:{i:0;s:34:"\\phpbb\\db\\migration\\data\\v31x\\v316";}', 1, 1, '', 1692321521, 1692321521),
('\\phpbb\\db\\migration\\data\\v320\\font_awesome_update', 'a:1:{i:0;s:33:"\\phpbb\\db\\migration\\data\\v320\\dev";}', 1, 1, '', 1692321521, 1692321521),
('\\phpbb\\db\\migration\\data\\v320\\icons_alt', 'a:1:{i:0;s:33:"\\phpbb\\db\\migration\\data\\v320\\dev";}', 1, 1, '', 1692321521, 1692321521),
('\\phpbb\\db\\migration\\data\\v320\\log_post_id', 'a:1:{i:0;s:33:"\\phpbb\\db\\migration\\data\\v320\\dev";}', 1, 1, '', 1692321521, 1692321521),
('\\phpbb\\db\\migration\\data\\v320\\notifications_board', 'a:1:{i:0;s:33:"\\phpbb\\db\\migration\\data\\v320\\dev";}', 1, 1, '', 1692321521, 1692321521),
('\\phpbb\\db\\migration\\data\\v320\\oauth_states', 'a:1:{i:0;s:49:"\\phpbb\\db\\migration\\data\\v310\\auth_provider_oauth";}', 1, 1, '', 1692321521, 1692321521),
('\\phpbb\\db\\migration\\data\\v320\\remote_upload_validation', 'a:1:{i:0;s:36:"\\phpbb\\db\\migration\\data\\v320\\v320a2";}', 1, 1, '', 1692321521, 1692321521),
('\\phpbb\\db\\migration\\data\\v320\\remove_outdated_media', 'a:1:{i:0;s:33:"\\phpbb\\db\\migration\\data\\v320\\dev";}', 1, 1, '', 1692321521, 1692321521),
('\\phpbb\\db\\migration\\data\\v320\\remove_profilefield_wlm', 'a:1:{i:0;s:33:"\\phpbb\\db\\migration\\data\\v320\\dev";}', 1, 1, '', 1692321521, 1692321521),
('\\phpbb\\db\\migration\\data\\v320\\report_id_auto_increment', 'a:1:{i:0;s:51:"\\phpbb\\db\\migration\\data\\v320\\default_data_type_ids";}', 1, 1, '', 1692321521, 1692321521),
('\\phpbb\\db\\migration\\data\\v320\\text_reparser', 'a:2:{i:0;s:48:"\\phpbb\\db\\migration\\data\\v310\\contact_admin_form";i:1;s:51:"\\phpbb\\db\\migration\\data\\v320\\allowed_schemes_links";}', 1, 1, '', 1692321521, 1692321521),
('\\phpbb\\db\\migration\\data\\v320\\v320', 'a:2:{i:0;s:54:"\\phpbb\\db\\migration\\data\\v31x\\increase_size_of_emotion";i:1;s:43:"\\phpbb\\db\\migration\\data\\v320\\cookie_notice";}', 1, 1, '', 1692321521, 1692321521),
('\\phpbb\\db\\migration\\data\\v320\\v320a1', 'a:9:{i:0;s:33:"\\phpbb\\db\\migration\\data\\v320\\dev";i:1;s:51:"\\phpbb\\db\\migration\\data\\v320\\allowed_schemes_links";i:2;s:56:"\\phpbb\\db\\migration\\data\\v320\\announce_global_permission";i:3;s:53:"\\phpbb\\db\\migration\\data\\v320\\remove_profilefield_wlm";i:4;s:49:"\\phpbb\\db\\migration\\data\\v320\\font_awesome_update";i:5;s:39:"\\phpbb\\db\\migration\\data\\v320\\icons_alt";i:6;s:41:"\\phpbb\\db\\migration\\data\\v320\\log_post_id";i:7;s:51:"\\phpbb\\db\\migration\\data\\v320\\remove_outdated_media";i:8;s:49:"\\phpbb\\db\\migration\\data\\v320\\notifications_board";}', 1, 1, '', 1692321521, 1692321521),
('\\phpbb\\db\\migration\\data\\v320\\v320a2', 'a:3:{i:0;s:37:"\\phpbb\\db\\migration\\data\\v31x\\v317rc1";i:1;s:43:"\\phpbb\\db\\migration\\data\\v320\\text_reparser";i:2;s:36:"\\phpbb\\db\\migration\\data\\v320\\v320a1";}', 1, 1, '', 1692321521, 1692321521),
('\\phpbb\\db\\migration\\data\\v320\\v320b1', 'a:4:{i:0;s:37:"\\phpbb\\db\\migration\\data\\v31x\\v317pl1";i:1;s:36:"\\phpbb\\db\\migration\\data\\v320\\v320a2";i:2;s:57:"\\phpbb\\db\\migration\\data\\v31x\\increase_size_of_dateformat";i:3;s:51:"\\phpbb\\db\\migration\\data\\v320\\default_data_type_ids";}', 1, 1, '', 1692321521, 1692321521),
('\\phpbb\\db\\migration\\data\\v320\\v320b2', 'a:3:{i:0;s:34:"\\phpbb\\db\\migration\\data\\v31x\\v318";i:1;s:36:"\\phpbb\\db\\migration\\data\\v320\\v320b1";i:2;s:54:"\\phpbb\\db\\migration\\data\\v320\\remote_upload_validation";}', 1, 1, '', 1692321521, 1692321521),
('\\phpbb\\db\\migration\\data\\v320\\v320rc1', 'a:3:{i:0;s:34:"\\phpbb\\db\\migration\\data\\v31x\\v319";i:1;s:54:"\\phpbb\\db\\migration\\data\\v320\\report_id_auto_increment";i:2;s:36:"\\phpbb\\db\\migration\\data\\v320\\v320b2";}', 1, 1, '', 1692321521, 1692321521),
('\\phpbb\\db\\migration\\data\\v320\\v320rc2', 'a:3:{i:0;s:57:"\\phpbb\\db\\migration\\data\\v31x\\remove_duplicate_migrations";i:1;s:48:"\\phpbb\\db\\migration\\data\\v31x\\add_log_time_index";i:2;s:44:"\\phpbb\\db\\migration\\data\\v320\\add_help_phpbb";}', 1, 1, '', 1692321521, 1692321521),
('\\phpbb\\db\\migration\\data\\v32x\\add_missing_config', 'a:1:{i:0;s:34:"\\phpbb\\db\\migration\\data\\v32x\\v329";}', 1, 1, '', 1692321521, 1692321521),
('\\phpbb\\db\\migration\\data\\v32x\\add_plupload_config', 'a:1:{i:0;s:34:"\\phpbb\\db\\migration\\data\\v32x\\v329";}', 1, 1, '', 1692321521, 1692321521),
('\\phpbb\\db\\migration\\data\\v32x\\cookie_notice_p2', 'a:1:{i:0;s:34:"\\phpbb\\db\\migration\\data\\v320\\v320";}', 1, 1, '', 1692321521, 1692321521),
('\\phpbb\\db\\migration\\data\\v32x\\disable_remote_avatar', 'a:1:{i:0;s:34:"\\phpbb\\db\\migration\\data\\v32x\\v325";}', 1, 1, '', 1692321521, 1692321521),
('\\phpbb\\db\\migration\\data\\v32x\\email_force_sender', 'a:1:{i:0;s:34:"\\phpbb\\db\\migration\\data\\v32x\\v321";}', 1, 1, '', 1692321521, 1692321521),
('\\phpbb\\db\\migration\\data\\v32x\\enable_accurate_pm_button', 'a:1:{i:0;s:34:"\\phpbb\\db\\migration\\data\\v32x\\v322";}', 1, 1, '', 1692321521, 1692321521),
('\\phpbb\\db\\migration\\data\\v32x\\f_list_topics_permission_add', 'a:1:{i:0;s:34:"\\phpbb\\db\\migration\\data\\v32x\\v321";}', 1, 1, '', 1692321521, 1692321521),
('\\phpbb\\db\\migration\\data\\v32x\\fix_user_styles', 'a:1:{i:0;s:34:"\\phpbb\\db\\migration\\data\\v320\\v320";}', 1, 1, '', 1692321521, 1692321521),
('\\phpbb\\db\\migration\\data\\v32x\\font_awesome_update_cdn', 'a:1:{i:0;s:48:"\\phpbb\\db\\migration\\data\\v32x\\add_missing_config";}', 1, 1, '', 1692321521, 1692321521),
('\\phpbb\\db\\migration\\data\\v32x\\font_awesome_update_cdn_fix_depends_on', 'a:2:{i:0;s:53:"\\phpbb\\db\\migration\\data\\v32x\\font_awesome_update_cdn";i:1;s:48:"\\phpbb\\db\\migration\\data\\v32x\\add_missing_config";}', 1, 1, '', 1692321521, 1692321521),
('\\phpbb\\db\\migration\\data\\v32x\\forum_topics_per_page_type', 'a:1:{i:0;s:34:"\\phpbb\\db\\migration\\data\\v32x\\v323";}', 1, 1, '', 1692321521, 1692321521),
('\\phpbb\\db\\migration\\data\\v32x\\jquery_update', 'a:1:{i:0;s:37:"\\phpbb\\db\\migration\\data\\v32x\\v325rc1";}', 1, 1, '', 1692321521, 1692321521),
('\\phpbb\\db\\migration\\data\\v32x\\load_user_activity_limit', 'a:1:{i:0;s:34:"\\phpbb\\db\\migration\\data\\v320\\v320";}', 1, 1, '', 1692321521, 1692321521),
('\\phpbb\\db\\migration\\data\\v32x\\merge_duplicate_bbcodes', 'a:0:{}', 1, 1, '', 1692321521, 1692321521),
('\\phpbb\\db\\migration\\data\\v32x\\remove_imagick', 'a:1:{i:0;s:37:"\\phpbb\\db\\migration\\data\\v32x\\v324rc1";}', 1, 1, '', 1692321521, 1692321521),
('\\phpbb\\db\\migration\\data\\v32x\\smtp_dynamic_data', 'a:1:{i:0;s:37:"\\phpbb\\db\\migration\\data\\v32x\\v326rc1";}', 1, 1, '', 1692321521, 1692321521),
('\\phpbb\\db\\migration\\data\\v32x\\timezone_p3', 'a:1:{i:0;s:38:"\\phpbb\\db\\migration\\data\\v310\\timezone";}', 1, 1, '', 1692321521, 1692321521),
('\\phpbb\\db\\migration\\data\\v32x\\update_prosilver_bitfield', 'a:1:{i:0;s:34:"\\phpbb\\db\\migration\\data\\v32x\\v321";}', 1, 1, '', 1692321521, 1692321521),
('\\phpbb\\db\\migration\\data\\v32x\\user_emoji_permission', 'a:1:{i:0;s:37:"\\phpbb\\db\\migration\\data\\v32x\\v329rc1";}', 1, 1, '', 1692321521, 1692321521),
('\\phpbb\\db\\migration\\data\\v32x\\user_notifications_table_index_p1', 'a:1:{i:0;s:46:"\\phpbb\\db\\migration\\data\\v32x\\cookie_notice_p2";}', 1, 1, '', 1692321521, 1692321521),
('\\phpbb\\db\\migration\\data\\v32x\\user_notifications_table_index_p2', 'a:1:{i:0;s:63:"\\phpbb\\db\\migration\\data\\v32x\\user_notifications_table_index_p1";}', 1, 1, '', 1692321521, 1692321521),
('\\phpbb\\db\\migration\\data\\v32x\\user_notifications_table_index_p3', 'a:1:{i:0;s:63:"\\phpbb\\db\\migration\\data\\v32x\\user_notifications_table_index_p2";}', 1, 1, '', 1692321521, 1692321521),
('\\phpbb\\db\\migration\\data\\v32x\\user_notifications_table_reduce_column_sizes', 'a:1:{i:0;s:63:"\\phpbb\\db\\migration\\data\\v32x\\user_notifications_table_index_p3";}', 1, 1, '', 1692321521, 1692321521),
('\\phpbb\\db\\migration\\data\\v32x\\user_notifications_table_remove_duplicates', 'a:1:{i:0;s:65:"\\phpbb\\db\\migration\\data\\v32x\\user_notifications_table_temp_index";}', 1, 1, '', 1692321521, 1692321521),
('\\phpbb\\db\\migration\\data\\v32x\\user_notifications_table_temp_index', 'a:1:{i:0;s:74:"\\phpbb\\db\\migration\\data\\v32x\\user_notifications_table_reduce_column_sizes";}', 1, 1, '', 1692321521, 1692321521),
('\\phpbb\\db\\migration\\data\\v32x\\user_notifications_table_unique_index', 'a:1:{i:0;s:72:"\\phpbb\\db\\migration\\data\\v32x\\user_notifications_table_remove_duplicates";}', 1, 1, '', 1692321521, 1692321521),
('\\phpbb\\db\\migration\\data\\v32x\\v321', 'a:2:{i:0;s:35:"\\phpbb\\db\\migration\\data\\v31x\\v3111";i:1;s:37:"\\phpbb\\db\\migration\\data\\v32x\\v321rc1";}', 1, 1, '', 1692321521, 1692321521),
('\\phpbb\\db\\migration\\data\\v32x\\v3210', 'a:1:{i:0;s:38:"\\phpbb\\db\\migration\\data\\v32x\\v3210rc2";}', 1, 1, '', 1692321521, 1692321521),
('\\phpbb\\db\\migration\\data\\v32x\\v3210rc1', 'a:3:{i:0;s:34:"\\phpbb\\db\\migration\\data\\v32x\\v329";i:1;s:49:"\\phpbb\\db\\migration\\data\\v32x\\add_plupload_config";i:2;s:53:"\\phpbb\\db\\migration\\data\\v32x\\font_awesome_update_cdn";}', 1, 1, '', 1692321521, 1692321521),
('\\phpbb\\db\\migration\\data\\v32x\\v3210rc2', 'a:2:{i:0;s:68:"\\phpbb\\db\\migration\\data\\v32x\\font_awesome_update_cdn_fix_depends_on";i:1;s:38:"\\phpbb\\db\\migration\\data\\v32x\\v3210rc1";}', 1, 1, '', 1692321521, 1692321521),
('\\phpbb\\db\\migration\\data\\v32x\\v3211', 'a:1:{i:0;s:35:"\\phpbb\\db\\migration\\data\\v32x\\v3210";}', 1, 1, '', 1692321521, 1692321521),
('\\phpbb\\db\\migration\\data\\v32x\\v321rc1', 'a:4:{i:0;s:34:"\\phpbb\\db\\migration\\data\\v320\\v320";i:1;s:38:"\\phpbb\\db\\migration\\data\\v31x\\v3111rc1";i:2;s:54:"\\phpbb\\db\\migration\\data\\v32x\\load_user_activity_limit";i:3;s:67:"\\phpbb\\db\\migration\\data\\v32x\\user_notifications_table_unique_index";}', 1, 1, '', 1692321521, 1692321521),
('\\phpbb\\db\\migration\\data\\v32x\\v322', 'a:2:{i:0;s:35:"\\phpbb\\db\\migration\\data\\v31x\\v3112";i:1;s:37:"\\phpbb\\db\\migration\\data\\v32x\\v322rc1";}', 1, 1, '', 1692321521, 1692321521),
('\\phpbb\\db\\migration\\data\\v32x\\v322rc1', 'a:6:{i:0;s:34:"\\phpbb\\db\\migration\\data\\v32x\\v321";i:1;s:45:"\\phpbb\\db\\migration\\data\\v32x\\fix_user_styles";i:2;s:55:"\\phpbb\\db\\migration\\data\\v32x\\update_prosilver_bitfield";i:3;s:48:"\\phpbb\\db\\migration\\data\\v32x\\email_force_sender";i:4;s:58:"\\phpbb\\db\\migration\\data\\v32x\\f_list_topics_permission_add";i:5;s:53:"\\phpbb\\db\\migration\\data\\v32x\\merge_duplicate_bbcodes";}', 1, 1, '', 1692321521, 1692321521),
('\\phpbb\\db\\migration\\data\\v32x\\v323', 'a:1:{i:0;s:37:"\\phpbb\\db\\migration\\data\\v32x\\v323rc2";}', 1, 1, '', 1692321521, 1692321521),
('\\phpbb\\db\\migration\\data\\v32x\\v323rc1', 'a:2:{i:0;s:34:"\\phpbb\\db\\migration\\data\\v32x\\v322";i:1;s:55:"\\phpbb\\db\\migration\\data\\v32x\\enable_accurate_pm_button";}', 1, 1, '', 1692321521, 1692321521),
('\\phpbb\\db\\migration\\data\\v32x\\v323rc2', 'a:1:{i:0;s:37:"\\phpbb\\db\\migration\\data\\v32x\\v323rc1";}', 1, 1, '', 1692321521, 1692321521),
('\\phpbb\\db\\migration\\data\\v32x\\v324', 'a:2:{i:0;s:37:"\\phpbb\\db\\migration\\data\\v32x\\v324rc1";i:1;s:44:"\\phpbb\\db\\migration\\data\\v32x\\remove_imagick";}', 1, 1, '', 1692321521, 1692321521),
('\\phpbb\\db\\migration\\data\\v32x\\v324rc1', 'a:2:{i:0;s:34:"\\phpbb\\db\\migration\\data\\v32x\\v323";i:1;s:56:"\\phpbb\\db\\migration\\data\\v32x\\forum_topics_per_page_type";}', 1, 1, '', 1692321521, 1692321521),
('\\phpbb\\db\\migration\\data\\v32x\\v325', 'a:2:{i:0;s:37:"\\phpbb\\db\\migration\\data\\v32x\\v325rc1";i:1;s:43:"\\phpbb\\db\\migration\\data\\v32x\\jquery_update";}', 1, 1, '', 1692321521, 1692321521),
('\\phpbb\\db\\migration\\data\\v32x\\v325rc1', 'a:1:{i:0;s:34:"\\phpbb\\db\\migration\\data\\v32x\\v324";}', 1, 1, '', 1692321521, 1692321521),
('\\phpbb\\db\\migration\\data\\v32x\\v326', 'a:3:{i:0;s:37:"\\phpbb\\db\\migration\\data\\v32x\\v326rc1";i:1;s:51:"\\phpbb\\db\\migration\\data\\v32x\\disable_remote_avatar";i:2;s:47:"\\phpbb\\db\\migration\\data\\v32x\\smtp_dynamic_data";}', 1, 1, '', 1692321521, 1692321521),
('\\phpbb\\db\\migration\\data\\v32x\\v326rc1', 'a:1:{i:0;s:34:"\\phpbb\\db\\migration\\data\\v32x\\v325";}', 1, 1, '', 1692321521, 1692321521),
('\\phpbb\\db\\migration\\data\\v32x\\v327', 'a:1:{i:0;s:37:"\\phpbb\\db\\migration\\data\\v32x\\v327rc1";}', 1, 1, '', 1692321521, 1692321521),
('\\phpbb\\db\\migration\\data\\v32x\\v327rc1', 'a:1:{i:0;s:34:"\\phpbb\\db\\migration\\data\\v32x\\v326";}', 1, 1, '', 1692321521, 1692321521),
('\\phpbb\\db\\migration\\data\\v32x\\v328', 'a:1:{i:0;s:37:"\\phpbb\\db\\migration\\data\\v32x\\v328rc1";}', 1, 1, '', 1692321521, 1692321521),
('\\phpbb\\db\\migration\\data\\v32x\\v328rc1', 'a:2:{i:0;s:41:"\\phpbb\\db\\migration\\data\\v32x\\timezone_p3";i:1;s:34:"\\phpbb\\db\\migration\\data\\v32x\\v327";}', 1, 1, '', 1692321521, 1692321521),
('\\phpbb\\db\\migration\\data\\v32x\\v329', 'a:2:{i:0;s:37:"\\phpbb\\db\\migration\\data\\v32x\\v329rc1";i:1;s:51:"\\phpbb\\db\\migration\\data\\v32x\\user_emoji_permission";}', 1, 1, '', 1692321521, 1692321521),
('\\phpbb\\db\\migration\\data\\v32x\\v329rc1', 'a:1:{i:0;s:34:"\\phpbb\\db\\migration\\data\\v32x\\v328";}', 1, 1, '', 1692321521, 1692321521),
('\\phpbb\\db\\migration\\data\\v330\\add_display_unapproved_posts_config', 'a:1:{i:0;s:33:"\\phpbb\\db\\migration\\data\\v330\\dev";}', 1, 1, '', 1692321521, 1692321521),
('\\phpbb\\db\\migration\\data\\v330\\dev', 'a:1:{i:0;s:34:"\\phpbb\\db\\migration\\data\\v32x\\v327";}', 1, 1, '', 1692321521, 1692321521),
('\\phpbb\\db\\migration\\data\\v330\\forums_legend_limit', 'a:1:{i:0;s:36:"\\phpbb\\db\\migration\\data\\v330\\v330b1";}', 1, 1, '', 1692321521, 1692321521),
('\\phpbb\\db\\migration\\data\\v330\\jquery_update', 'a:1:{i:0;s:33:"\\phpbb\\db\\migration\\data\\v330\\dev";}', 1, 1, '', 1692321521, 1692321521),
('\\phpbb\\db\\migration\\data\\v330\\remove_attachment_flash', 'a:1:{i:0;s:33:"\\phpbb\\db\\migration\\data\\v330\\dev";}', 1, 1, '', 1692321521, 1692321521),
('\\phpbb\\db\\migration\\data\\v330\\remove_email_hash', 'a:1:{i:0;s:43:"\\phpbb\\db\\migration\\data\\v30x\\release_3_0_0";}', 1, 1, '', 1692321521, 1692321521),
('\\phpbb\\db\\migration\\data\\v330\\remove_max_pass_chars', 'a:1:{i:0;s:33:"\\phpbb\\db\\migration\\data\\v330\\dev";}', 1, 1, '', 1692321521, 1692321521),
('\\phpbb\\db\\migration\\data\\v330\\reset_password', 'a:1:{i:0;s:33:"\\phpbb\\db\\migration\\data\\v330\\dev";}', 1, 1, '', 1692321521, 1692321521),
('\\phpbb\\db\\migration\\data\\v330\\v330', 'a:2:{i:0;s:34:"\\phpbb\\db\\migration\\data\\v32x\\v329";i:1;s:37:"\\phpbb\\db\\migration\\data\\v330\\v330rc1";}', 1, 1, '', 1692321521, 1692321521),
('\\phpbb\\db\\migration\\data\\v330\\v330b1', 'a:6:{i:0;s:43:"\\phpbb\\db\\migration\\data\\v330\\jquery_update";i:1;s:44:"\\phpbb\\db\\migration\\data\\v330\\reset_password";i:2;s:53:"\\phpbb\\db\\migration\\data\\v330\\remove_attachment_flash";i:3;s:51:"\\phpbb\\db\\migration\\data\\v330\\remove_max_pass_chars";i:4;s:34:"\\phpbb\\db\\migration\\data\\v32x\\v328";i:5;s:33:"\\phpbb\\db\\migration\\data\\v330\\dev";}', 1, 1, '', 1692321521, 1692321521),
('\\phpbb\\db\\migration\\data\\v330\\v330b2', 'a:4:{i:0;s:65:"\\phpbb\\db\\migration\\data\\v330\\add_display_unapproved_posts_config";i:1;s:49:"\\phpbb\\db\\migration\\data\\v330\\forums_legend_limit";i:2;s:47:"\\phpbb\\db\\migration\\data\\v330\\remove_email_hash";i:3;s:36:"\\phpbb\\db\\migration\\data\\v330\\v330b1";}', 1, 1, '', 1692321521, 1692321521),
('\\phpbb\\db\\migration\\data\\v330\\v330rc1', 'a:1:{i:0;s:36:"\\phpbb\\db\\migration\\data\\v330\\v330b2";}', 1, 1, '', 1692321521, 1692321521),
('\\phpbb\\db\\migration\\data\\v33x\\add_notification_emails_table', 'a:1:{i:0;s:34:"\\phpbb\\db\\migration\\data\\v330\\v330";}', 1, 1, '', 1692321521, 1692321521),
('\\phpbb\\db\\migration\\data\\v33x\\bot_update', 'a:1:{i:0;s:34:"\\phpbb\\db\\migration\\data\\v330\\v330";}', 1, 1, '', 1692321521, 1692321521),
('\\phpbb\\db\\migration\\data\\v33x\\bot_update_v2', 'a:1:{i:0;s:34:"\\phpbb\\db\\migration\\data\\v33x\\v334";}', 1, 1, '', 1692321521, 1692321521),
('\\phpbb\\db\\migration\\data\\v33x\\default_search_return_chars', 'a:1:{i:0;s:34:"\\phpbb\\db\\migration\\data\\v330\\v330";}', 1, 1, '', 1692321521, 1692321521),
('\\phpbb\\db\\migration\\data\\v33x\\extend_bbcode_tooltip', 'a:1:{i:0;s:34:"\\phpbb\\db\\migration\\data\\v33x\\v334";}', 1, 1, '', 1692321521, 1692321521),
('\\phpbb\\db\\migration\\data\\v33x\\fix_display_unapproved_posts_config', 'a:1:{i:0;s:65:"\\phpbb\\db\\migration\\data\\v330\\add_display_unapproved_posts_config";}', 1, 1, '', 1692321521, 1692321521),
('\\phpbb\\db\\migration\\data\\v33x\\font_awesome_5_rollback', 'a:1:{i:0;s:51:"\\phpbb\\db\\migration\\data\\v33x\\font_awesome_5_update";}', 1, 1, '', 1692321521, 1692321521),
('\\phpbb\\db\\migration\\data\\v33x\\font_awesome_5_update', 'a:2:{i:0;s:34:"\\phpbb\\db\\migration\\data\\v330\\v330";i:1;s:53:"\\phpbb\\db\\migration\\data\\v32x\\font_awesome_update_cdn";}', 1, 1, '', 1692321521, 1692321521),
('\\phpbb\\db\\migration\\data\\v33x\\google_recaptcha_v3', 'a:1:{i:0;s:34:"\\phpbb\\db\\migration\\data\\v330\\v330";}', 1, 1, '', 1692321521, 1692321521),
('\\phpbb\\db\\migration\\data\\v33x\\jquery_update', 'a:1:{i:0;s:37:"\\phpbb\\db\\migration\\data\\v33x\\v331rc1";}', 1, 1, '', 1692321521, 1692321521),
('\\phpbb\\db\\migration\\data\\v33x\\jquery_update_v2', 'a:1:{i:0;s:34:"\\phpbb\\db\\migration\\data\\v33x\\v334";}', 1, 1, '', 1692321521, 1692321521),
('\\phpbb\\db\\migration\\data\\v33x\\profilefield_cleanup', 'a:1:{i:0;s:34:"\\phpbb\\db\\migration\\data\\v330\\v330";}', 1, 1, '', 1692321521, 1692321521);
INSERT INTO `phpbbtc_migrations` VALUES
('\\phpbb\\db\\migration\\data\\v33x\\profilefield_youtube_update', 'a:1:{i:0;s:34:"\\phpbb\\db\\migration\\data\\v33x\\v337";}', 1, 1, '', 1692321521, 1692321521),
('\\phpbb\\db\\migration\\data\\v33x\\remove_orphaned_roles', 'a:1:{i:0;s:34:"\\phpbb\\db\\migration\\data\\v33x\\v335";}', 1, 1, '', 1692321521, 1692321521),
('\\phpbb\\db\\migration\\data\\v33x\\remove_profilefield_aol', 'a:1:{i:0;s:34:"\\phpbb\\db\\migration\\data\\v33x\\v331";}', 1, 1, '', 1692321521, 1692321521),
('\\phpbb\\db\\migration\\data\\v33x\\v331', 'a:4:{i:0;s:53:"\\phpbb\\db\\migration\\data\\v33x\\font_awesome_5_rollback";i:1;s:43:"\\phpbb\\db\\migration\\data\\v33x\\jquery_update";i:2;s:35:"\\phpbb\\db\\migration\\data\\v32x\\v3210";i:3;s:37:"\\phpbb\\db\\migration\\data\\v33x\\v331rc1";}', 1, 1, '', 1692321521, 1692321521),
('\\phpbb\\db\\migration\\data\\v33x\\v3310', 'a:1:{i:0;s:38:"\\phpbb\\db\\migration\\data\\v33x\\v3310rc1";}', 1, 1, '', 1692321521, 1692321521),
('\\phpbb\\db\\migration\\data\\v33x\\v3310rc1', 'a:1:{i:0;s:34:"\\phpbb\\db\\migration\\data\\v33x\\v339";}', 1, 1, '', 1692321521, 1692321521),
('\\phpbb\\db\\migration\\data\\v33x\\v331rc1', 'a:8:{i:0;s:59:"\\phpbb\\db\\migration\\data\\v33x\\add_notification_emails_table";i:1;s:65:"\\phpbb\\db\\migration\\data\\v33x\\fix_display_unapproved_posts_config";i:2;s:40:"\\phpbb\\db\\migration\\data\\v33x\\bot_update";i:3;s:51:"\\phpbb\\db\\migration\\data\\v33x\\font_awesome_5_update";i:4;s:50:"\\phpbb\\db\\migration\\data\\v33x\\profilefield_cleanup";i:5;s:49:"\\phpbb\\db\\migration\\data\\v33x\\google_recaptcha_v3";i:6;s:57:"\\phpbb\\db\\migration\\data\\v33x\\default_search_return_chars";i:7;s:38:"\\phpbb\\db\\migration\\data\\v32x\\v3210rc2";}', 1, 1, '', 1692321521, 1692321521),
('\\phpbb\\db\\migration\\data\\v33x\\v332', 'a:2:{i:0;s:37:"\\phpbb\\db\\migration\\data\\v33x\\v332rc1";i:1;s:35:"\\phpbb\\db\\migration\\data\\v32x\\v3211";}', 1, 1, '', 1692321521, 1692321521),
('\\phpbb\\db\\migration\\data\\v33x\\v332rc1', 'a:1:{i:0;s:53:"\\phpbb\\db\\migration\\data\\v33x\\remove_profilefield_aol";}', 1, 1, '', 1692321521, 1692321521),
('\\phpbb\\db\\migration\\data\\v33x\\v333', 'a:1:{i:0;s:37:"\\phpbb\\db\\migration\\data\\v33x\\v333rc1";}', 1, 1, '', 1692321521, 1692321521),
('\\phpbb\\db\\migration\\data\\v33x\\v333rc1', 'a:1:{i:0;s:34:"\\phpbb\\db\\migration\\data\\v33x\\v332";}', 1, 1, '', 1692321521, 1692321521),
('\\phpbb\\db\\migration\\data\\v33x\\v334', 'a:1:{i:0;s:37:"\\phpbb\\db\\migration\\data\\v33x\\v334rc1";}', 1, 1, '', 1692321521, 1692321521),
('\\phpbb\\db\\migration\\data\\v33x\\v334rc1', 'a:1:{i:0;s:34:"\\phpbb\\db\\migration\\data\\v33x\\v333";}', 1, 1, '', 1692321521, 1692321521),
('\\phpbb\\db\\migration\\data\\v33x\\v335', 'a:1:{i:0;s:37:"\\phpbb\\db\\migration\\data\\v33x\\v335rc1";}', 1, 1, '', 1692321521, 1692321521),
('\\phpbb\\db\\migration\\data\\v33x\\v335rc1', 'a:3:{i:0;s:51:"\\phpbb\\db\\migration\\data\\v33x\\extend_bbcode_tooltip";i:1;s:43:"\\phpbb\\db\\migration\\data\\v33x\\bot_update_v2";i:2;s:46:"\\phpbb\\db\\migration\\data\\v33x\\jquery_update_v2";}', 1, 1, '', 1692321521, 1692321521),
('\\phpbb\\db\\migration\\data\\v33x\\v336', 'a:1:{i:0;s:37:"\\phpbb\\db\\migration\\data\\v33x\\v336rc1";}', 1, 1, '', 1692321521, 1692321521),
('\\phpbb\\db\\migration\\data\\v33x\\v336rc1', 'a:1:{i:0;s:51:"\\phpbb\\db\\migration\\data\\v33x\\remove_orphaned_roles";}', 1, 1, '', 1692321521, 1692321521),
('\\phpbb\\db\\migration\\data\\v33x\\v337', 'a:1:{i:0;s:34:"\\phpbb\\db\\migration\\data\\v33x\\v336";}', 1, 1, '', 1692321521, 1692321521),
('\\phpbb\\db\\migration\\data\\v33x\\v338', 'a:1:{i:0;s:37:"\\phpbb\\db\\migration\\data\\v33x\\v338rc1";}', 1, 1, '', 1692321521, 1692321521),
('\\phpbb\\db\\migration\\data\\v33x\\v338rc1', 'a:1:{i:0;s:57:"\\phpbb\\db\\migration\\data\\v33x\\profilefield_youtube_update";}', 1, 1, '', 1692321521, 1692321521),
('\\phpbb\\db\\migration\\data\\v33x\\v339', 'a:1:{i:0;s:37:"\\phpbb\\db\\migration\\data\\v33x\\v339rc1";}', 1, 1, '', 1692321521, 1692321521),
('\\phpbb\\db\\migration\\data\\v33x\\v339rc1', 'a:1:{i:0;s:34:"\\phpbb\\db\\migration\\data\\v33x\\v338";}', 1, 1, '', 1692321521, 1692321521),
('\\phpbb\\viglink\\migrations\\viglink_ask_admin', 'a:1:{i:0;s:41:"\\phpbb\\viglink\\migrations\\viglink_data_v2";}', 1, 1, '', 1692321521, 1692321521),
('\\phpbb\\viglink\\migrations\\viglink_ask_admin_wait', 'a:1:{i:0;s:43:"\\phpbb\\viglink\\migrations\\viglink_ask_admin";}', 1, 1, '', 1692321521, 1692321521),
('\\phpbb\\viglink\\migrations\\viglink_cron', 'a:1:{i:0;s:38:"\\phpbb\\viglink\\migrations\\viglink_data";}', 1, 1, '', 0, 0),
('\\phpbb\\viglink\\migrations\\viglink_data', 'a:1:{i:0;s:34:"\\phpbb\\db\\migration\\data\\v31x\\v312";}', 1, 1, '', 1692321521, 1692321521),
('\\phpbb\\viglink\\migrations\\viglink_data_v2', 'a:1:{i:0;s:38:"\\phpbb\\viglink\\migrations\\viglink_data";}', 1, 1, '', 1692321521, 1692321521),
('\\planetstyles\\flightdeck\\migrations\\install_style_settings', 'a:1:{i:0;s:34:"\\phpbb\\db\\migration\\data\\v310\\gold";}', 1, 1, '', 1692393552, 1692393553);

-- --------------------------------------------------------

--
-- Table structure for table `phpbbtc_moderator_cache`
--

CREATE TABLE `phpbbtc_moderator_cache` (
  `forum_id` mediumint(8) unsigned NOT NULL DEFAULT 0,
  `user_id` int(10) unsigned NOT NULL DEFAULT 0,
  `username` varchar(255) NOT NULL DEFAULT '',
  `group_id` mediumint(8) unsigned NOT NULL DEFAULT 0,
  `group_name` varchar(255) NOT NULL DEFAULT '',
  `display_on_index` tinyint(1) unsigned NOT NULL DEFAULT 1,
  KEY `disp_idx` (`display_on_index`),
  KEY `forum_id` (`forum_id`)
) ENGINE=InnoDB DEFAULT CHARSET=utf8 COLLATE=utf8_bin;

--
-- Dumping data for table `phpbbtc_moderator_cache`
--

INSERT INTO `phpbbtc_moderator_cache` VALUES
(0, 58, 'brotheralameen', 0, '', 1),
(0, 109, 'court', 0, '', 1),
(0, 139, 'Lucilfer', 0, '', 1),
(0, 63, 'eom', 0, '', 1),
(0, 138, 'margrog', 0, '', 1),
(0, 76, 'mal', 0, '', 1),
(0, 108, 'axe', 0, '', 1),
(0, 66, 'atern', 0, '', 1),
(0, 79, 'racism', 0, '', 1),
(0, 59, 'trial', 0, '', 1);

-- --------------------------------------------------------

--
-- Table structure for table `phpbbtc_modules`
--

CREATE TABLE `phpbbtc_modules` (
  `module_id` mediumint(8) unsigned NOT NULL AUTO_INCREMENT,
  `module_enabled` tinyint(1) unsigned NOT NULL DEFAULT 1,
  `module_display` tinyint(1) unsigned NOT NULL DEFAULT 1,
  `module_basename` varchar(255) NOT NULL DEFAULT '',
  `module_class` varchar(10) NOT NULL DEFAULT '',
  `parent_id` mediumint(8) unsigned NOT NULL DEFAULT 0,
  `left_id` mediumint(8) unsigned NOT NULL DEFAULT 0,
  `right_id` mediumint(8) unsigned NOT NULL DEFAULT 0,
  `module_langname` varchar(255) NOT NULL DEFAULT '',
  `module_mode` varchar(255) NOT NULL DEFAULT '',
  `module_auth` varchar(255) NOT NULL DEFAULT '',
  PRIMARY KEY (`module_id`),
  KEY `left_right_id` (`left_id`,`right_id`),
  KEY `module_enabled` (`module_enabled`),
  KEY `class_left_id` (`module_class`,`left_id`)
) ENGINE=InnoDB  DEFAULT CHARSET=utf8 COLLATE=utf8_bin;

--
-- Dumping data for table `phpbbtc_modules`
--

INSERT INTO `phpbbtc_modules` VALUES
(1, 1, 1, '', 'acp', 0, 1, 68, 'ACP_CAT_GENERAL', '', ''),
(2, 1, 1, '', 'acp', 1, 4, 17, 'ACP_QUICK_ACCESS', '', ''),
(3, 1, 1, '', 'acp', 1, 18, 45, 'ACP_BOARD_CONFIGURATION', '', ''),
(4, 1, 1, '', 'acp', 1, 46, 53, 'ACP_CLIENT_COMMUNICATION', '', ''),
(5, 1, 1, '', 'acp', 1, 54, 67, 'ACP_SERVER_CONFIGURATION', '', ''),
(6, 1, 1, '', 'acp', 0, 69, 88, 'ACP_CAT_FORUMS', '', ''),
(7, 1, 1, '', 'acp', 6, 70, 75, 'ACP_MANAGE_FORUMS', '', ''),
(8, 1, 1, '', 'acp', 6, 76, 87, 'ACP_FORUM_BASED_PERMISSIONS', '', ''),
(9, 1, 1, '', 'acp', 0, 89, 116, 'ACP_CAT_POSTING', '', ''),
(10, 1, 1, '', 'acp', 9, 90, 103, 'ACP_MESSAGES', '', ''),
(11, 1, 1, '', 'acp', 9, 104, 115, 'ACP_ATTACHMENTS', '', ''),
(12, 1, 1, '', 'acp', 0, 117, 174, 'ACP_CAT_USERGROUP', '', ''),
(13, 1, 1, '', 'acp', 12, 118, 153, 'ACP_CAT_USERS', '', ''),
(14, 1, 1, '', 'acp', 12, 154, 163, 'ACP_GROUPS', '', ''),
(15, 1, 1, '', 'acp', 12, 164, 173, 'ACP_USER_SECURITY', '', ''),
(16, 1, 1, '', 'acp', 0, 175, 224, 'ACP_CAT_PERMISSIONS', '', ''),
(17, 1, 1, '', 'acp', 16, 178, 187, 'ACP_GLOBAL_PERMISSIONS', '', ''),
(18, 1, 1, '', 'acp', 16, 188, 199, 'ACP_FORUM_BASED_PERMISSIONS', '', ''),
(19, 1, 1, '', 'acp', 16, 200, 209, 'ACP_PERMISSION_ROLES', '', ''),
(20, 1, 1, '', 'acp', 16, 210, 223, 'ACP_PERMISSION_MASKS', '', ''),
(21, 1, 1, '', 'acp', 0, 225, 240, 'ACP_CAT_CUSTOMISE', '', ''),
(22, 1, 1, '', 'acp', 21, 230, 235, 'ACP_STYLE_MANAGEMENT', '', ''),
(23, 1, 1, '', 'acp', 21, 226, 229, 'ACP_EXTENSION_MANAGEMENT', '', ''),
(24, 1, 1, '', 'acp', 21, 236, 239, 'ACP_LANGUAGE', '', ''),
(25, 1, 1, '', 'acp', 0, 241, 260, 'ACP_CAT_MAINTENANCE', '', ''),
(26, 1, 1, '', 'acp', 25, 242, 251, 'ACP_FORUM_LOGS', '', ''),
(27, 1, 1, '', 'acp', 25, 252, 259, 'ACP_CAT_DATABASE', '', ''),
(28, 1, 1, '', 'acp', 0, 261, 284, 'ACP_CAT_SYSTEM', '', ''),
(29, 1, 1, '', 'acp', 28, 262, 265, 'ACP_AUTOMATION', '', ''),
(30, 1, 1, '', 'acp', 28, 266, 275, 'ACP_GENERAL_TASKS', '', ''),
(31, 1, 1, '', 'acp', 28, 276, 283, 'ACP_MODULE_MANAGEMENT', '', ''),
(32, 1, 1, '', 'acp', 0, 285, 294, 'ACP_CAT_DOT_MODS', '', ''),
(33, 1, 1, 'acp_attachments', 'acp', 3, 19, 20, 'ACP_ATTACHMENT_SETTINGS', 'attach', 'acl_a_attach'),
(34, 1, 1, 'acp_attachments', 'acp', 11, 105, 106, 'ACP_ATTACHMENT_SETTINGS', 'attach', 'acl_a_attach'),
(35, 1, 1, 'acp_attachments', 'acp', 11, 107, 108, 'ACP_MANAGE_EXTENSIONS', 'extensions', 'acl_a_attach'),
(36, 1, 1, 'acp_attachments', 'acp', 11, 109, 110, 'ACP_EXTENSION_GROUPS', 'ext_groups', 'acl_a_attach'),
(37, 1, 1, 'acp_attachments', 'acp', 11, 111, 112, 'ACP_ORPHAN_ATTACHMENTS', 'orphan', 'acl_a_attach'),
(38, 1, 1, 'acp_attachments', 'acp', 11, 113, 114, 'ACP_MANAGE_ATTACHMENTS', 'manage', 'acl_a_attach'),
(39, 1, 1, 'acp_ban', 'acp', 15, 165, 166, 'ACP_BAN_EMAILS', 'email', 'acl_a_ban'),
(40, 1, 1, 'acp_ban', 'acp', 15, 167, 168, 'ACP_BAN_IPS', 'ip', 'acl_a_ban'),
(41, 1, 1, 'acp_ban', 'acp', 15, 169, 170, 'ACP_BAN_USERNAMES', 'user', 'acl_a_ban'),
(42, 1, 1, 'acp_bbcodes', 'acp', 10, 91, 92, 'ACP_BBCODES', 'bbcodes', 'acl_a_bbcode'),
(43, 1, 1, 'acp_board', 'acp', 3, 21, 22, 'ACP_BOARD_SETTINGS', 'settings', 'acl_a_board'),
(44, 1, 1, 'acp_board', 'acp', 3, 23, 24, 'ACP_BOARD_FEATURES', 'features', 'acl_a_board'),
(45, 1, 1, 'acp_board', 'acp', 3, 25, 26, 'ACP_AVATAR_SETTINGS', 'avatar', 'acl_a_board'),
(46, 1, 1, 'acp_board', 'acp', 3, 27, 28, 'ACP_MESSAGE_SETTINGS', 'message', 'acl_a_board'),
(47, 1, 1, 'acp_board', 'acp', 10, 93, 94, 'ACP_MESSAGE_SETTINGS', 'message', 'acl_a_board'),
(48, 1, 1, 'acp_board', 'acp', 3, 29, 30, 'ACP_POST_SETTINGS', 'post', 'acl_a_board'),
(49, 1, 1, 'acp_board', 'acp', 10, 95, 96, 'ACP_POST_SETTINGS', 'post', 'acl_a_board'),
(50, 1, 1, 'acp_board', 'acp', 3, 31, 32, 'ACP_SIGNATURE_SETTINGS', 'signature', 'acl_a_board'),
(51, 1, 1, 'acp_board', 'acp', 3, 33, 34, 'ACP_FEED_SETTINGS', 'feed', 'acl_a_board'),
(52, 1, 1, 'acp_board', 'acp', 3, 35, 36, 'ACP_REGISTER_SETTINGS', 'registration', 'acl_a_board'),
(53, 1, 1, 'acp_board', 'acp', 4, 47, 48, 'ACP_AUTH_SETTINGS', 'auth', 'acl_a_server'),
(54, 1, 1, 'acp_board', 'acp', 4, 49, 50, 'ACP_EMAIL_SETTINGS', 'email', 'acl_a_server'),
(55, 1, 1, 'acp_board', 'acp', 5, 55, 56, 'ACP_COOKIE_SETTINGS', 'cookie', 'acl_a_server'),
(56, 1, 1, 'acp_board', 'acp', 5, 57, 58, 'ACP_SERVER_SETTINGS', 'server', 'acl_a_server'),
(57, 1, 1, 'acp_board', 'acp', 5, 59, 60, 'ACP_SECURITY_SETTINGS', 'security', 'acl_a_server'),
(58, 1, 1, 'acp_board', 'acp', 5, 61, 62, 'ACP_LOAD_SETTINGS', 'load', 'acl_a_server'),
(59, 1, 1, 'acp_bots', 'acp', 30, 267, 268, 'ACP_BOTS', 'bots', 'acl_a_bots'),
(60, 1, 1, 'acp_captcha', 'acp', 3, 37, 38, 'ACP_VC_SETTINGS', 'visual', 'acl_a_board'),
(61, 1, 0, 'acp_captcha', 'acp', 3, 39, 40, 'ACP_VC_CAPTCHA_DISPLAY', 'img', 'acl_a_board'),
(62, 1, 1, 'acp_contact', 'acp', 3, 41, 42, 'ACP_CONTACT_SETTINGS', 'contact', 'acl_a_board'),
(63, 1, 1, 'acp_database', 'acp', 27, 253, 254, 'ACP_BACKUP', 'backup', 'acl_a_backup'),
(64, 1, 1, 'acp_database', 'acp', 27, 255, 256, 'ACP_RESTORE', 'restore', 'acl_a_backup'),
(65, 1, 1, 'acp_disallow', 'acp', 15, 171, 172, 'ACP_DISALLOW_USERNAMES', 'usernames', 'acl_a_names'),
(66, 1, 1, 'acp_email', 'acp', 30, 269, 270, 'ACP_MASS_EMAIL', 'email', 'acl_a_email && cfg_email_enable'),
(67, 1, 1, 'acp_extensions', 'acp', 23, 227, 228, 'ACP_EXTENSIONS', 'main', 'acl_a_extensions'),
(68, 1, 1, 'acp_forums', 'acp', 7, 71, 72, 'ACP_MANAGE_FORUMS', 'manage', 'acl_a_forum'),
(69, 1, 1, 'acp_groups', 'acp', 14, 155, 156, 'ACP_GROUPS_MANAGE', 'manage', 'acl_a_group'),
(70, 1, 1, 'acp_groups', 'acp', 14, 157, 158, 'ACP_GROUPS_POSITION', 'position', 'acl_a_group'),
(71, 1, 1, 'acp_help_phpbb', 'acp', 5, 63, 64, 'ACP_HELP_PHPBB', 'help_phpbb', 'acl_a_server'),
(72, 1, 1, 'acp_icons', 'acp', 10, 97, 98, 'ACP_ICONS', 'icons', 'acl_a_icons'),
(73, 1, 1, 'acp_icons', 'acp', 10, 99, 100, 'ACP_SMILIES', 'smilies', 'acl_a_icons'),
(74, 1, 1, 'acp_inactive', 'acp', 13, 119, 120, 'ACP_INACTIVE_USERS', 'list', 'acl_a_user'),
(75, 1, 1, 'acp_jabber', 'acp', 4, 51, 52, 'ACP_JABBER_SETTINGS', 'settings', 'acl_a_jabber'),
(76, 1, 1, 'acp_language', 'acp', 24, 237, 238, 'ACP_LANGUAGE_PACKS', 'lang_packs', 'acl_a_language'),
(77, 1, 1, 'acp_logs', 'acp', 26, 243, 244, 'ACP_ADMIN_LOGS', 'admin', 'acl_a_viewlogs'),
(78, 1, 1, 'acp_logs', 'acp', 26, 245, 246, 'ACP_MOD_LOGS', 'mod', 'acl_a_viewlogs'),
(79, 1, 1, 'acp_logs', 'acp', 26, 247, 248, 'ACP_USERS_LOGS', 'users', 'acl_a_viewlogs'),
(80, 1, 1, 'acp_logs', 'acp', 26, 249, 250, 'ACP_CRITICAL_LOGS', 'critical', 'acl_a_viewlogs'),
(81, 1, 1, 'acp_main', 'acp', 1, 2, 3, 'ACP_INDEX', 'main', ''),
(82, 1, 1, 'acp_modules', 'acp', 31, 277, 278, 'ACP', 'acp', 'acl_a_modules'),
(83, 1, 1, 'acp_modules', 'acp', 31, 279, 280, 'UCP', 'ucp', 'acl_a_modules'),
(84, 1, 1, 'acp_modules', 'acp', 31, 281, 282, 'MCP', 'mcp', 'acl_a_modules'),
(85, 1, 1, 'acp_permission_roles', 'acp', 19, 201, 202, 'ACP_ADMIN_ROLES', 'admin_roles', 'acl_a_roles && acl_a_aauth'),
(86, 1, 1, 'acp_permission_roles', 'acp', 19, 203, 204, 'ACP_USER_ROLES', 'user_roles', 'acl_a_roles && acl_a_uauth'),
(87, 1, 1, 'acp_permission_roles', 'acp', 19, 205, 206, 'ACP_MOD_ROLES', 'mod_roles', 'acl_a_roles && acl_a_mauth'),
(88, 1, 1, 'acp_permission_roles', 'acp', 19, 207, 208, 'ACP_FORUM_ROLES', 'forum_roles', 'acl_a_roles && acl_a_fauth'),
(89, 1, 1, 'acp_permissions', 'acp', 16, 176, 177, 'ACP_PERMISSIONS', 'intro', 'acl_a_authusers || acl_a_authgroups || acl_a_viewauth'),
(90, 1, 0, 'acp_permissions', 'acp', 20, 211, 212, 'ACP_PERMISSION_TRACE', 'trace', 'acl_a_viewauth'),
(91, 1, 1, 'acp_permissions', 'acp', 18, 189, 190, 'ACP_FORUM_PERMISSIONS', 'setting_forum_local', 'acl_a_fauth && (acl_a_authusers || acl_a_authgroups)'),
(92, 1, 1, 'acp_permissions', 'acp', 18, 191, 192, 'ACP_FORUM_PERMISSIONS_COPY', 'setting_forum_copy', 'acl_a_fauth && acl_a_authusers && acl_a_authgroups && acl_a_mauth'),
(93, 1, 1, 'acp_permissions', 'acp', 18, 193, 194, 'ACP_FORUM_MODERATORS', 'setting_mod_local', 'acl_a_mauth && (acl_a_authusers || acl_a_authgroups)'),
(94, 1, 1, 'acp_permissions', 'acp', 17, 179, 180, 'ACP_USERS_PERMISSIONS', 'setting_user_global', 'acl_a_authusers && (acl_a_aauth || acl_a_mauth || acl_a_uauth)'),
(95, 1, 1, 'acp_permissions', 'acp', 13, 123, 124, 'ACP_USERS_PERMISSIONS', 'setting_user_global', 'acl_a_authusers && (acl_a_aauth || acl_a_mauth || acl_a_uauth)'),
(96, 1, 1, 'acp_permissions', 'acp', 18, 195, 196, 'ACP_USERS_FORUM_PERMISSIONS', 'setting_user_local', 'acl_a_authusers && (acl_a_mauth || acl_a_fauth)'),
(97, 1, 1, 'acp_permissions', 'acp', 13, 125, 126, 'ACP_USERS_FORUM_PERMISSIONS', 'setting_user_local', 'acl_a_authusers && (acl_a_mauth || acl_a_fauth)'),
(98, 1, 1, 'acp_permissions', 'acp', 17, 181, 182, 'ACP_GROUPS_PERMISSIONS', 'setting_group_global', 'acl_a_authgroups && (acl_a_aauth || acl_a_mauth || acl_a_uauth)'),
(99, 1, 1, 'acp_permissions', 'acp', 14, 159, 160, 'ACP_GROUPS_PERMISSIONS', 'setting_group_global', 'acl_a_authgroups && (acl_a_aauth || acl_a_mauth || acl_a_uauth)'),
(100, 1, 1, 'acp_permissions', 'acp', 18, 197, 198, 'ACP_GROUPS_FORUM_PERMISSIONS', 'setting_group_local', 'acl_a_authgroups && (acl_a_mauth || acl_a_fauth)'),
(101, 1, 1, 'acp_permissions', 'acp', 14, 161, 162, 'ACP_GROUPS_FORUM_PERMISSIONS', 'setting_group_local', 'acl_a_authgroups && (acl_a_mauth || acl_a_fauth)'),
(102, 1, 1, 'acp_permissions', 'acp', 17, 183, 184, 'ACP_ADMINISTRATORS', 'setting_admin_global', 'acl_a_aauth && (acl_a_authusers || acl_a_authgroups)'),
(103, 1, 1, 'acp_permissions', 'acp', 17, 185, 186, 'ACP_GLOBAL_MODERATORS', 'setting_mod_global', 'acl_a_mauth && (acl_a_authusers || acl_a_authgroups)'),
(104, 1, 1, 'acp_permissions', 'acp', 20, 213, 214, 'ACP_VIEW_ADMIN_PERMISSIONS', 'view_admin_global', 'acl_a_viewauth'),
(105, 1, 1, 'acp_permissions', 'acp', 20, 215, 216, 'ACP_VIEW_USER_PERMISSIONS', 'view_user_global', 'acl_a_viewauth'),
(106, 1, 1, 'acp_permissions', 'acp', 20, 217, 218, 'ACP_VIEW_GLOBAL_MOD_PERMISSIONS', 'view_mod_global', 'acl_a_viewauth'),
(107, 1, 1, 'acp_permissions', 'acp', 20, 219, 220, 'ACP_VIEW_FORUM_MOD_PERMISSIONS', 'view_mod_local', 'acl_a_viewauth'),
(108, 1, 1, 'acp_permissions', 'acp', 20, 221, 222, 'ACP_VIEW_FORUM_PERMISSIONS', 'view_forum_local', 'acl_a_viewauth'),
(109, 1, 1, 'acp_php_info', 'acp', 30, 271, 272, 'ACP_PHP_INFO', 'info', 'acl_a_phpinfo'),
(110, 1, 1, 'acp_profile', 'acp', 13, 127, 128, 'ACP_CUSTOM_PROFILE_FIELDS', 'profile', 'acl_a_profile'),
(111, 1, 1, 'acp_prune', 'acp', 7, 73, 74, 'ACP_PRUNE_FORUMS', 'forums', 'acl_a_prune'),
(112, 1, 1, 'acp_prune', 'acp', 13, 129, 130, 'ACP_PRUNE_USERS', 'users', 'acl_a_userdel'),
(113, 1, 1, 'acp_ranks', 'acp', 13, 131, 132, 'ACP_MANAGE_RANKS', 'ranks', 'acl_a_ranks'),
(114, 1, 1, 'acp_reasons', 'acp', 30, 273, 274, 'ACP_MANAGE_REASONS', 'main', 'acl_a_reasons'),
(115, 1, 1, 'acp_search', 'acp', 5, 65, 66, 'ACP_SEARCH_SETTINGS', 'settings', 'acl_a_search'),
(116, 1, 1, 'acp_search', 'acp', 27, 257, 258, 'ACP_SEARCH_INDEX', 'index', 'acl_a_search'),
(117, 1, 1, 'acp_styles', 'acp', 22, 231, 232, 'ACP_STYLES', 'style', 'acl_a_styles'),
(118, 1, 1, 'acp_styles', 'acp', 22, 233, 234, 'ACP_STYLES_INSTALL', 'install', 'acl_a_styles'),
(119, 1, 1, 'acp_update', 'acp', 29, 263, 264, 'ACP_VERSION_CHECK', 'version_check', 'acl_a_board'),
(120, 1, 1, 'acp_users', 'acp', 13, 121, 122, 'ACP_MANAGE_USERS', 'overview', 'acl_a_user'),
(121, 1, 0, 'acp_users', 'acp', 13, 133, 134, 'ACP_USER_FEEDBACK', 'feedback', 'acl_a_user'),
(122, 1, 0, 'acp_users', 'acp', 13, 135, 136, 'ACP_USER_WARNINGS', 'warnings', 'acl_a_user'),
(123, 1, 0, 'acp_users', 'acp', 13, 137, 138, 'ACP_USER_PROFILE', 'profile', 'acl_a_user'),
(124, 1, 0, 'acp_users', 'acp', 13, 139, 140, 'ACP_USER_PREFS', 'prefs', 'acl_a_user'),
(125, 1, 0, 'acp_users', 'acp', 13, 141, 142, 'ACP_USER_AVATAR', 'avatar', 'acl_a_user'),
(126, 1, 0, 'acp_users', 'acp', 13, 143, 144, 'ACP_USER_RANK', 'rank', 'acl_a_user'),
(127, 1, 0, 'acp_users', 'acp', 13, 145, 146, 'ACP_USER_SIG', 'sig', 'acl_a_user'),
(128, 1, 0, 'acp_users', 'acp', 13, 147, 148, 'ACP_USER_GROUPS', 'groups', 'acl_a_user && acl_a_group'),
(129, 1, 0, 'acp_users', 'acp', 13, 149, 150, 'ACP_USER_PERM', 'perm', 'acl_a_user && acl_a_viewauth'),
(130, 1, 0, 'acp_users', 'acp', 13, 151, 152, 'ACP_USER_ATTACH', 'attach', 'acl_a_user'),
(131, 1, 1, 'acp_words', 'acp', 10, 101, 102, 'ACP_WORDS', 'words', 'acl_a_words'),
(132, 1, 1, 'acp_users', 'acp', 2, 5, 6, 'ACP_MANAGE_USERS', 'overview', 'acl_a_user'),
(133, 1, 1, 'acp_groups', 'acp', 2, 7, 8, 'ACP_GROUPS_MANAGE', 'manage', 'acl_a_group'),
(134, 1, 1, 'acp_forums', 'acp', 2, 9, 10, 'ACP_MANAGE_FORUMS', 'manage', 'acl_a_forum'),
(135, 1, 1, 'acp_logs', 'acp', 2, 11, 12, 'ACP_MOD_LOGS', 'mod', 'acl_a_viewlogs'),
(136, 1, 1, 'acp_bots', 'acp', 2, 13, 14, 'ACP_BOTS', 'bots', 'acl_a_bots'),
(137, 1, 1, 'acp_php_info', 'acp', 2, 15, 16, 'ACP_PHP_INFO', 'info', 'acl_a_phpinfo'),
(138, 1, 1, 'acp_permissions', 'acp', 8, 77, 78, 'ACP_FORUM_PERMISSIONS', 'setting_forum_local', 'acl_a_fauth && (acl_a_authusers || acl_a_authgroups)'),
(139, 1, 1, 'acp_permissions', 'acp', 8, 79, 80, 'ACP_FORUM_PERMISSIONS_COPY', 'setting_forum_copy', 'acl_a_fauth && acl_a_authusers && acl_a_authgroups && acl_a_mauth'),
(140, 1, 1, 'acp_permissions', 'acp', 8, 81, 82, 'ACP_FORUM_MODERATORS', 'setting_mod_local', 'acl_a_mauth && (acl_a_authusers || acl_a_authgroups)'),
(141, 1, 1, 'acp_permissions', 'acp', 8, 83, 84, 'ACP_USERS_FORUM_PERMISSIONS', 'setting_user_local', 'acl_a_authusers && (acl_a_mauth || acl_a_fauth)'),
(142, 1, 1, 'acp_permissions', 'acp', 8, 85, 86, 'ACP_GROUPS_FORUM_PERMISSIONS', 'setting_group_local', 'acl_a_authgroups && (acl_a_mauth || acl_a_fauth)'),
(143, 1, 1, '', 'mcp', 0, 1, 10, 'MCP_MAIN', '', ''),
(144, 1, 1, '', 'mcp', 0, 11, 22, 'MCP_QUEUE', '', ''),
(145, 1, 1, '', 'mcp', 0, 23, 36, 'MCP_REPORTS', '', ''),
(146, 1, 1, '', 'mcp', 0, 37, 42, 'MCP_NOTES', '', ''),
(147, 1, 1, '', 'mcp', 0, 43, 52, 'MCP_WARN', '', ''),
(148, 1, 1, '', 'mcp', 0, 53, 60, 'MCP_LOGS', '', ''),
(149, 1, 1, '', 'mcp', 0, 61, 68, 'MCP_BAN', '', ''),
(150, 1, 1, 'mcp_ban', 'mcp', 149, 62, 63, 'MCP_BAN_USERNAMES', 'user', 'acl_m_ban'),
(151, 1, 1, 'mcp_ban', 'mcp', 149, 64, 65, 'MCP_BAN_IPS', 'ip', 'acl_m_ban'),
(152, 1, 1, 'mcp_ban', 'mcp', 149, 66, 67, 'MCP_BAN_EMAILS', 'email', 'acl_m_ban'),
(153, 1, 1, 'mcp_logs', 'mcp', 148, 54, 55, 'MCP_LOGS_FRONT', 'front', 'acl_m_ || aclf_m_'),
(154, 1, 1, 'mcp_logs', 'mcp', 148, 56, 57, 'MCP_LOGS_FORUM_VIEW', 'forum_logs', 'acl_m_,$id'),
(155, 1, 1, 'mcp_logs', 'mcp', 148, 58, 59, 'MCP_LOGS_TOPIC_VIEW', 'topic_logs', 'acl_m_,$id'),
(156, 1, 1, 'mcp_main', 'mcp', 143, 2, 3, 'MCP_MAIN_FRONT', 'front', ''),
(157, 1, 1, 'mcp_main', 'mcp', 143, 4, 5, 'MCP_MAIN_FORUM_VIEW', 'forum_view', 'acl_m_,$id'),
(158, 1, 1, 'mcp_main', 'mcp', 143, 6, 7, 'MCP_MAIN_TOPIC_VIEW', 'topic_view', 'acl_m_,$id'),
(159, 1, 1, 'mcp_main', 'mcp', 143, 8, 9, 'MCP_MAIN_POST_DETAILS', 'post_details', 'acl_m_,$id || (!$id && aclf_m_)'),
(160, 1, 1, 'mcp_notes', 'mcp', 146, 38, 39, 'MCP_NOTES_FRONT', 'front', ''),
(161, 1, 1, 'mcp_notes', 'mcp', 146, 40, 41, 'MCP_NOTES_USER', 'user_notes', ''),
(162, 1, 1, 'mcp_pm_reports', 'mcp', 145, 30, 31, 'MCP_PM_REPORTS_OPEN', 'pm_reports', 'acl_m_pm_report'),
(163, 1, 1, 'mcp_pm_reports', 'mcp', 145, 32, 33, 'MCP_PM_REPORTS_CLOSED', 'pm_reports_closed', 'acl_m_pm_report'),
(164, 1, 1, 'mcp_pm_reports', 'mcp', 145, 34, 35, 'MCP_PM_REPORT_DETAILS', 'pm_report_details', 'acl_m_pm_report'),
(165, 1, 1, 'mcp_queue', 'mcp', 144, 12, 13, 'MCP_QUEUE_UNAPPROVED_TOPICS', 'unapproved_topics', 'aclf_m_approve'),
(166, 1, 1, 'mcp_queue', 'mcp', 144, 14, 15, 'MCP_QUEUE_UNAPPROVED_POSTS', 'unapproved_posts', 'aclf_m_approve'),
(167, 1, 1, 'mcp_queue', 'mcp', 144, 16, 17, 'MCP_QUEUE_DELETED_TOPICS', 'deleted_topics', 'aclf_m_approve'),
(168, 1, 1, 'mcp_queue', 'mcp', 144, 18, 19, 'MCP_QUEUE_DELETED_POSTS', 'deleted_posts', 'aclf_m_approve'),
(169, 1, 1, 'mcp_queue', 'mcp', 144, 20, 21, 'MCP_QUEUE_APPROVE_DETAILS', 'approve_details', 'acl_m_approve,$id || (!$id && aclf_m_approve)'),
(170, 1, 1, 'mcp_reports', 'mcp', 145, 24, 25, 'MCP_REPORTS_OPEN', 'reports', 'aclf_m_report'),
(171, 1, 1, 'mcp_reports', 'mcp', 145, 26, 27, 'MCP_REPORTS_CLOSED', 'reports_closed', 'aclf_m_report'),
(172, 1, 1, 'mcp_reports', 'mcp', 145, 28, 29, 'MCP_REPORT_DETAILS', 'report_details', 'acl_m_report,$id || (!$id && aclf_m_report)'),
(173, 1, 1, 'mcp_warn', 'mcp', 147, 44, 45, 'MCP_WARN_FRONT', 'front', 'aclf_m_warn'),
(174, 1, 1, 'mcp_warn', 'mcp', 147, 46, 47, 'MCP_WARN_LIST', 'list', 'aclf_m_warn'),
(175, 1, 1, 'mcp_warn', 'mcp', 147, 48, 49, 'MCP_WARN_USER', 'warn_user', 'aclf_m_warn'),
(176, 1, 1, 'mcp_warn', 'mcp', 147, 50, 51, 'MCP_WARN_POST', 'warn_post', 'acl_m_warn && acl_f_read,$id'),
(177, 1, 1, '', 'ucp', 0, 1, 14, 'UCP_MAIN', '', ''),
(178, 1, 1, '', 'ucp', 0, 15, 28, 'UCP_PROFILE', '', ''),
(179, 1, 1, '', 'ucp', 0, 29, 38, 'UCP_PREFS', '', ''),
(180, 1, 1, 'ucp_pm', 'ucp', 0, 39, 48, 'UCP_PM', '', ''),
(181, 1, 1, '', 'ucp', 0, 49, 54, 'UCP_USERGROUPS', '', ''),
(182, 1, 1, '', 'ucp', 0, 55, 60, 'UCP_ZEBRA', '', ''),
(183, 1, 1, 'ucp_attachments', 'ucp', 177, 10, 11, 'UCP_MAIN_ATTACHMENTS', 'attachments', 'acl_u_attach'),
(184, 1, 1, 'ucp_auth_link', 'ucp', 178, 26, 27, 'UCP_AUTH_LINK_MANAGE', 'auth_link', 'authmethod_oauth'),
(185, 1, 1, 'ucp_groups', 'ucp', 181, 50, 51, 'UCP_USERGROUPS_MEMBER', 'membership', ''),
(186, 1, 1, 'ucp_groups', 'ucp', 181, 52, 53, 'UCP_USERGROUPS_MANAGE', 'manage', ''),
(187, 1, 1, 'ucp_main', 'ucp', 177, 2, 3, 'UCP_MAIN_FRONT', 'front', ''),
(188, 1, 1, 'ucp_main', 'ucp', 177, 4, 5, 'UCP_MAIN_SUBSCRIBED', 'subscribed', ''),
(189, 1, 1, 'ucp_main', 'ucp', 177, 6, 7, 'UCP_MAIN_BOOKMARKS', 'bookmarks', 'cfg_allow_bookmarks'),
(190, 1, 1, 'ucp_main', 'ucp', 177, 8, 9, 'UCP_MAIN_DRAFTS', 'drafts', ''),
(191, 1, 1, 'ucp_notifications', 'ucp', 179, 36, 37, 'UCP_NOTIFICATION_OPTIONS', 'notification_options', ''),
(192, 1, 1, 'ucp_notifications', 'ucp', 177, 12, 13, 'UCP_NOTIFICATION_LIST', 'notification_list', 'cfg_allow_board_notifications'),
(193, 1, 0, 'ucp_pm', 'ucp', 180, 40, 41, 'UCP_PM_VIEW', 'view', 'cfg_allow_privmsg'),
(194, 1, 1, 'ucp_pm', 'ucp', 180, 42, 43, 'UCP_PM_COMPOSE', 'compose', 'cfg_allow_privmsg'),
(195, 1, 1, 'ucp_pm', 'ucp', 180, 44, 45, 'UCP_PM_DRAFTS', 'drafts', 'cfg_allow_privmsg'),
(196, 1, 1, 'ucp_pm', 'ucp', 180, 46, 47, 'UCP_PM_OPTIONS', 'options', 'cfg_allow_privmsg'),
(197, 1, 1, 'ucp_prefs', 'ucp', 179, 30, 31, 'UCP_PREFS_PERSONAL', 'personal', ''),
(198, 1, 1, 'ucp_prefs', 'ucp', 179, 32, 33, 'UCP_PREFS_POST', 'post', ''),
(199, 1, 1, 'ucp_prefs', 'ucp', 179, 34, 35, 'UCP_PREFS_VIEW', 'view', ''),
(200, 1, 1, 'ucp_profile', 'ucp', 178, 16, 17, 'UCP_PROFILE_PROFILE_INFO', 'profile_info', 'acl_u_chgprofileinfo'),
(201, 1, 1, 'ucp_profile', 'ucp', 178, 18, 19, 'UCP_PROFILE_SIGNATURE', 'signature', 'acl_u_sig'),
(202, 1, 1, 'ucp_profile', 'ucp', 178, 20, 21, 'UCP_PROFILE_AVATAR', 'avatar', 'cfg_allow_avatar'),
(203, 1, 1, 'ucp_profile', 'ucp', 178, 22, 23, 'UCP_PROFILE_REG_DETAILS', 'reg_details', ''),
(204, 1, 1, 'ucp_profile', 'ucp', 178, 24, 25, 'UCP_PROFILE_AUTOLOGIN_KEYS', 'autologin_keys', ''),
(205, 1, 1, 'ucp_zebra', 'ucp', 182, 56, 57, 'UCP_ZEBRA_FRIENDS', 'friends', ''),
(206, 1, 1, 'ucp_zebra', 'ucp', 182, 58, 59, 'UCP_ZEBRA_FOES', 'foes', ''),
(207, 1, 1, '\\phpbb\\viglink\\acp\\viglink_module', 'acp', 3, 43, 44, 'ACP_VIGLINK_SETTINGS', 'settings', 'ext_phpbb/viglink && acl_a_board'),
(208, 1, 1, '', 'acp', 32, 286, 289, 'ACP_STYLE_SETTINGS_TITLE', '', ''),
(209, 1, 1, '\\planetstyles\\flightdeck\\acp\\main_module', 'acp', 208, 287, 288, 'ACP_STYLE_SETTINGS_SETTINGS', 'settings', 'ext_planetstyles/flightdeck && acl_a_board'),
(210, 1, 1, '', 'acp', 32, 290, 293, 'ACP_TFA', '', ''),
(211, 1, 1, '\\paul999\\tfa\\acp\\tfa_module', 'acp', 210, 291, 292, 'ACP_TFA_MANAGE', 'manage', 'ext_paul999/tfa && acl_a_tfa'),
(212, 1, 1, '', 'ucp', 0, 61, 64, 'UCP_TFA', '', ''),
(213, 1, 1, '\\paul999\\tfa\\ucp\\tfa_module', 'ucp', 212, 62, 63, 'UCP_TFA_MANAGE', 'manage', 'ext_paul999/tfa && cfg_tfa_mode');

-- --------------------------------------------------------

--
-- Table structure for table `phpbbtc_notifications`
--

CREATE TABLE `phpbbtc_notifications` (
  `notification_id` int(10) unsigned NOT NULL AUTO_INCREMENT,
  `notification_type_id` smallint(4) unsigned NOT NULL DEFAULT 0,
  `item_id` mediumint(8) unsigned NOT NULL DEFAULT 0,
  `item_parent_id` mediumint(8) unsigned NOT NULL DEFAULT 0,
  `user_id` int(10) unsigned NOT NULL DEFAULT 0,
  `notification_read` tinyint(1) unsigned NOT NULL DEFAULT 0,
  `notification_time` int(11) unsigned NOT NULL DEFAULT 1,
  `notification_data` text NOT NULL,
  PRIMARY KEY (`notification_id`),
  KEY `item_ident` (`notification_type_id`,`item_id`),
  KEY `user` (`user_id`,`notification_read`)
) ENGINE=InnoDB  DEFAULT CHARSET=utf8 COLLATE=utf8_bin;

--
-- Dumping data for table `phpbbtc_notifications`
--

INSERT INTO `phpbbtc_notifications` VALUES
(10, 2, 2, 2, 58, 1, 1692371483, 'a:4:{s:9:"poster_id";s:2:"58";s:11:"topic_title";s:15:"NetForums Rules";s:13:"post_username";s:0:"";s:10:"forum_name";s:12:"Introduction";}'),
(18, 13, 3, 3, 64, 0, 1692382451, 'a:5:{s:17:"disapprove_reason";s:110:"The reported message is off topic.\n\nYour message is too short and please post on personal introduction section";s:9:"poster_id";s:2:"64";s:11:"topic_title";s:3:"Hey";s:13:"post_username";s:0:"";s:10:"forum_name";s:21:"Personal Introduction";}'),
(23, 13, 3, 3, 58, 1, 1692405978, 'a:5:{s:17:"disapprove_reason";s:58:"The message contains links to illegal or pirated software.";s:9:"poster_id";s:2:"58";s:11:"topic_title";s:4:"test";s:13:"post_username";s:0:"";s:10:"forum_name";s:21:"Personal Introduction";}'),
(24, 3, 11, 7, 59, 1, 1692485524, 'a:6:{s:9:"poster_id";i:58;s:11:"topic_title";s:5:"R.I.P";s:12:"post_subject";s:9:"Re: R.I.P";s:13:"post_username";s:0:"";s:8:"forum_id";i:36;s:10:"forum_name";s:26:"Hacking and Cyber-Security";}'),
(25, 3, 13, 7, 59, 1, 1692487084, 'a:6:{s:9:"poster_id";i:58;s:11:"topic_title";s:5:"R.I.P";s:12:"post_subject";s:9:"Re: R.I.P";s:13:"post_username";s:0:"";s:8:"forum_id";i:36;s:10:"forum_name";s:26:"Hacking and Cyber-Security";}'),
(26, 3, 26, 13, 59, 1, 1692801711, 'a:6:{s:9:"poster_id";i:58;s:11:"topic_title";s:74:"[External Report] D4RKR4BB1T47 aka Skyler James Egert aka Pavel Kravchenko";s:12:"post_subject";s:78:"Re: [External Report] D4RKR4BB1T47 aka Skyler James Egert aka Pavel Kravchenko";s:13:"post_username";s:0:"";s:8:"forum_id";i:38;s:10:"forum_name";s:11:"Scambaiting";}'),
(27, 3, 28, 13, 58, 1, 1692802741, 'a:6:{s:9:"poster_id";i:59;s:11:"topic_title";s:74:"[External Report] D4RKR4BB1T47 aka Skyler James Egert aka Pavel Kravchenko";s:12:"post_subject";s:78:"Re: [External Report] D4RKR4BB1T47 aka Skyler James Egert aka Pavel Kravchenko";s:13:"post_username";s:0:"";s:8:"forum_id";i:38;s:10:"forum_name";s:11:"Scambaiting";}'),
(28, 3, 30, 13, 59, 1, 1692803720, 'a:6:{s:9:"poster_id";i:58;s:11:"topic_title";s:74:"[External Report] D4RKR4BB1T47 aka Skyler James Egert aka Pavel Kravchenko";s:12:"post_subject";s:78:"Re: [External Report] D4RKR4BB1T47 aka Skyler James Egert aka Pavel Kravchenko";s:13:"post_username";s:0:"";s:8:"forum_id";i:38;s:10:"forum_name";s:11:"Scambaiting";}'),
(30, 3, 49, 28, 136, 0, 1693132079, 'a:6:{s:9:"poster_id";i:58;s:11:"topic_title";s:12:"Appreciation";s:12:"post_subject";s:16:"Re: Appreciation";s:13:"post_username";s:0:"";s:8:"forum_id";i:3;s:10:"forum_name";s:21:"Personal Introduction";}'),
(31, 3, 51, 29, 58, 0, 1693137028, 'a:6:{s:9:"poster_id";i:138;s:11:"topic_title";s:21:"RE: Leaving the forum";s:12:"post_subject";s:25:"Re: RE: Leaving the forum";s:13:"post_username";s:0:"";s:8:"forum_id";i:2;s:10:"forum_name";s:36:"Introduction &amp; Forum Announcment";}'),
(32, 3, 52, 28, 58, 0, 1693137174, 'a:6:{s:9:"poster_id";i:138;s:11:"topic_title";s:12:"Appreciation";s:12:"post_subject";s:16:"Re: Appreciation";s:13:"post_username";s:0:"";s:8:"forum_id";i:3;s:10:"forum_name";s:21:"Personal Introduction";}'),
(33, 3, 54, 13, 58, 0, 1693137657, 'a:6:{s:9:"poster_id";i:138;s:11:"topic_title";s:74:"[External Report] D4RKR4BB1T47 aka Skyler James Egert aka Pavel Kravchenko";s:12:"post_subject";s:78:"Re: [External Report] D4RKR4BB1T47 aka Skyler James Egert aka Pavel Kravchenko";s:13:"post_username";s:0:"";s:8:"forum_id";i:38;s:10:"forum_name";s:11:"Scambaiting";}');

-- --------------------------------------------------------

--
-- Table structure for table `phpbbtc_notification_emails`
--

CREATE TABLE `phpbbtc_notification_emails` (
  `notification_type_id` smallint(4) unsigned NOT NULL DEFAULT 0,
  `item_id` int(10) unsigned NOT NULL DEFAULT 0,
  `item_parent_id` int(10) unsigned NOT NULL DEFAULT 0,
  `user_id` int(10) unsigned NOT NULL DEFAULT 0,
  PRIMARY KEY (`notification_type_id`,`item_id`,`item_parent_id`,`user_id`)
) ENGINE=InnoDB DEFAULT CHARSET=utf8 COLLATE=utf8_bin;

-- --------------------------------------------------------

--
-- Table structure for table `phpbbtc_notification_types`
--

CREATE TABLE `phpbbtc_notification_types` (
  `notification_type_id` smallint(4) unsigned NOT NULL AUTO_INCREMENT,
  `notification_type_name` varchar(255) NOT NULL DEFAULT '',
  `notification_type_enabled` tinyint(1) unsigned NOT NULL DEFAULT 1,
  PRIMARY KEY (`notification_type_id`),
  UNIQUE KEY `type` (`notification_type_name`)
) ENGINE=InnoDB  DEFAULT CHARSET=utf8 COLLATE=utf8_bin;

--
-- Dumping data for table `phpbbtc_notification_types`
--

INSERT INTO `phpbbtc_notification_types` VALUES
(1, 'notification.type.topic', 1),
(2, 'notification.type.approve_topic', 1),
(3, 'notification.type.quote', 1),
(4, 'notification.type.bookmark', 1),
(5, 'notification.type.post', 1),
(6, 'notification.type.approve_post', 1),
(7, 'notification.type.forum', 1),
(8, 'notification.type.post_in_queue', 1),
(9, 'notification.type.topic_in_queue', 1),
(10, 'topic_in_queue', 1),
(11, 'post_in_queue', 1),
(12, 'notification.type.report_post', 1),
(13, 'notification.type.disapprove_topic', 1),
(14, 'notification.type.admin_activate_user', 1),
(15, 'notification.type.disapprove_post', 1),
(16, 'notification.type.group_request', 1),
(17, 'notification.type.group_request_approved', 1),
(18, 'notification.type.pm', 1),
(19, 'notification.type.report_pm', 1),
(20, 'notification.type.report_pm_closed', 1),
(21, 'notification.type.report_post_closed', 1);

-- --------------------------------------------------------

--
-- Table structure for table `phpbbtc_oauth_accounts`
--

CREATE TABLE `phpbbtc_oauth_accounts` (
  `user_id` int(10) unsigned NOT NULL DEFAULT 0,
  `provider` varchar(255) NOT NULL DEFAULT '',
  `oauth_provider_id` text NOT NULL,
  PRIMARY KEY (`user_id`,`provider`)
) ENGINE=InnoDB DEFAULT CHARSET=utf8 COLLATE=utf8_bin;

-- --------------------------------------------------------

--
-- Table structure for table `phpbbtc_oauth_states`
--

CREATE TABLE `phpbbtc_oauth_states` (
  `user_id` int(10) unsigned NOT NULL DEFAULT 0,
  `session_id` char(32) NOT NULL DEFAULT '',
  `provider` varchar(255) NOT NULL DEFAULT '',
  `oauth_state` varchar(255) NOT NULL DEFAULT '',
  KEY `user_id` (`user_id`),
  KEY `provider` (`provider`)
) ENGINE=InnoDB DEFAULT CHARSET=utf8 COLLATE=utf8_bin;

-- --------------------------------------------------------

--
-- Table structure for table `phpbbtc_oauth_tokens`
--

CREATE TABLE `phpbbtc_oauth_tokens` (
  `user_id` int(10) unsigned NOT NULL DEFAULT 0,
  `session_id` char(32) NOT NULL DEFAULT '',
  `provider` varchar(255) NOT NULL DEFAULT '',
  `oauth_token` mediumtext NOT NULL,
  KEY `user_id` (`user_id`),
  KEY `provider` (`provider`)
) ENGINE=InnoDB DEFAULT CHARSET=utf8 COLLATE=utf8_bin;

-- --------------------------------------------------------

--
-- Table structure for table `phpbbtc_poll_options`
--

CREATE TABLE `phpbbtc_poll_options` (
  `poll_option_id` tinyint(4) NOT NULL DEFAULT 0,
  `topic_id` int(10) unsigned NOT NULL DEFAULT 0,
  `poll_option_text` text NOT NULL,
  `poll_option_total` mediumint(8) unsigned NOT NULL DEFAULT 0,
  KEY `poll_opt_id` (`poll_option_id`),
  KEY `topic_id` (`topic_id`)
) ENGINE=InnoDB DEFAULT CHARSET=utf8 COLLATE=utf8_bin;

-- --------------------------------------------------------

--
-- Table structure for table `phpbbtc_poll_votes`
--

CREATE TABLE `phpbbtc_poll_votes` (
  `topic_id` int(10) unsigned NOT NULL DEFAULT 0,
  `poll_option_id` tinyint(4) NOT NULL DEFAULT 0,
  `vote_user_id` int(10) unsigned NOT NULL DEFAULT 0,
  `vote_user_ip` varchar(40) NOT NULL DEFAULT '',
  KEY `topic_id` (`topic_id`),
  KEY `vote_user_id` (`vote_user_id`),
  KEY `vote_user_ip` (`vote_user_ip`)
) ENGINE=InnoDB DEFAULT CHARSET=utf8 COLLATE=utf8_bin;

-- --------------------------------------------------------

--
-- Table structure for table `phpbbtc_posts`
--

CREATE TABLE `phpbbtc_posts` (
  `post_id` int(10) unsigned NOT NULL AUTO_INCREMENT,
  `topic_id` int(10) unsigned NOT NULL DEFAULT 0,
  `forum_id` mediumint(8) unsigned NOT NULL DEFAULT 0,
  `poster_id` int(10) unsigned NOT NULL DEFAULT 0,
  `icon_id` mediumint(8) unsigned NOT NULL DEFAULT 0,
  `poster_ip` varchar(40) NOT NULL DEFAULT '',
  `post_time` int(11) unsigned NOT NULL DEFAULT 0,
  `post_reported` tinyint(1) unsigned NOT NULL DEFAULT 0,
  `enable_bbcode` tinyint(1) unsigned NOT NULL DEFAULT 1,
  `enable_smilies` tinyint(1) unsigned NOT NULL DEFAULT 1,
  `enable_magic_url` tinyint(1) unsigned NOT NULL DEFAULT 1,
  `enable_sig` tinyint(1) unsigned NOT NULL DEFAULT 1,
  `post_username` varchar(255) NOT NULL DEFAULT '',
  `post_subject` varchar(255) CHARACTER SET utf8 COLLATE utf8_unicode_ci NOT NULL DEFAULT '',
  `post_text` mediumtext NOT NULL,
  `post_checksum` varchar(32) NOT NULL DEFAULT '',
  `post_attachment` tinyint(1) unsigned NOT NULL DEFAULT 0,
  `bbcode_bitfield` varchar(255) NOT NULL DEFAULT '',
  `bbcode_uid` varchar(8) NOT NULL DEFAULT '',
  `post_postcount` tinyint(1) unsigned NOT NULL DEFAULT 1,
  `post_edit_time` int(11) unsigned NOT NULL DEFAULT 0,
  `post_edit_reason` varchar(255) NOT NULL DEFAULT '',
  `post_edit_user` int(10) unsigned NOT NULL DEFAULT 0,
  `post_edit_count` smallint(4) unsigned NOT NULL DEFAULT 0,
  `post_edit_locked` tinyint(1) unsigned NOT NULL DEFAULT 0,
  `post_visibility` tinyint(3) NOT NULL DEFAULT 0,
  `post_delete_time` int(11) unsigned NOT NULL DEFAULT 0,
  `post_delete_reason` varchar(255) NOT NULL DEFAULT '',
  `post_delete_user` int(10) unsigned NOT NULL DEFAULT 0,
  PRIMARY KEY (`post_id`),
  KEY `forum_id` (`forum_id`),
  KEY `topic_id` (`topic_id`),
  KEY `poster_ip` (`poster_ip`),
  KEY `poster_id` (`poster_id`),
  KEY `tid_post_time` (`topic_id`,`post_time`),
  KEY `post_username` (`post_username`),
  KEY `post_visibility` (`post_visibility`)
) ENGINE=InnoDB  DEFAULT CHARSET=utf8 COLLATE=utf8_bin;

--
-- Dumping data for table `phpbbtc_posts`
--

INSERT INTO `phpbbtc_posts` VALUES
(1, 1, 2, 2, 0, '185.213.154.174', 1692321521, 0, 1, 1, 1, 1, '', 'Introduction to NetForums', '<t>Lorem Ipsum</t>', '6dbd01b4309de2c22b027eb35a3ce18b', 0, '', 'yfd1lez', 1, 0, '', 0, 0, 0, 1, 1692371561, '', 58),
(2, 2, 2, 58, 0, '193.138.218.162', 1692371327, 0, 1, 1, 1, 1, '', 'NetForums Rules', '<t>At netforums we stand for the highest quality posts available. Uploading a useless, non-contextual post with nothing useful for a reader to add on will result in the post being removed.<br/>\n<br/>\nPosting child pornography or any other material that shows sexual or physical abuse is forbidden and will result in a ban that is irrevocable and permanent.<br/>\n<br/>\nDoxes cannot be posted on kids under the age of 15.<br/>\n<br/>\nReposting previously published forum content is not permitted. By browsing the forum, make sure the content hasn''t already been posted.<br/>\n<br/>\nActivities related to carding are not allowed on the forum; posting, buying, selling, or trading of credit/debit cards is not allowed and will result in an automatic ban.<br/>\n<br/>\nAn instant and permanent suspension will result from scamming another user or attempting to swindle another member.<br/>\n<br/>\nYou may only bump your marketplace threads once every 24 hours.<br/>\n<br/>\nAny attempts to post malware with the intention of infecting someones computer will lead to a permanent ban.<br/>\n<br/>\nGeneral post spam and especially posts unrelated to the forum category being used will result in warnings and an eventual ban.<br/>\n<br/>\nDespite of the fact that forum or staff are there to help you the forum or staff are not responsible for damage resulting from your own actions.</t>', '2ddd0ebc058fb7c3e5d44c9b5a8e2d31', 0, '', '6w93n', 1, 0, '', 0, 0, 0, 1, 1692371628, '', 59),
(5, 5, 3, 58, 0, '185.213.154.146', 1692406687, 0, 1, 1, 1, 1, '', 'Forum Developer', '<t>You can just name me BrotherAlameen; I am a computer and cyber-security expert who has years of experience through different platforms and have been certified on different fields of cyber-security and computers; I have a CompTIA, Social Engineering, CHFI, Mobile Security and Corporate Cyber-Security Management Certifications as well as a Diploma in Information Technology Management.<br/>\n<br/>\nI have trained myself in different fields of Information Technology online over different platforms such as YouTube on fields such as Web Development, CEH and other IT Fields; I''m not familiar with coding as much as I do perform cyber-security assessments and perform real-life threat intelligence but I will be learning to code later in the future as I''ll need it for my PhD and Bsc. Degrees. Nonetheless, I am familiar with HTML and CSS atmost (Which are basically just Markup Languages and have nothing to do with Programming) and scored an A on my GCSE Information and Communication Technology, which included the Web Development and Web Designing using HTML and CSS over Microsoft Web Expression 4; I have a GitHub Page where you can find all my Socials, if you''d like to reach me or simply just Google me and get to know more about me.<br/>\n<br/>\nWhile I am the Administrator of this forum and manage the site and it''s security, I must say that I only do so in legal terms and I don''t involve myself in anything illegal where matters of this site is concerned.<br/>\n<br/>\nThanks.</t>', '1a30fcc2e436e8c32f5314abc56714e7', 0, '', '5oesvarv', 1, 0, '', 0, 0, 0, 1, 0, '', 0),
(6, 6, 3, 59, 5, '146.70.128.217', 1692408739, 0, 1, 1, 1, 1, '', 'Site Owner - trial', '<r>Yello! It''s me trial I am here to introduce myself to all of you and so that you know that I am the proud owner of netforums.org, a fantastic forum site that has gained immense popularity among internet enthusiasts (I wish). With me having ownership, I have the power to shape the community, foster engaging discussions, and provide a platform for people to connect and share their thoughts on various topics. It''s an exciting responsibility that comes with endless possibilities for growth and development. So, congratulations to me on owning netforums.org, and get ready to embark on an incredible journey of building an online community that will leave a lasting impact! <EMOJI seq="1f680" tseq="1f680">&#128640;</EMOJI></r>', '028df6a62b949e41f779fa4cc964838a', 0, '', 'tth', 1, 0, '', 0, 0, 0, 1, 0, '', 0),
(7, 7, 36, 76, 0, '146.70.132.151', 1692461029, 0, 1, 1, 1, 1, '', 'R.I.P', '<r>Kevin Mitnick, a reformed hacker who was once one of the FBI''s "most wanted" cybercriminals, has died at the age of 59.<br/>\n<br/>\nMitnick spent five years in prison for computer and wire fraud following a two-year federal manhunt in the 1990s.<br/>\n<br/>\nBut after his release in 2000 he reinvented himself, becoming a renowned "white hat" hacker, cybersecurity consultant and author.<br/>\n<br/>\nHe died on Sunday following a 14-month long battle with pancreatic cancer.<br/>\n<br/>\n"Kevin was an original; much of his life reads like a fiction story," his obituary reads.<br/>\n<br/>\n"He grew up brilliant and restless in the San Fernando Valley in California, an only child with a penchant for mischief, a defiant attitude toward authority, and a love for magic."<br/>\n<br/>\nIn the 1990s, Mitnick gained notoriety breaking into government websites and corporate networks, including Pacific Bell, and stole corporate data and credit card information.<br/>\n<br/>\nHe was involved in the theft of thousands of credit card numbers and data files across the country in addition to working his way into the country''s cell networks, vandalizing corporate, government and university computer systems.<br/>\n<br/>\n    A brief history of hacking<br/>\n<br/>\nHe was dubbed as the "most wanted" computer hacker in the world by investigators.<br/>\n<br/>\nA two-year-long nationwide FBI manhunt led to his 1995 arrest and he eventually pleaded guilty to computer and wire fraud.<br/>\n<br/>\nAuthorities believed he had access to corporate trade secrets worth millions of dollars.<br/>\n<br/>\nIn his 2011 memoir, Ghost in the Wires, Mitnick denied using his skills to steal or exploit information for financial gain.<br/>\n<br/>\n"Anyone who loves to play chess knows that it''s enough to defeat your opponent. You don''t have to loot his kingdom or seize his assets to make it worthwhile," he wrote.<br/>\n<br/>\nHis arrest sparked a ''Free Kevin'' movement in the hacking community, which lobbied on his behalf, including with rallies outside the prison where he was held.<br/>\n<br/>\nFollowing his release from prison, he became a "white hat" hacker, writer and public speaker.<br/>\n<br/>\nA "white hat" hacker aims to use their skills and identify vulnerabilities or security issues of organisations to test security configurations.<br/>\n<br/>\nIn 2003, he founded Mitnick Security Consulting, which advised Fortune 500 companies and government agencies on cybersecurity.<br/>\n<br/>\nIn 2011, he became "chief hacking officer" and part owner of KnowBe4, which offers phishing security awareness training.<br/>\n<br/>\n"Kevin will always remain ''the world''s most famous hacker'' and was renowned for his intelligence, humor and extraordinary skill with technology, surpassed only by his talent as the original ''social engineer,''" the company said in a statement on Thursday. <IMG src=""><s>[img]</s><e>[/img]</e></IMG></r>', '2e8fbb3cbe06ce2fa21b95ab8dcac237', 0, '', 'alcvp4ga', 1, 0, '', 0, 0, 0, 1, 0, '', 0),
(8, 6, 3, 76, 0, '146.70.132.151', 1692461079, 0, 1, 1, 1, 1, '', 'Re: Site Owner - trial', '<t>hello &gt;.&lt;</t>', '18cf325c9fe3633c19fff51da6b3dfcd', 0, '', '3li5fa', 1, 0, '', 0, 0, 0, 1, 0, '', 0),
(9, 8, 2, 66, 5, '185.248.85.35', 1692463798, 0, 1, 1, 1, 1, '', 'Posting Problems -', '<t>Greetings, valued members of the netforums community,<br/>\n<br/>\nWe''re pleased to announce that we''ve successfully addressed an issue that was previously hindering some users from posting on our forum platform. We come bearing great news  we''ve decided to lift the moderation restrictions, granting all members the freedom to express themselves without any constraints. As we move forward, we kindly urge you to spare a moment to peruse our terms of service diligently before engaging in any discussions.<br/>\n<br/>\nWe extend our heartfelt gratitude for your patience and understanding. Your active participation is instrumental in fostering a vibrant and flourishing community here at netforums!<br/>\n<br/>\nThank you for being an integral part of our journey.<br/>\n<br/>\nYours truly,<br/>\nLuci</t>', 'f35abc101502d1efb0e8d15e94ba4627', 0, '', '1ki9yhhb', 1, 0, '', 0, 0, 0, 1, 0, '', 0),
(10, 7, 36, 59, 0, '146.70.128.254', 1692477630, 0, 1, 1, 1, 1, '', 'Re: R.I.P', '<t>lol i dont know why but when i saw this i thought of that guy named white who purchased doxbin but got doxed</t>', '031e0189cc37951fa874b33db4b3b2e5', 0, '', '5mit3', 1, 0, '', 0, 0, 0, 1, 0, '', 0),
(11, 7, 36, 58, 0, '185.65.135.168', 1692485524, 0, 1, 1, 1, 1, '', 'Re: R.I.P', '<r><QUOTE author="trial" post_id="10" time="1692477630" user_id="59"><s>[quote=trial post_id=10 time=1692477630 user_id=59]</s>\nlol i dont know why but when i saw this i thought of that guy named white who purchased doxbin but got doxed\n<e>[/quote]</e></QUOTE>\n\nArion Kurtaj lol; I got information from his friend saying that he''s been released from prison but isn''t allowed to touch a computer or any form of device that involves electronic communication.</r>', 'a1ee7a7204a312d321c6ad1164c94343', 0, '', '19918mc', 1, 0, '', 0, 0, 0, 1, 0, '', 0),
(12, 7, 36, 59, 0, '146.70.128.254', 1692486444, 0, 1, 1, 1, 1, '', 'Re: R.I.P', '<t>Haha thats jokes lmao bro said no electronics</t>', 'f2102a8256bbb59212aaa8ff5ee236f9', 0, '', 'cyvk', 1, 0, '', 0, 0, 0, 1, 0, '', 0),
(13, 7, 36, 58, 0, '185.65.135.168', 1692487084, 0, 1, 1, 1, 1, '', 'Re: R.I.P', '<r><QUOTE author="trial" post_id="12" time="1692486444" user_id="59"><s>[quote=trial post_id=12 time=1692486444 user_id=59]</s>\nHaha thats jokes lmao bro said no electronics\n<e>[/quote]</e></QUOTE>\n\nYea lol</r>', '931f4b4307e7f7b2063ec223dc6aff19', 0, '', '2w15u2', 1, 0, '', 0, 0, 0, 1, 0, '', 0),
(16, 10, 18, 69, 0, '51.187.154.29', 1692637504, 0, 1, 1, 1, 1, '', 'Joseph Dox', '<r>-=   Joseph    =-                                         <br/>\n                                                                                <br/>\n                           				       0x00 Introduction                            <br/>\n                                                               0x01 Joseph                             <br/>\n                          			               0x02 Emails                                    <br/>\n                       					       0x03 Phone records                       <br/>\n                  					       0x04 Credits                      <br/>\n              <br/>\n                                                               trial x drizzy x kapa       <br/>\n                                            <br/>\n                                                                                                                                                    <br/>\n                                                                                                                                                    <br/>\n       Introduction:                                                                                                                                <br/>\n                                                                                                                                                    <br/>\n       Hello chat                                                                                                                                   <br/>\n                                                                                                                                                    <br/>\n	Iam here to inform that I hate all dirty little gays and faggots therefore this dox is to represent my hatred                                <br/>\n                                                                                                                                                    <br/>\n       Make sure you like comment and follow me                                                                                                     <br/>\n       Love you &lt;3                                                                                                                                  <br/>\n                                                                                                                                                    <br/>\n                                                                                                                                                    <br/>\n<br/>\n                                                                                                                                                    <br/>\n  -The best way to describe Joseph: "Gay little twink"                                                                                             <br/>\n                                                                                                                                                    <br/>\n        Name: Jose Melendea,                                                                                                                       <br/>\n        Aliases: Jose Luis, Jose Luis Mendez Fumero, Jose Menendez                                                                                 <br/>\n        Age: 18                                                                                                                                    <br/>\n        Date of Birth: September 18th 2002                                                                                                         <br/>\n        Gender: Male                                                                                                                               <br/>\n                                                                                                                                                    <br/>\n        Phone Number: (702) 354-0389                                                                                                               <br/>\n                                                                                                                                                    <br/>\n                                                                                                                                                    <br/>\n        Social Security Number: 680-62-7996                                                                                                        <br/>\n                                                                                                                                                    <br/>\n        Home Address: 5403 Saltaire Street, Las Vegas, Nevada, 89120                                                                               <br/>\n                                                                                                                                                    <br/>\n        Current Job: At Las Vegas Bistr                                                                                                            <br/>\n        Job Address: North Las Vegas, Nevada, 89032                                                                                                <br/>\n                                                                                                                                                    <br/>\n<br/>\n  E-Mail Addresses :                                                             <br/>\n                                                                     <br/>\n                                                                                    <br/>\n    <EMAIL email="id5.56nato4mym16@yahoo.com">id5.56nato4mym16@yahoo.com</EMAIL> -&gt; Feb 20, 2019                                       <br/>\n                                           <br/>\n    <EMAIL email="elite9applejack115@gmail.com">elite9applejack115@gmail.com</EMAIL> -&gt; Jul 11, 2016                                   <br/>\n                                        <br/>\n    <EMAIL email="elite0archangel@gmail.com">elite0archangel@gmail.com</EMAIL> -&gt; Mar 28, 2016                                                 <br/>\n                                               <br/>\n    <EMAIL email="weedbunny499@gmail.com">weedbunny499@gmail.com</EMAIL> -&gt; Feb 24, 2016                                           <br/>\n                                                 <br/>\n    <EMAIL email="josemenendez499@gmail.com">josemenendez499@gmail.com</EMAIL> -&gt; Mar 31, 2015                                        <br/>\n                                             <br/>\n    <EMAIL email="myladysfp37@gmail.com">myladysfp37@gmail.com</EMAIL> -&gt; Jan 8, 2018                                           <br/>\n                                                  <br/>\n                                                                                     <br/>\n    Location History:                                                               <br/>\n                                                                          <br/>\n    4 Fir Trail Ter, Ocala, FL 34472-2132                                           <br/>\n                                                    <br/>\n    520 Inness Ave, Henderson, NV 89011-4378                                     <br/>\n                                                <br/>\n    5403 Saltaire St, Las Vegas, NV 89120-2150                                         <br/>\n                                              <br/>\n    4454 Lyons Pl, Holt, FL 32564-9504                                                <br/>\n                                                   <br/>\n<br/>\n                                                                                                                                                    <br/>\n                               <br/>\n         (702) 354-0389     Wireless                    T-Mobile                           Boudler City NV                                      <br/>\n         (702) 353-7846     Wireless                    T-Mobile                            Henderson NV                                         <br/>\n         (702) 353-3507     Landline                    T-Mobile                           Henderson NV                                         <br/>\n<br/>\n                                                                                                                                                    <br/>\n<br/>\n                       <br/>\n<br/>\n                                                                                                                                                    <br/>\n                                                    Credits to trial for starters, Credits to Galaxy for art and block/ruin                         <br/>\n                                                    Credits to kapa for phone records last but not least credits to                                 <br/>\n                                                                  paste inspiration and format</r>', '5cdd73549aec1378175ce18ebd8d5ae3', 0, '', '29nmku', 1, 0, '', 0, 0, 0, 1, 0, '', 0),
(17, 11, 18, 59, 5, '45.134.213.219', 1692643563, 0, 1, 1, 1, 1, '', 'Vore 764', '<r>[0x01 - Vore764]  [block] <br/>\n<br/>\n                                                                                                                                                     <br/>\n  - The best way to describe Vore: "Vore the reject/Vore HN"                                                                                         <br/>\n                                                                                                                                                     <br/>\n        Name: Kalana Limkin                                                                                                                         <br/>\n        Aliases: Kal, Kala, Analak, Vore HN                                                                                                         <br/>\n        Age: 17                                                                                                                                     <br/>\n        Date of Birth: August 8th 2005                                                                                                              <br/>\n        Gender: Male                                                                                                                                <br/>\n                                                                                                                                                     <br/>\n        IRLs: <URL url="https://ibb.co/c2fRtyb">https://ibb.co/c2fRtyb</URL>                                                                                                                <br/>\n               <URL url="https://ibb.co/ckNG43c">https://ibb.co/ckNG43c</URL>                                                                                                                <br/>\n               <URL url="https://ibb.co/pRwj2Bt">https://ibb.co/pRwj2Bt</URL>                                                                                                                <br/>\n               <URL url="https://ibb.co/j5hhSDg">https://ibb.co/j5hhSDg</URL>                                                                                                                <br/>\n                                                                                                                                                     <br/>\n        School: El Camino Real Senior High                                                                                                          <br/>\n                                                                                                                                                     <br/>\n        Phone Number: (575) 587-1789  { Burner Number not registered under his Name }                                                               <br/>\n        Home Address: 436 Kukuau St Hilo, HI 96720                                                                                                  <br/>\n                                                                                                                                                     <br/>\n[0x02 - Email(s)]  [block] <br/>\n                                                                                 <br/>\n  E-Mail Addresses :                                                            <br/>\n                                                                        <br/>\n                                                                                   <br/>\n    <EMAIL email="alimkin@hotmail.com">alimkin@hotmail.com</EMAIL>                                                              <br/>\n                                                                 <br/>\n         GUID: xxxxxxxxxxxxx                                                          <br/>\n         Name: Alex Limkin                                                            <br/>\n         Recovery: xxxxxxxxxxxxx                                                  <br/>\n         Status: Deleted                                                                <br/>\n                                                                                 <br/>\n   Telegram:                                                                         <br/>\n                                                                          <br/>\n     <URL url="https://t.me/vorlism">https://t.me/vorlism</URL>                                                         <br/>\n   (He got ran off every social media platform as of this moment)                  <br/>\n                                                                                     <br/>\n     Cracked Passwords:                                                           <br/>\n      BREACHCOMP_COMBOLIST_1400M_2020 - 3 results                                   <br/>\n      <EMAIL email="alimkin@hotmail.com">alimkin@hotmail.com</EMAIL> lastfm                                                <br/>\n      <EMAIL email="alimkin@hotmail.com">alimkin@hotmail.com</EMAIL> linkedin                                             <br/>\n      <EMAIL email="alimkin@hotmail.com">alimkin@hotmail.com</EMAIL> slackerfm                                                 <br/>\n                                                                                   <br/>\n      PEMIBLANC_COMBOLIST_245M_2018 - 1 result                                       <br/>\n      <EMAIL email="alimkin@hotmail.com">alimkin@hotmail.com</EMAIL> spark                                                     <br/>\n                                                                                    <br/>\n    Hashed Passwords:                                                                <br/>\n    Disqus.com_6kk_Dehashed.txt [Part 13 of 49]                                     <br/>\n    138.txt [Part 23 of 39] "a1398365270ba9fb85efd431b38b234aa96947b4"              <br/>\n    DOMAIN LEAK.rar/RARE LEAK #13/@hotmail.com.txt [Part 8 of 17]                   <br/>\n    Archive-bf99.zip/usa domains/usadomain6.xlsx                                     <br/>\n    250807711_Part2.rar/1066.csv [Part 23 of 46]                                       <br/>\n                                                                                     <br/>\n    TWITTER_COM_228M_SOCIAL_012023                                              <br/>\n    email	<EMAIL email="alimkin@hotmail.com">alimkin@hotmail.com</EMAIL>                                              <br/>\n    username	bundokman                                                    <br/>\n    name	Alex ''telemn'' Limkin                                          <br/>\n                                                                                     <br/>\n    CAFEPRESS_COM_23M_STORE_022019                                                 <br/>\n    email	<EMAIL email="alimkin@hotmail.com">alimkin@hotmail.com</EMAIL>                                            <br/>\n    hash	41917357                                                <br/>\n    LIVEJOURNAL_COM_33M_SOCIAL_2014                                                  <br/>\n    email	<EMAIL email="alimkin@hotmail.com">alimkin@hotmail.com</EMAIL>                                                <br/>\n    password	livejournal72                                                       <br/>\n                                                                                    <br/>\n    ZYNGA_COM_202M_GAMING_092019                                                    <br/>\n    email	<EMAIL email="alimkin@hotmail.com">alimkin@hotmail.com</EMAIL>                                                  <br/>\n    username	Alimkin                                                              <br/>\n    hash	a1398365270ba9fb85efd431b38b234aa96947b4 Cracked: words              <br/>\n    salt	088cbfb5d3e9c264a9971e4fc79b8fc815e183fb                             <br/>\n                                                                                    <br/>\n    DROPBOX_COM_68M_HOSTING_2012                                                     <br/>\n    email	<EMAIL email="alimkin@hotmail.com">alimkin@hotmail.com</EMAIL>                                                  <br/>\n    hash	c23972e8b7422485b432e3ae9b1e348f666496d3                                <br/>\n                                                                                    <br/>\n    PEMIBLANC_COM_134M_COMBOLIST_2018                                                <br/>\n    email	<EMAIL email="alimkin@hotmail.com">alimkin@hotmail.com</EMAIL>                                                  <br/>\n    password	spark                                                             <br/>\n                                                                                        <br/>\n    LAST_FM_41M_MUSIC_2012                                                       <br/>\n    email	<EMAIL email="alimkin@hotmail.com">alimkin@hotmail.com</EMAIL>                                              <br/>\n    username	slackerfm                                                          <br/>\n    hash	a9232b7fcb03fecc8891c69e73b70e8f -&gt; slackerfm                          <br/>\n                                                                                                                                                     <br/>\n                                                                                                                                                     <br/>\n<br/>\n[0x03 - Relatives]  [block] <br/>\n                                                                                                                                                     <br/>\n                                                                                                                                                     <br/>\n     Family Members:                                                                                                                                 <br/>\n                                                                                                                                    <br/>\n                                                                                                                                                     <br/>\n     [Relation - Father]                                                                                                                             <br/>\n                                                                                                                                  <br/>\n        Name: Alexander Pescue Limkin                                                                                                               <br/>\n        Date of Birth: July ? 1972                                                                                                                  <br/>\n        Age: 51                                                                                                                                     <br/>\n        Facebook: <URL url="https://www.facebook.com/alex.limkin?mibextid=LQQJ4d">https://www.facebook.com/alex.limkin?mibextid=LQQJ4d</URL>                                                                              <br/>\n        IRL: <URL url="https://files.catbox.moe/niubod.png">https://files.catbox.moe/niubod.png</URL>                                                                                                    <br/>\n                                                                                                                                                     <br/>\n                                                                                                                                                     <br/>\n     [Relation - Mother]                                                                                                                             <br/>\n                                                                                                                                  <br/>\n        Name: Alexander Pescue Limkin                                                                                                               <br/>\n        Age: 48                                                                                                                                     <br/>\n        Facebook: <URL url="https://www.facebook.com/olga.limkin?mibextid=LQQJ4d">https://www.facebook.com/olga.limkin?mibextid=LQQJ4d</URL>                                                                              <br/>\n        IRLs: <URL url="https://files.catbox.moe/863706.png">https://files.catbox.moe/863706.png</URL>,                                                                                                  <br/>\n               <URL url="https://files.catbox.moe/rpac0k.png">https://files.catbox.moe/rpac0k.png</URL>,                                                                                                  <br/>\n               <URL url="https://files.catbox.moe/tvc905.png">https://files.catbox.moe/tvc905.png</URL>                                                                                                   <br/>\n                                                                                                                                                     <br/>\n      Mothers Email: "<EMAIL email="olgalimkin808@gmail.com">olgalimkin808@gmail.com</EMAIL>"                                                                                                      <br/>\n     {+} Google.com                                                                                                                                  <br/>\n       - Name: Olga Limkin                                                                                                                           <br/>\n       - Last Update: 2023/06/24 00:42:38 (UTC)                                                                                                      <br/>\n       - Google ID: 115622033494977190570                                                                                                            <br/>\n     {+} Gravatar.com                                                                                                                                <br/>\n     {+} Etsy.com                                                                                                                                    <br/>\n       - Name: Olga                                                                                                                                  <br/>\n     {+} Duolingo.com                                                                                                                                <br/>\n       - Username: OlgaLimkin1                                                                                                                       <br/>\n       - Name: Olga Limkin                                                                                                                           <br/>\n       - From Language: es                                                                                                                           <br/>\n       - Total XP: 1079                                                                                                                              <br/>\n       - Creation Date: 7/8/2017                                                                                                                     <br/>\n                                                                                                                                                     <br/>\n      Cracked Passwords:                                                                                                                            <br/>\n     COLLECTION1_COMBOLIST_1212M_2019 - 1 result                                                                                                     <br/>\n     <EMAIL email="olgalimkin808@gmail.com">olgalimkin808@gmail.com</EMAIL> olga8850                                                                                                                <br/>\n                                                                                                                                                     <br/>\n     CIT0DAY_COMBOLIST_347M_2020 - 1 result                                                                                                          <br/>\n     <EMAIL email="olgalimkin808@gmail.com">olgalimkin808@gmail.com</EMAIL> olga8850                                                                                                                <br/>\n                                                                                                                                                     <br/>\n      Breaches:                                                                                                                                     <br/>\n     POSHMARK_COM_34M_MARKETPLACE_2018                                                                                                               <br/>\n     email	<EMAIL email="olgalimkin808@gmail.com">olgalimkin808@gmail.com</EMAIL>                                                                                                               <br/>\n     username	olgalimkin                                                                                                                            <br/>\n     hash	$2a$10$M4FWUUVKDDSHxkqZTZoLpeDx02WV5nI6qnzmyzVykNm8.38Wva8Nm                                                                          <br/>\n                                                                                                                                                     <br/>\n     YOUNOW_COM_40M_SOCIAL_072017                                                                                                                    <br/>\n     email	<EMAIL email="olgalimkin808@gmail.com">olgalimkin808@gmail.com</EMAIL>                                                                                                               <br/>\n     username	OlgaLimkin                                                                                                                            <br/>\n     name	Olga Limkin                                                                                                                           <br/>\n                                                                                                                                                     <br/>\n<br/>\n[0x04 - IP Information]  [block] <br/>\n                                                                                                                                                     <br/>\n                                                                                                                                                     <br/>\n                                / City: Mansfield                      / City: Monroe                                                                <br/>\n                               /  State: Ohio                         /  State: Louisiana                             Nice proxy IP skid             <br/>\n                              /   Country: USA                       /   Country: USA                               (DoSed you with my own           <br/>\n                       IP : []   71.213.133.227              IP : []  67.98.121.131                                packets)                        <br/>\n                          \\   VPN: False                     \\   VPN: False                                                                  <br/>\n                               \\  TOR: False                          \\  TOR: False                                                                  <br/>\n                                \\ Proxy: True                          \\ Proxy: False                               Try and fry an egg on            <br/>\n                                                                                                                       your router lol DDoSed!       <br/>\n<br/>\n[0x05 - Phone Records - Father]  [block] <br/>\n<br/>\n                                                                                                                                                     <br/>\n    <br/>\n       (505) 604-2853           ALEX LIMKIN            Wireless                  Sprint Spectrum LP                Albuquerque, NM          <br/>\n       (505) 242-6811            ALEX LIMKIN            Landline                   Qwest Corporation                 Albuquerque, NM          <br/>\n       (505) 247-9105           ALEX LIMKIN            Landline                  Qwest Corporation                  Albuquerque, NM         <br/>\n       (202) 338-4317           ALEX LIMKIN            Landline               Verizon Washington DC Inc              Washington, D.C.       <br/>\n       (505) 647-1186            ALEX LIMKIN            Landline                  Qwest Corporation                  Albuquerque, NM      <br/>\n       (575) 587-1789           ALEX LIMKIN           Landline                   Qwest Corporation                   Albuquerque, NM           <br/>\n      <br/>\n                                                                                                                                                     <br/>\n<br/>\n[0x06 - Call Records - Father] [block] <br/>\n                                                                                                                                                     <br/>\n                                                                   Call Records                                                                      <br/>\n                                                                                                                                <br/>\n             07/30/2023 07:12 PM   |   (505) 604-2853  |  (415) 533-0415    |  "San Francisco, CA"     |    24 Min   |  Qwest Communications           <br/>\n             07/30/2023 07:28 PM   |   (505) 604-2853  |  (415) 533-0415    |  "San Francisco, CA"     |    5 Min    |  Qwest Communications           <br/>\n             07/30/2023 08:52 PM   |   (505) 604-2853  |  (505) 242-6811    |   "Albuquerque, NM"    |    7 Min    |  Qwest Communications           <br/>\n             07/30/2023 03:29 PM   |   (505) 604-2853  |  (423) 210-7557    |     "Odessa, TX"           |    18 Min   |  Qwest Communications           <br/>\n             07/30/2023 01:41 PM    |   (505) 604-2853  |  (505) 242-6811    |   "Albuquerque, NM"    |    3 Min    |  Qwest Communications</r>', '6482a570a2da096d32fc662898e0c357', 0, '', '13bcbzg', 1, 0, '', 0, 0, 0, 1, 0, '', 0),
(18, 10, 18, 59, 0, '45.134.213.219', 1692643637, 0, 1, 1, 1, 1, '', 'Re: Joseph Dox', '<t>W stuff lol</t>', 'b56c85ef3dbd1746ab80e7ee97e5c249', 0, '', 'c3a7', 1, 0, '', 0, 0, 0, 1, 0, '', 0),
(20, 10, 18, 60, 0, '31.171.153.72', 1692680909, 0, 1, 1, 1, 1, '', 'Re: Joseph Dox', '<t>dubs</t>', 'f18576cb41617d8f67cb403367908ae4', 0, '', '2gqjy', 1, 0, '', 0, 0, 0, 1, 0, '', 0),
(21, 12, 20, 58, 0, '185.195.233.243', 1692764125, 0, 1, 1, 1, 1, '', 'Re: Dataleak.us Database Part 1', '<t>Are you sure these logins dont die? Lol. If they do then you could move the thread to the main forum Database because Official is for links or logins we are sure wont get taken down.<br/>\n<br/>\nFor this purpose, I moved the thread to Database.</t>', '5ac13608fb5377497149c8ebdc71027f', 0, '', '3ndm4', 1, 0, '', 0, 0, 0, 1, 0, '', 0),
(22, 13, 38, 58, 0, '193.138.218.200', 1692795395, 0, 1, 1, 1, 1, '', '[External Report] D4RKR4BB1T47 aka Skyler James Egert aka Pavel Kravchenko', '<r>It is highly concerning that Skyler James Egert has been involved in scams since a very long time and needs to be know for the very scams that hes been operating. <br/>\n<br/>\nWeve so far managed to trace Skyler Bitcoin Account and know about his cooperation with one of the head leader of 764 who goes by the nickname of Hydra who extorts kids and forced them to cut themselves, some of them literally being having eventually killed themselves from the act and who is a pedophile that literally took a blood bath with dead kids around her according to a video that was shown to one of the members of my team which was sent by him. 764 is a well-known terrorist group thats currently in the watchlist of the Federal Bureau of Investigations as well. <br/>\n<br/>\nOne of my Team Members that goes by the name of Cat Hat whose a ex-DoD Civilian Contractor had contact with the Fed several months ago and reported Hydra. The feds were after Hydra which is why he eventually ended up posting on his bio I didnt give feds my home address with a danger symbol<br/>\n<br/>\nNonetheless, we noticed that D4RKR4BB1T47 was cooperating with him and even paid him money via Bitcoin to purchase drugs off of him (Specifically, Crystal Methamphetamine) and even went on to purchase the SSN of Travis Scott Patterson (Ex-Military Officer that goes by Dr. Deplorable) in attempt to set him up and harass him after having scammed me off the $500 which I will explain below how the scam took place. They even formed a group together in which they communicated about their own things and we have a video on YouTube to prove this as well. Apart from the fact that he purchased SSNs and did quite foolish things, he yet has over 3.4 Bitcoins still in his account till today.<br/>\n<br/>\nApart from this, he even communicated with Pedohunters, aka, John Smith and sent him over $100,000 in Bitcoin. The point of why Im giving the quotes of these cryptos are the fact that we dont exactly know where the money hes making is originating from, but were likely to say that hes committing fraudulent activities online. Hes used a KYC Verified Wallet to perform these transactions which was most likely done using a Stolen Identity of an American Citizen. This is what can result him to be tested under the RICO Act, which was the same thing Armadyl was afraid of and ran away from for a few months to escape being tried for after receiving money from Pomporuin before his arrest. While Im quite aware that Armadyl is in fact trying his best to cover up what he did and is willing to get a fair trial in court and just trying to get things better (If he ever gets arrested for violating the RICO Act), he should understand that others have the ability to do the same too.<br/>\n<br/>\nThis is the Bitcoin Address which Skyler used to perform these malicious activities. There are other Bitcoin Addresses he has used, but wont be provided here, because this is the one of main concern since it involves the Leader of 764 Hydra : <br/>\n<br/>\n3HkqJr8BWRyyo4y8tbgyw5NPmduVzwGDTg<br/>\n<br/>\nYouTube Channel: <URL url="https://youtube.com/@CatHat-rt6jc">https://youtube.com/@CatHat-rt6jc</URL> (Theres even a video of him having performed PayPal Fraud in real time recording)<br/>\n<br/>\nOther scams hes committed to performing includes a Rugpull using his own crypto-token that we managed to track down, having scammed over $250 Dollars which you can access from this link:<br/>\n<br/>\n<URL url="https://bscscan.com/token/0x6F6D2b5fe6b105DA3FC1284e7833068d18d02588#code"><LINK_TEXT text="https://bscscan.com/token/0x6F6D2b5fe6b ... 02588#code">https://bscscan.com/token/0x6F6D2b5fe6b105DA3FC1284e7833068d18d02588#code</LINK_TEXT></URL><br/>\n<br/>\nWhile he claims to be a White Hat Security Researcher, all he does is keeps Black Hatting all the way. <br/>\n<br/>\nBack to the point of this post, Skyler has been well-known to attack people who are against him either framing them as Pedophiles with the intent to harass and intimidate them, this includes me, being a victim of such harassment.<br/>\n<br/>\nThe point of Skyler doing anything what hes doing is quite hideous to the fact that I have known him quite well since 2020 after I infiltrated one of his groups and knew him back then, with multiple alts he used including Russian Federal Agent Bob Bobrov, Muffin (15 Year Old Boy with his real age back then being 20 Years) and has even been well known to operate a fraud group with kids back then where he would sell Coinbase Logs on his Selix Store and post them on his group then cry about it when LulzandFeelz attacks him.<br/>\n<br/>\nLater on during the time I was in that group, after being doxxed by LulzandFeelz, is when everything started and I was kicked out of R4BB1Ts group by himself after the dox and he kept going against me and harassing me from then on. LulzandFeelz never released my dox to Doxbin however, after we made a deal for me to team up with her and her team against Skyler. Little did I know that Skyler scammed money off of LulzandFeelz and Dr. Deplorable till recently or I would still help them take him down regardless, but now Im with a different team helping taking him down. You can learn more about the history between me and LulzandFeelz from <URL url="https://alameenkarimmerali.substack.com/p/coming-soon"><s>[url]</s> https://alameenkarimmerali.substack.com/p/coming-soon<e>[/url]</e></URL>.<br/>\n<br/>\nSkyler was well known to have scammed me off over $1,000 in the following ways. Nonetheless, hes even known for operating other scams which include impersonation at a high level of both Russian and Ukrainian Nationals. You can check <URL url="https://community.scambook.io/t/exposing-d4rkr4bb1t-and-his-scams/175/6"><s>[url]</s><LINK_TEXT text=" https://community.scambook.io/t/exposi ... cams/175/6"> https://community.scambook.io/t/exposing-d4rkr4bb1t-and-his-scams/175/6</LINK_TEXT><e>[/url]</e></URL> link out for more information. He has also been well-known for cooperating with frauds from Sweden and other countries to impersonate a law Enforcement, The Department of Justice, Law Firms, The FBI, Swiss Police, Europol and even Interpol. You can check <URL url="https://community.scambook.io/t/bigfatotp-scandal/192/99"><s>[url]</s><LINK_TEXT text=" https://community.scambook.io/t/bigfat ... dal/192/99"> https://community.scambook.io/t/bigfatotp-scandal/192/99</LINK_TEXT><e>[/url]</e></URL> link for more information.<br/>\n<br/>\n1. Through one of his aliases named Muffin he scammed me over $500 in a group filled with kids. While he claimed himself to be 15 Years Old with this alt, kids in his group knew that alt was well-known for fraudulent activities such as e-Whoring and that he made over $5,000 to $10,000 in Romance Scams while pretending to be a 15 Year Old boy when his actual age back then was 20 Years Old. He was supposed to pay me for building him a website, which he never did.<br/>\n<br/>\n2. For a collaboration between Me, KT (Ex-Admin at Doxbin) and Martin Wrombel (Whose now working with him against me after having exposed his scam connection with BigFatOTP) to have Dr. Deplorable added to the Doxbin Hall of Autism for being a Pedophile and sending Child Pornography on Telegram (Again, check the article on top). While Martin collaborated with KT and after having the evidence of Dr. Deplorable having sent CP, he told me we could add him to HOA then dodged me (I had trusted him because he paid me money to get Dr. Deplorables Dox Pinned on Doxbin, which we did, for one week, but I didnt know he was gonna dodge me for having to add him to HOA regardless of the fact that he promised me that he made a deal with KT that it would happen), after that I decided to involve Skyler and he promised me $500 which he supposedly said will be provided by the United States Government, which he never even paid me for after having helped him investigate Dr. Deplorable further.<br/>\n<br/>\nIt has come to my attention that Skyler James Egert is well-known to defraud and harass people hes close to regardless of the fact that hes a big time cyber-criminal. You can join us in a fight against Skyler by having him reported, if youre one of the victims of his attacks. The more weight thats on him with multiple reports, the more the ability of getting him arrested gets higher.</r>', 'fb7ce52560d52a3f686dee8aa900a38a', 0, '', 'cajho79', 1, 0, '', 0, 0, 0, 1, 0, '', 0);
INSERT INTO `phpbbtc_posts` VALUES
(23, 12, 20, 59, 0, '146.70.128.213', 1692799169, 0, 1, 1, 1, 1, '', 'Re: Dataleak.us Database Part 1', '<t>lmao the database is old when dataleak.us was still a thing, the owner leaked the db and i dont think anyone is pissed about it being leaked im pretty sure most people put fake emails</t>', '0f08711c3e21bcf9443dee1e7c233a59', 0, '', 'bl1v', 1, 0, '', 0, 0, 0, 1, 0, '', 0),
(24, 12, 20, 58, 0, '193.138.218.200', 1692799871, 0, 1, 1, 1, 1, '', 'Re: Dataleak.us Database Part 1', '<t>Ohh! If the information on the database is dead then we should shift it to Removed Database Content because they cant be used anymore if the password are changed since you said it was from a long time.</t>', '71292542aba1edffe8b8893af73976f3', 0, '', '14y66ld', 1, 0, '', 0, 0, 0, 1, 0, '', 0),
(25, 13, 38, 59, 0, '146.70.128.213', 1692800513, 0, 1, 1, 1, 1, '', 'Re: [External Report] D4RKR4BB1T47 aka Skyler James Egert aka Pavel Kravchenko', '<t>To be honest if it was ANYONE other then 764 kids I would be surprised, anything related to 764 and it being bad is not a surprise at all and it pisses me off. I hate them fucking cults :c</t>', 'b15dcf0434fd38d214ea2a5e5fa80141', 0, '', 'xyre8', 1, 0, '', 0, 0, 0, 1, 0, '', 0),
(26, 13, 38, 58, 0, '193.138.218.200', 1692801711, 0, 1, 1, 1, 1, '', 'Re: [External Report] D4RKR4BB1T47 aka Skyler James Egert aka Pavel Kravchenko', '<r><QUOTE author="trial" post_id="25" time="1692800513" user_id="59"><s>[quote=trial post_id=25 time=1692800513 user_id=59]</s>\nTo be honest if it was ANYONE other then 764 kids I would be surprised, anything related to 764 and it being bad is not a surprise at all and it pisses me off. I hate them fucking cults :c\n<e>[/quote]</e></QUOTE>\n\nSame here, 764 are filled with pieces of trash people who are pretty sick in their heads; I heard they kill homeless people as well.</r>', '7b7449a0b6c93f185cdf57c72b3dcb28', 0, '', 'kvxd', 1, 0, '', 0, 0, 0, 1, 0, '', 0),
(28, 13, 38, 59, 0, '146.70.128.196', 1692802741, 0, 1, 1, 1, 1, '', 'Re: [External Report] D4RKR4BB1T47 aka Skyler James Egert aka Pavel Kravchenko', '<r><QUOTE author="brotheralameen" post_id="26" time="1692801711" user_id="58"><s>[quote=brotheralameen post_id=26 time=1692801711 user_id=58]</s>\n<QUOTE author="trial" post_id="25" time="1692800513" user_id="59"><s>[quote=trial post_id=25 time=1692800513 user_id=59]</s>\nTo be honest if it was ANYONE other then 764 kids I would be surprised, anything related to 764 and it being bad is not a surprise at all and it pisses me off. I hate them fucking cults :c\n<e>[/quote]</e></QUOTE>\n\nSame here, 764 are filled with pieces of trash people who are pretty sick in their heads; I heard they kill homeless people as well.\n<e>[/quote]</e></QUOTE>\n\nThe person who killed homeless people''s name was Tobbz764/Tobbz6996 , he was so obsessed with being a part of cults he murdered 3 homeless people in an attempt to join a murder cult called MKY, which he never joined. The sick bastard is in prison now thankfully, so is most of the old 764. The new 764 are still sick in the head but they don''t have the same "extortion co-ordination" as the old 764 did, they are all ass at what they claim to do, and it''s pretty sad that I see a lot of people idolising 764 virigns. Legend says that Tobbz764/Tobbz6996 murdered 17 people but I highly doubt thats anywhere close to what he actually did, and that claim was probably used to seem "cool" amongst their other group of extortionist friends.</r>', '48b71a55ef5fb7bc36a738d7f4fa41f5', 0, '', 'cv8b', 1, 0, '', 0, 0, 0, 1, 0, '', 0),
(29, 13, 38, 59, 0, '146.70.128.196', 1692802922, 0, 1, 1, 1, 1, '', 'Re: [External Report] D4RKR4BB1T47 aka Skyler James Egert aka Pavel Kravchenko', '<r><QUOTE author="trial" post_id="28" time="1692802741" user_id="59"><s>[quote=trial post_id=28 time=1692802741 user_id=59]</s>\n<QUOTE author="brotheralameen" post_id="26" time="1692801711" user_id="58"><s>[quote=brotheralameen post_id=26 time=1692801711 user_id=58]</s>\n<QUOTE author="trial" post_id="25" time="1692800513" user_id="59"><s>[quote=trial post_id=25 time=1692800513 user_id=59]</s>\nTo be honest if it was ANYONE other then 764 kids I would be surprised, anything related to 764 and it being bad is not a surprise at all and it pisses me off. I hate them fucking cults :c\n<e>[/quote]</e></QUOTE>\n\nSame here, 764 are filled with pieces of trash people who are pretty sick in their heads; I heard they kill homeless people as well.\n<e>[/quote]</e></QUOTE>\n\nThe person who killed homeless people''s name was Tobbz764/Tobbz6996 , he was so obsessed with being a part of cults he murdered 3 homeless people in an attempt to join a murder cult called MKY, which he never joined. The sick bastard is in prison now thankfully, so is most of the old 764. The new 764 are still sick in the head but they don''t have the same "extortion co-ordination" as the old 764 did, they are all ass at what they claim to do, and it''s pretty sad that I see a lot of people idolising 764 virigns. Legend says that Tobbz764/Tobbz6996 murdered 17 people but I highly doubt thats anywhere close to what he actually did, and that claim was probably used to seem "cool" amongst their other group of extortionist friends.\n<e>[/quote]</e></QUOTE>\n\nI just don''t understand 764''s original existence to be honest, they took inspiration from another group called cvlt and aspired to be a bunch of virgins.</r>', 'df619f31de2e98f3d95c70bc2085ce9e', 0, '', '1nsj9t8', 1, 0, '', 0, 0, 0, 1, 0, '', 0),
(30, 13, 38, 58, 0, '193.138.218.215', 1692803720, 0, 1, 1, 1, 1, '', 'Re: [External Report] D4RKR4BB1T47 aka Skyler James Egert aka Pavel Kravchenko', '<r><QUOTE author="trial" post_id="29" time="1692802922" user_id="59"><s>[quote=trial post_id=29 time=1692802922 user_id=59]</s>\n<QUOTE author="trial" post_id="28" time="1692802741" user_id="59"><s>[quote=trial post_id=28 time=1692802741 user_id=59]</s>\n<QUOTE author="brotheralameen" post_id="26" time="1692801711" user_id="58"><s>[quote=brotheralameen post_id=26 time=1692801711 user_id=58]</s>\n<br/>\n<br/>\nSame here, 764 are filled with pieces of trash people who are pretty sick in their heads; I heard they kill homeless people as well.\n<e>[/quote]</e></QUOTE>\n\nThe person who killed homeless people''s name was Tobbz764/Tobbz6996 , he was so obsessed with being a part of cults he murdered 3 homeless people in an attempt to join a murder cult called MKY, which he never joined. The sick bastard is in prison now thankfully, so is most of the old 764. The new 764 are still sick in the head but they don''t have the same "extortion co-ordination" as the old 764 did, they are all ass at what they claim to do, and it''s pretty sad that I see a lot of people idolising 764 virigns. Legend says that Tobbz764/Tobbz6996 murdered 17 people but I highly doubt thats anywhere close to what he actually did, and that claim was probably used to seem "cool" amongst their other group of extortionist friends.\n<e>[/quote]</e></QUOTE>\n\nI just don''t understand 764''s original existence to be honest, they took inspiration from another group called cvlt and aspired to be a bunch of virgins.\n<e>[/quote]</e></QUOTE>\n\nYea, kinda makes sense now. The old 764 members were mostly reported and turned in to the feds by me. You can check the attachments, some parts are redacted for privacy such as the agents name (Because its his real name) but the fbi.gov is left out, just to show I emailed the FBI information on 764 and Legion. They may have used a VPN or Proxy, but again, these dont offer protection from Surveillance Laws such as 5 Eyes, 14 Eyes or other Surveillance Laws. These can still be tracked and data can be decrypted and submitted upon request by court, so I knew what I was doing when I sent the Fed VPN IPs or they could just use the same methods that was used to catch Pompompurin. They requested data from Google and Apple, matched the IP Address and found his real IP Address left out in an Intelx Breach together with evidence submitted by a member from my team.<br/>\n<br/>\n\n<ATTACHMENT filename="034EA4FA-7561-4B36-A38C-FDBD080865CA.png" index="0"><s>[attachment=0]</s>034EA4FA-7561-4B36-A38C-FDBD080865CA.png<e>[/attachment]</e></ATTACHMENT>\n\n<ATTACHMENT filename="29A61AD7-60F7-4E03-86E2-3E74289ECC5F.jpeg" index="1"><s>[attachment=1]</s>29A61AD7-60F7-4E03-86E2-3E74289ECC5F.jpeg<e>[/attachment]</e></ATTACHMENT>\n\n<ATTACHMENT filename="B8997D75-02BA-4146-B4A5-2469E693EDA1.jpeg" index="2"><s>[attachment=2]</s>B8997D75-02BA-4146-B4A5-2469E693EDA1.jpeg<e>[/attachment]</e></ATTACHMENT>\n\n<ATTACHMENT filename="4DBF19F8-1542-4657-98F0-8B24E8E4083F.png" index="3"><s>[attachment=3]</s>4DBF19F8-1542-4657-98F0-8B24E8E4083F.png<e>[/attachment]</e></ATTACHMENT>\n\n<ATTACHMENT filename="23891FF1-7B62-4010-B49E-6E205B4AC926.png" index="4"><s>[attachment=4]</s>23891FF1-7B62-4010-B49E-6E205B4AC926.png<e>[/attachment]</e></ATTACHMENT>\n\n<ATTACHMENT filename="0465BBBE-9BBB-479E-B2FE-22B046305596.jpeg" index="5"><s>[attachment=5]</s>0465BBBE-9BBB-479E-B2FE-22B046305596.jpeg<e>[/attachment]</e></ATTACHMENT></r>', 'dcd4ac109ec317bee83c644751d70a69', 1, '', '8xaq', 1, 0, '', 0, 0, 0, 1, 0, '', 0),
(31, 15, 2, 59, 0, '146.70.128.196', 1692804127, 0, 1, 1, 1, 1, '', 'Botted Views/Posts/Users', '<t>We (netforums) are aware that botting views, posts, and members is a possibility. For that we have added protection against those things, when making a new account you have to activate it via an email sent, if the account is not activated you will have limited access. With accounts that are not activated you will receive a reminder, then after a week of inactivity the account will be deleted. Currently, Posts and Views are "bottable" however we are planning on adding protection on that too. If after protection against botted Views and Posts are added and we detect botted views or posts you will receive a one time warning, then an account deletion. If you decide to make another account again and violate the terms you will be blacklisted from accessing this site ever again. Please follow our Terms of Service alongside this.<br/>\n<br/>\nMany thanks,<br/>\ntrial</t>', '34294ada7db27e900656bc6cec1108b5', 0, '', 'zh9t', 1, 0, '', 0, 0, 0, 1, 0, '', 0),
(35, 18, 11, 113, 0, '82.9.233.186', 1692992523, 0, 1, 1, 1, 1, '', 'Method Dump', '<r><LIST><s>[list]</s><LI><URL url="https://pastebin.com/u/amir9089">https://pastebin.com/u/amir9089</URL></LI><e>[/list]</e></LIST>\n<LIST><s>[list]</s><LI><URL url="https://pastebin.com/cCAN7vA0">https://pastebin.com/cCAN7vA0</URL></LI><e>[/list]</e></LIST>\n<LIST><s>[list]</s><LI><URL url="https://pastebin.com/a2WAuiNj">https://pastebin.com/a2WAuiNj</URL></LI><e>[/list]</e></LIST>\n<LIST><s>[list]</s><LI><URL url="https://pastebin.com/z3x4eBsc">https://pastebin.com/z3x4eBsc</URL></LI><e>[/list]</e></LIST>\n<LIST><s>[list]</s><LI><URL url="https://mega.nz/folder/ZA4XFRaL#hU0UVP_rI2aYj0hHgmSm5A">https://mega.nz/folder/ZA4XFRaL#hU0UVP_rI2aYj0hHgmSm5A</URL></LI><e>[/list]</e></LIST>\n<LIST><s>[list]</s><LI><URL url="https://mega.nz/folder/JRQgwCaK#1A6gll3m8BV046ZKW7wqaQ">https://mega.nz/folder/JRQgwCaK#1A6gll3m8BV046ZKW7wqaQ</URL></LI><e>[/list]</e></LIST>\n<LIST><s>[list]</s><LI><URL url="https://mega.nz/folder/VNpXzbbB#sZTLFVfWisSJlMwLHFZWiQ">https://mega.nz/folder/VNpXzbbB#sZTLFVfWisSJlMwLHFZWiQ</URL></LI><e>[/list]</e></LIST>\n<LIST><s>[list]</s><LI><URL url="https://mega.nz/folder/3tBWTJLC#iBVsRhrn5yUdX09YxaF56w">https://mega.nz/folder/3tBWTJLC#iBVsRhrn5yUdX09YxaF56w</URL></LI><e>[/list]</e></LIST>\n<LIST><s>[list]</s><LI><URL url="https://mega.nz/#F!bpMAyZAS!cSdPCNRPRGO6RT8ssnRadw!30t3nIIJ"><LINK_TEXT text="https://mega.nz/#F!bpMAyZAS!cSdPCNRPRGO ... w!30t3nIIJ">https://mega.nz/#F!bpMAyZAS!cSdPCNRPRGO6RT8ssnRadw!30t3nIIJ</LINK_TEXT></URL></LI><e>[/list]</e></LIST>\n<LIST><s>[list]</s><LI><URL url="https://mega.nz/folder/SNlliYhC">https://mega.nz/folder/SNlliYhC</URL></LI><e>[/list]</e></LIST>\n<LIST><s>[list]</s><LI><URL url="https://mega.nz/folder/AEd0WLCb#ikKhHKp8YN8v9lN-t7jcRA">https://mega.nz/folder/AEd0WLCb#ikKhHKp8YN8v9lN-t7jcRA</URL></LI><e>[/list]</e></LIST>\n<LIST><s>[list]</s><LI><URL url="https://mega.nz/folder/3Q40wS5D#r81mBb01RZtDbFCEsyb48g">https://mega.nz/folder/3Q40wS5D#r81mBb01RZtDbFCEsyb48g</URL></LI><e>[/list]</e></LIST>\n<LIST><s>[list]</s><LI><URL url="https://mega.nz/folder/FQhTmSpY#G1SHdXT-vymlwyI4D_uOAQ">https://mega.nz/folder/FQhTmSpY#G1SHdXT-vymlwyI4D_uOAQ</URL></LI><e>[/list]</e></LIST></r>', '772b571205474035cf2ff85fb863de51', 0, '', 'vbf', 1, 0, '', 0, 0, 0, 1, 0, '', 0),
(36, 18, 11, 59, 0, '2a02:6ea0:e206:3::a03d', 1692992833, 0, 1, 1, 1, 1, '', 'Re: Method Dump', '<r>Nice! However, don''t you think this isn''t a "giveaway". I''ll move this into another category where it''s more suitable  <E>:D</E></r>', 'bd36c8a1c8ef78a429ed92233eb09d0f', 0, '', '989e', 1, 0, '', 0, 0, 0, 1, 0, '', 0),
(43, 25, 3, 121, 0, '2600:1002:b036:9702:99bb:5ded:3e5:78d3', 1693000903, 0, 1, 1, 1, 1, '', 'Invited by display name', '<r>New to this <EMOJI seq="1f9d0" tseq="1f9d0">&#129488;</EMOJI></r>', 'f2049243b606ecdd0bf7ac61c0247d35', 0, '', '5zjytll', 1, 0, '', 0, 0, 0, 1, 0, '', 0),
(44, 26, 3, 122, 0, '2600:1702:3980:4bb0:6900:c965:a228:af6a', 1693001465, 0, 1, 1, 1, 1, '', 'this site', '<t>ngl my friend showed me ts nd i was tryna see how to post nd i found it so here i am but ion know what to talk about like the site is alright im on mobile so it could be worse but i dont know what this site is exactly for i seen some things like game leaks so i guess its to share some news nd stuff.<br/>\n<br/>\ndisplay name invited me</t>', '0b573971d6887f02fd1dc5427973b5e8', 0, '', '85urelo', 1, 0, '', 0, 0, 0, 1, 0, '', 0),
(45, 25, 3, 109, 0, '89.187.185.171', 1693017431, 0, 1, 1, 1, 1, '', 'Re: Invited by display name', '<t>welcome</t>', '40be4e59b9a2a2b5dffb918c0e86b3d7', 0, '', '4f7ks4j6', 1, 0, '', 0, 0, 0, 1, 0, '', 0),
(46, 18, 11, 113, 0, '82.9.233.186', 1693060606, 0, 1, 1, 1, 1, '', 'Re: Method Dump', '<t>I thought It''d work under freebies</t>', 'd39f04a2e6972e79919ef51407b7b71f', 0, '', '4g2v', 1, 0, '', 0, 0, 0, 1, 0, '', 0),
(47, 27, 3, 133, 0, '166.48.89.229', 1693086162, 0, 1, 1, 1, 1, '', 'hi', '<t>display name invited me</t>', '64c2e0d2ef95eb8772521635e1b6bd0c', 0, '', 'gkif', 1, 0, '', 0, 0, 0, 1, 0, '', 0),
(48, 28, 3, 136, 0, '72.207.54.43', 1693122434, 0, 1, 1, 1, 1, '', 'Appreciation', '<t>Who ever made this website it is fucking beautiful.</t>', '6a471bd3a1d20d6cafcf74552d68e986', 0, '', 'elny', 1, 0, '', 0, 0, 0, 1, 0, '', 0),
(49, 28, 3, 58, 0, '185.65.135.136', 1693132079, 0, 1, 1, 1, 1, '', 'Re: Appreciation', '<r><QUOTE author="zombie" post_id="48" time="1693122434" user_id="136"><s>[quote=zombie post_id=48 time=1693122434 user_id=136]</s>\nWho ever made this website it is fucking beautiful.\n<e>[/quote]</e></QUOTE>\n\nThanks. Much appreciated for my work; I would like to metion that I will not be administering this site anymore and that all cyber-security, web administration and forum management has been transferred over to Margarita Rodriguez, who will be coming soon after I leave the forum completely; I had to leave in order to save the forums reputation and get more people on this forum considering that I was a Porn Star in my past and I''m currently being framed and attacked for crimes I never did by people like @D4RKR4BB1T47 aka Skyler James Egert on Twitter, who literally frames anyone he''s against for crimes they never did. Either way, that''s all I have to say even though I am the developer of this site, there''s not much I can do to help it grow if I''ll still be around considring my past and this fraud whose framing me and defaming me with his friends.</r>', '191f82f67302c0c1cd5b70892fca37c1', 0, '', '11g75d5', 1, 0, '', 0, 0, 0, 1, 0, '', 0),
(50, 29, 2, 58, 0, '185.65.135.136', 1693136703, 0, 1, 1, 1, 1, '', 'RE: Leaving the forum', '<t>Greetings to everyone!<br/>\n    It has come to my attention that I may have to leave administering this forum for several reasons that include people such as @D4RKR4BB1T47 on Twitter framing and defaming me for crimes I never did together with his friends who literally found my XVideos Page from over a few years ago from when I was a Porn Star and sent it to the owner of the forum to have me kicked out and replaced by a new admin.<br/>\n<br/>\nWhile it has been great working with Netforums as a Developer and helping them with setting up their forum, and others who are giving appreciation to my work regarding the forum need to know that I may have to leave administration, cyber-security work and development work at netforums for the sake of the forums reputation.<br/>\n<br/>\nFor this reason, I must announce that all forum administration, development work and cyber-security that was handled by me will now be transferred to Margarita Rodriguez, who will be the new administrator replacing me on this forum. You will soon be seeing her on here and she will be behind the handling of everything that''s going to be behind the sites backend. Thanks.</t>', '34969ad99d6296eec65d4b6a66057ceb', 0, '', '1yx431m', 1, 0, '', 0, 0, 0, 1, 0, '', 0),
(51, 29, 2, 138, 0, '185.65.135.136', 1693137028, 0, 1, 1, 1, 1, '', 'Re: RE: Leaving the forum', '<r><QUOTE author="brotheralameen" post_id="50" time="1693136703" user_id="58"><s>[quote=brotheralameen post_id=50 time=1693136703 user_id=58]</s>\nGreetings to everyone!<br/>\n    It has come to my attention that I may have to leave administering this forum for several reasons that include people such as @D4RKR4BB1T47 on Twitter framing and defaming me for crimes I never did together with his friends who literally found my XVideos Page from over a few years ago from when I was a Porn Star and sent it to the owner of the forum to have me kicked out and replaced by a new admin.<br/>\n<br/>\nWhile it has been great working with Netforums as a Developer and helping them with setting up their forum, and others who are giving appreciation to my work regarding the forum need to know that I may have to leave administration, cyber-security work and development work at netforums for the sake of the forums reputation.<br/>\n<br/>\nFor this reason, I must announce that all forum administration, development work and cyber-security that was handled by me will now be transferred to Margarita Rodriguez, who will be the new administrator replacing me on this forum. You will soon be seeing her on here and she will be behind the handling of everything that''s going to be behind the sites backend. Thanks.\n<e>[/quote]</e></QUOTE>\n\nThank you very much for welcoming me to forum and I will run very well this forum</r>', 'e86187db718cddd814a2918fd9367183', 0, '', '5d', 1, 0, '', 0, 0, 0, 1, 0, '', 0),
(52, 28, 3, 138, 0, '185.65.135.136', 1693137174, 0, 1, 1, 1, 1, '', 'Re: Appreciation', '<r><QUOTE author="brotheralameen" post_id="49" time="1693132079" user_id="58"><s>[quote=brotheralameen post_id=49 time=1693132079 user_id=58]</s>\n<QUOTE author="zombie" post_id="48" time="1693122434" user_id="136"><s>[quote=zombie post_id=48 time=1693122434 user_id=136]</s>\nWho ever made this website it is fucking beautiful.\n<e>[/quote]</e></QUOTE>\n\nThanks. Much appreciated for my work; I would like to metion that I will not be administering this site anymore and that all cyber-security, web administration and forum management has been transferred over to Margarita Rodriguez, who will be coming soon after I leave the forum completely; I had to leave in order to save the forums reputation and get more people on this forum considering that I was a Porn Star in my past and I''m currently being framed and attacked for crimes I never did by people like @D4RKR4BB1T47 aka Skyler James Egert on Twitter, who literally frames anyone he''s against for crimes they never did. Either way, that''s all I have to say even though I am the developer of this site, there''s not much I can do to help it grow if I''ll still be around considring my past and this fraud whose framing me and defaming me with his friends.\n<e>[/quote]</e></QUOTE>\n\nSorry to hear that about you thanks for having me here I will run very well this forum from Spain</r>', 'e309060db6b9901af95b652d9386f800', 0, '', '858jb', 1, 0, '', 0, 0, 0, 1, 0, '', 0),
(53, 30, 3, 138, 0, '185.65.135.136', 1693137398, 0, 1, 1, 1, 1, '', 'Welcoming Myself', '<t>Hi <br/>\n<br/>\nI am Margarita Rodriguez from Spain and will be new admin, moderator, developer and cyber-security analyst for netforum. You can contact whenever you want and my English not so good but Spanish be bombastic. You can talk in English though because I understand. Don''t worry, I will make this site best site.</t>', 'b99c6af57e1f8eff912cd2b6896098d2', 0, '', '4dpbh6', 1, 0, '', 0, 0, 0, 1, 0, '', 0),
(54, 13, 38, 138, 0, '185.65.135.136', 1693137657, 0, 1, 1, 1, 1, '', 'Re: [External Report] D4RKR4BB1T47 aka Skyler James Egert aka Pavel Kravchenko', '<r><QUOTE author="brotheralameen" post_id="22" time="1692795395" user_id="58"><s>[quote=brotheralameen post_id=22 time=1692795395 user_id=58]</s>\nIt is highly concerning that Skyler James Egert has been involved in scams since a very long time and needs to be know for the very scams that hes been operating. <br/>\n<br/>\nWeve so far managed to trace Skyler Bitcoin Account and know about his cooperation with one of the head leader of 764 who goes by the nickname of Hydra who extorts kids and forced them to cut themselves, some of them literally being having eventually killed themselves from the act and who is a pedophile that literally took a blood bath with dead kids around her according to a video that was shown to one of the members of my team which was sent by him. 764 is a well-known terrorist group thats currently in the watchlist of the Federal Bureau of Investigations as well. <br/>\n<br/>\nOne of my Team Members that goes by the name of Cat Hat whose a ex-DoD Civilian Contractor had contact with the Fed several months ago and reported Hydra. The feds were after Hydra which is why he eventually ended up posting on his bio I didnt give feds my home address with a danger symbol<br/>\n<br/>\nNonetheless, we noticed that D4RKR4BB1T47 was cooperating with him and even paid him money via Bitcoin to purchase drugs off of him (Specifically, Crystal Methamphetamine) and even went on to purchase the SSN of Travis Scott Patterson (Ex-Military Officer that goes by Dr. Deplorable) in attempt to set him up and harass him after having scammed me off the $500 which I will explain below how the scam took place. They even formed a group together in which they communicated about their own things and we have a video on YouTube to prove this as well. Apart from the fact that he purchased SSNs and did quite foolish things, he yet has over 3.4 Bitcoins still in his account till today.<br/>\n<br/>\nApart from this, he even communicated with Pedohunters, aka, John Smith and sent him over $100,000 in Bitcoin. The point of why Im giving the quotes of these cryptos are the fact that we dont exactly know where the money hes making is originating from, but were likely to say that hes committing fraudulent activities online. Hes used a KYC Verified Wallet to perform these transactions which was most likely done using a Stolen Identity of an American Citizen. This is what can result him to be tested under the RICO Act, which was the same thing Armadyl was afraid of and ran away from for a few months to escape being tried for after receiving money from Pomporuin before his arrest. While Im quite aware that Armadyl is in fact trying his best to cover up what he did and is willing to get a fair trial in court and just trying to get things better (If he ever gets arrested for violating the RICO Act), he should understand that others have the ability to do the same too.<br/>\n<br/>\nThis is the Bitcoin Address which Skyler used to perform these malicious activities. There are other Bitcoin Addresses he has used, but wont be provided here, because this is the one of main concern since it involves the Leader of 764 Hydra : <br/>\n<br/>\n3HkqJr8BWRyyo4y8tbgyw5NPmduVzwGDTg<br/>\n<br/>\nYouTube Channel: <URL url="https://youtube.com/@CatHat-rt6jc">https://youtube.com/@CatHat-rt6jc</URL> (Theres even a video of him having performed PayPal Fraud in real time recording)<br/>\n<br/>\nOther scams hes committed to performing includes a Rugpull using his own crypto-token that we managed to track down, having scammed over $250 Dollars which you can access from this link:<br/>\n<br/>\n<URL url="https://bscscan.com/token/0x6F6D2b5fe6b105DA3FC1284e7833068d18d02588#code"><LINK_TEXT text="https://bscscan.com/token/0x6F6D2b5fe6b ... 02588#code">https://bscscan.com/token/0x6F6D2b5fe6b105DA3FC1284e7833068d18d02588#code</LINK_TEXT></URL><br/>\n<br/>\nWhile he claims to be a White Hat Security Researcher, all he does is keeps Black Hatting all the way. <br/>\n<br/>\nBack to the point of this post, Skyler has been well-known to attack people who are against him either framing them as Pedophiles with the intent to harass and intimidate them, this includes me, being a victim of such harassment.<br/>\n<br/>\nThe point of Skyler doing anything what hes doing is quite hideous to the fact that I have known him quite well since 2020 after I infiltrated one of his groups and knew him back then, with multiple alts he used including Russian Federal Agent Bob Bobrov, Muffin (15 Year Old Boy with his real age back then being 20 Years) and has even been well known to operate a fraud group with kids back then where he would sell Coinbase Logs on his Selix Store and post them on his group then cry about it when LulzandFeelz attacks him.<br/>\n<br/>\nLater on during the time I was in that group, after being doxxed by LulzandFeelz, is when everything started and I was kicked out of R4BB1Ts group by himself after the dox and he kept going against me and harassing me from then on. LulzandFeelz never released my dox to Doxbin however, after we made a deal for me to team up with her and her team against Skyler. Little did I know that Skyler scammed money off of LulzandFeelz and Dr. Deplorable till recently or I would still help them take him down regardless, but now Im with a different team helping taking him down. You can learn more about the history between me and LulzandFeelz from <URL url="https://alameenkarimmerali.substack.com/p/coming-soon"><s>[url]</s> https://alameenkarimmerali.substack.com/p/coming-soon<e>[/url]</e></URL>.<br/>\n<br/>\nSkyler was well known to have scammed me off over $1,000 in the following ways. Nonetheless, hes even known for operating other scams which include impersonation at a high level of both Russian and Ukrainian Nationals. You can check <URL url="https://community.scambook.io/t/exposing-d4rkr4bb1t-and-his-scams/175/6"><s>[url]</s><LINK_TEXT text=" https://community.scambook.io/t/exposi ... cams/175/6"> https://community.scambook.io/t/exposing-d4rkr4bb1t-and-his-scams/175/6</LINK_TEXT><e>[/url]</e></URL> link out for more information. He has also been well-known for cooperating with frauds from Sweden and other countries to impersonate a law Enforcement, The Department of Justice, Law Firms, The FBI, Swiss Police, Europol and even Interpol. You can check <URL url="https://community.scambook.io/t/bigfatotp-scandal/192/99"><s>[url]</s><LINK_TEXT text=" https://community.scambook.io/t/bigfat ... dal/192/99"> https://community.scambook.io/t/bigfatotp-scandal/192/99</LINK_TEXT><e>[/url]</e></URL> link for more information.<br/>\n<br/>\n1. Through one of his aliases named Muffin he scammed me over $500 in a group filled with kids. While he claimed himself to be 15 Years Old with this alt, kids in his group knew that alt was well-known for fraudulent activities such as e-Whoring and that he made over $5,000 to $10,000 in Romance Scams while pretending to be a 15 Year Old boy when his actual age back then was 20 Years Old. He was supposed to pay me for building him a website, which he never did.<br/>\n<br/>\n2. For a collaboration between Me, KT (Ex-Admin at Doxbin) and Martin Wrombel (Whose now working with him against me after having exposed his scam connection with BigFatOTP) to have Dr. Deplorable added to the Doxbin Hall of Autism for being a Pedophile and sending Child Pornography on Telegram (Again, check the article on top). While Martin collaborated with KT and after having the evidence of Dr. Deplorable having sent CP, he told me we could add him to HOA then dodged me (I had trusted him because he paid me money to get Dr. Deplorables Dox Pinned on Doxbin, which we did, for one week, but I didnt know he was gonna dodge me for having to add him to HOA regardless of the fact that he promised me that he made a deal with KT that it would happen), after that I decided to involve Skyler and he promised me $500 which he supposedly said will be provided by the United States Government, which he never even paid me for after having helped him investigate Dr. Deplorable further.<br/>\n<br/>\nIt has come to my attention that Skyler James Egert is well-known to defraud and harass people hes close to regardless of the fact that hes a big time cyber-criminal. You can join us in a fight against Skyler by having him reported, if youre one of the victims of his attacks. The more weight thats on him with multiple reports, the more the ability of getting him arrested gets higher.\n<e>[/quote]</e></QUOTE>\n\nThis is the guy ataque you</r>', '625223b91946fcef5f37735f6690db94', 0, '', 'qkdrt4', 1, 0, '', 0, 0, 0, 1, 0, '', 0),
(55, 31, 3, 142, 0, '198.54.135.143', 1693177749, 0, 1, 1, 1, 1, '', 'hai', '<t>Hi :3</t>', '9feb203f3f207b7767d9fe2d5c9365d6', 0, '', 'cght', 1, 0, '', 0, 0, 0, 1, 0, '', 0),
(56, 32, 23, 138, 0, '193.138.218.215', 1693192062, 0, 1, 1, 1, 1, '', '[Leaked Email] Tunisian Government Sustainable Development for Africa', '<t>REMARKS LAUNCHING THE POLICY BRIEF ON A NEW AGENDA FOR PEACE<br/>\n<br/>\n <br/>\n<br/>\nNew York, 20 July 2023<br/>\n<br/>\n <br/>\n<br/>\nExcellencies, Ladies and Gentlemen, distinguished guests,<br/>\n<br/>\n <br/>\n<br/>\nI am pleased to join you today to present our Policy Brief: The New Agenda for Peace. This is the latest in our series of Policy Briefs expanding on the recommendations in Our Common Agenda.<br/>\n<br/>\n <br/>\n<br/>\nWe are on the verge of a new era.<br/>\n<br/>\n <br/>\n<br/>\nThe post-Cold War period is over, and we are moving towards a new global order and a multipolar world.<br/>\n<br/>\n <br/>\n<br/>\nThe Policy Brief on a New Agenda for Peace outlines my vision of multilateral efforts for peace and security, based on international law, for a world in transition.<br/>\n<br/>\n <br/>\n<br/>\nThis new era is already marked by the highest level of geopolitical tensions and major power competition in decades.<br/>\n<br/>\n <br/>\n<br/>\nMany Member States are growing skeptical of whether the multilateral system is working for them.<br/>\n<br/>\n <br/>\n<br/>\nViolations of international law are becoming more common.<br/>\n<br/>\n <br/>\n<br/>\nDeep and, in some cases, justified grievances about double standards and unmet commitments are undermining cooperation. <br/>\n<br/>\n <br/>\n<br/>\nAt the same time, the world faces new and developing threats that require urgent, united action.<br/>\n<br/>\n <br/>\n<br/>\nConflicts have become more complex, deadly, and harder to resolve. Last year saw the highest number of conflict-related deaths in almost three decades.<br/>\n<br/>\n <br/>\n<br/>\nConcerns about the possibility of nuclear war have re-emerged. <br/>\n<br/>\n <br/>\n<br/>\nNew potential domains of conflict and weapons of war are creating new ways in which humanity can annihilate itself. <br/>\n<br/>\n <br/>\n<br/>\nInequalities within and between states are growing, exacerbated by the COVID-19 pandemic.<br/>\n<br/>\n <br/>\n<br/>\nHuman rights are under attack across the world, including a pernicious pushback against womens rights.<br/>\n<br/>\n <br/>\n<br/>\nDistrust in public institutions is mounting, fueled by exclusion and marginalization.<br/>\n<br/>\n <br/>\n<br/>\nTerrorism remains a global scourge.<br/>\n<br/>\n <br/>\n<br/>\nThe climate emergency is intensifying competition for resources and exacerbating tensions.<br/>\n<br/>\n <br/>\n<br/>\nAnd Russias invasion of Ukraine has made it even more difficult to address these challenges.<br/>\n<br/>\n <br/>\n<br/>\nIf every country fulfilled its obligations under the Charter, the right to peace would be guaranteed.<br/>\n<br/>\n <br/>\n<br/>\nBut when countries break those pledges, they create a world of insecurity for everyone.<br/>\n<br/>\n <br/>\n<br/>\nThe very tenets of multilateralism and the collective security system have been questioned: the UN Charter and international law; regional security architectures; nuclear disarmament and de-escalation.<br/>\n<br/>\n <br/>\n<br/>\nFrameworks for global cooperation have not kept pace with this new global landscape.<br/>\n<br/>\n <br/>\n<br/>\nThe UN75 Declaration asked me to consider global threats  and to make concrete recommendations on how to address them.<br/>\n<br/>\n <br/>\n<br/>\nThe Policy Brief on the New Agenda for Peace outlines an extensive and ambitious set of recommendations that recognize the inter-linked nature of many of these challenges.<br/>\n<br/>\n <br/>\n<br/>\nIt is framed around the core principles of trust, solidarity, and universality that are foundational to the Charter and to a stable world.<br/>\n<br/>\n <br/>\n<br/>\nThis Policy Brief is also part of my commitment to link actions for peace with the Sustainable Development Goals. If we achieve the vision set out in the 2030 Agenda, our world will be more peaceful and secure as well as more sustainable.<br/>\n<br/>\n <br/>\n<br/>\nExcellencies,<br/>\n<br/>\n <br/>\n<br/>\nThe New Agenda for Peace presents twelve concrete sets of proposals for action, in five priority areas. I will go through these priorities briefly.<br/>\n<br/>\n <br/>\n<br/>\nFirst, we need strong measures to bolster prevention at the global level, by addressing strategic risks and geopolitical divisions.<br/>\n<br/>\n <br/>\n<br/>\nThe nuclear disarmament and arms control regime is eroding; non-proliferation is being challenged; and a qualitative race in nuclear armaments is underway.<br/>\n<br/>\n <br/>\n<br/>\nReducing the existential risk posed by nuclear weapons is an urgent priority  but it is not enough. We must do everything possible to eliminate this risk  by eliminating nuclear weapons.<br/>\n<br/>\nThis Policy Brief therefore calls on Member States to urgently recommit to pursuing a world free of nuclear weapons, and to reinforce the global norms against their use and proliferation.<br/>\n<br/>\n <br/>\n<br/>\nPending their total elimination, States possessing nuclear weapons must commit to never use them.<br/>\n<br/>\n <br/>\n<br/>\nWe also need to step up preventive diplomacy at the global level in the face of growing fragmentation, and the potential emergence of geopolitical blocs with different trade rules, supply chains, currencies and internets.<br/>\n<br/>\n <br/>\n<br/>\nThe Policy Brief calls on all countries to prioritize diplomacy  particularly when states disagree; and to make full use of my good offices to bridge divides, so that humanity does not become collateral damage in an all-out geopolitical competition between major powers.<br/>\n<br/>\n <br/>\n<br/>\nThe United Nations, as the only truly universal platform, must be at the centre of these efforts.<br/>\n<br/>\n <br/>\n<br/>\nThe Policy Brief also calls for investment in regional security architectures that can rebuild trust between Member States and support diplomacy at the global level.<br/>\n<br/>\n <br/>\n<br/>\nExcellencies,<br/>\n<br/>\n <br/>\n<br/>\nSecond, this Policy Brief sets out a vision for preventing conflict and violence, and sustaining peace, that applies to everyone, in all countries, at all times.<br/>\n<br/>\n <br/>\n<br/>\nIt calls for a paradigm for prevention that addresses all forms of violence; focuses on mediation; promotes social cohesion; prioritizes the links between sustainable development, climate action, and peace; and is anchored in full respect for all human rights  civil, political, economic, social and cultural.<br/>\n<br/>\n <br/>\n<br/>\nThat requires a comprehensive view of the peace continuum and a holistic approach that identifies root causes and prevents the seeds of war from sprouting.<br/>\n<br/>\n <br/>\n<br/>\nThe stagnation and reversal of progress on more than half the SDG targets has serious implications for global peace and security. It is no coincidence that countries affected by conflict are farthest behind on the SDGs. <br/>\n<br/>\n <br/>\n<br/>\nWe must accelerate the implementation of the 2030 Agenda, recognizing that prevention and sustainable development are interdependent and mutually reinforcing.<br/>\n<br/>\n <br/>\n<br/>\nAccess to education and healthcare are proven development pathways that strengthen the social contract and human security.<br/>\n<br/>\n <br/>\n<br/>\nThe Policy Brief also calls for the transformation of gendered power dynamics across the board, including in peace and security.<br/>\n<br/>\n <br/>\n<br/>\nIncrementalism has not delivered the Women, Peace and Security agenda.<br/>\n<br/>\n <br/>\n<br/>\nGovernments must take targeted steps, including the introduction of quotas, to ensure womens meaningful participation and leadership in decision-making, eradicate all forms of violence against women, and uphold womens rights.<br/>\n<br/>\n <br/>\n<br/>\nThe New Agenda for Peace also calls on Member States to reduce military spending and ban inhumane and indiscriminate weapons.<br/>\n<br/>\n <br/>\n<br/>\nExcellencies,<br/>\n<br/>\n <br/>\n<br/>\nThe third priority area is to update our approach to peace operations, recognizing the realities of todays conflicts.<br/>\n<br/>\n <br/>\n<br/>\nUnited Nations peacekeeping represents multilateralism in action, giving all those who contribute a direct stake in our collective security.<br/>\n<br/>\n <br/>\n<br/>\nIt has contributed to saving millions of lives, by helping to preserve ceasefires, protect civilians from violence, and supporting parties to conflict to return to the peace table.<br/>\n<br/>\n <br/>\n<br/>\nBut longstanding unresolved conflicts, driven by complex domestic, geopolitical and transnational factors, and a persistent mismatch between mandates and resources, have exposed its limitations.<br/>\n<br/>\n <br/>\n<br/>\nPeacekeeping operations cannot succeed where there is no peace to keep.<br/>\n<br/>\n <br/>\n<br/>\nNor can they achieve their goals without clear, prioritized and realistic mandates from the Security Council, centred on political solutions.<br/>\n<br/>\n <br/>\n<br/>\nMissions must have adequate resources and the full political support of the Security Council, with active, continuous engagement with all parties.<br/>\n<br/>\n <br/>\n<br/>\nThe Policy Brief calls for a serious, broad-based reflection on the future of United Nations Peacekeeping Operations, with a view to moving towards nimble, adaptable models with appropriate exit strategies in place.<br/>\n<br/>\n<br/>\nThe fragmentation of conflicts, which often involve non-state armed groups, criminal gangs, terrorists and opportunists, has increased the need for multinational peace enforcement, counter-terrorism and counter-insurgency operations.<br/>\n<br/>\n <br/>\n<br/>\nThe Policy Brief calls on Member States to recognize this need, and urges the Security Council to authorize peace enforcement action by regional and sub-regional organizations.<br/>\n<br/>\n <br/>\n<br/>\nThis action should be fully in line with the UN Charter and international humanitarian and human rights law, backed by inclusive political efforts to advance peace.<br/>\n<br/>\n <br/>\n<br/>\nThere is no continent in greater need of this new generation of peace enforcement missions than Africa.<br/>\n<br/>\n <br/>\n<br/>\nThe proliferation of non-state armed groups, including terrorist groups, operating across borders presents a major and growing threat in several parts of the continent.<br/>\n<br/>\n <br/>\n<br/>\nThe New Agenda for Peace therefore reiterates my call for peace enforcement missions and counter-terrorism operations, led by African partners with a UN Security Council mandate under Chapters VII and VIII of the UN Charter and with guaranteed funding including through assessed contributions.<br/>\n<br/>\n <br/>\n<br/>\nDecisions on this are long overdue.<br/>\n<br/>\n <br/>\n<br/>\nThe New Agenda for Peace is a critical opportunity for Member States to begin the process of updating multilateral peace operations for todays world.<br/>\n<br/>\n <br/>\n<br/>\nExcellencies,<br/>\n<br/>\n <br/>\n<br/>\nThe fourth priority area is to prevent the weaponization of emerging domains and technologies, and promote responsible innovation.<br/>\n<br/>\n <br/>\n<br/>\nFrom artificial intelligence to emerging biological risks, new technologies  and the complex interaction between them  present a host of new threats that go far beyond our current governing frameworks.<br/>\n<br/>\n <br/>\n<br/>\nWhile there is broad agreement that international law applies in cyberspace, there is still a lack of clarity on how it applies  including in relation to the cyber dimensions of conflict.<br/>\n<br/>\n <br/>\n<br/>\nThe Policy Brief on a New Agenda for Peace puts forward detailed proposals for Member States to tackle the extension of hostilities to cyberspace and outer space.<br/>\n<br/>\n <br/>\n<br/>\nInfrastructure essential for public services and to the functioning of society must be declared off-limits to malicious cyber activity.<br/>\n<br/>\n <br/>\n<br/>\nIt also calls on Member States to adopt, by 2026, a legally binding instrument to prohibit lethal autonomous weapons systems that function without human control.<br/>\n<br/>\n <br/>\n<br/>\nIt highlights the need for new national strategies to mitigate the peace and security implications of artificial intelligence. And it calls for a multilateral process to develop norms, rules and principles around military applications of AI, while ensuring engagement with stakeholders from industry, civil society and other sectors.<br/>\n<br/>\n <br/>\n<br/>\nI welcome calls from some Member States, and from industry experts and the scientific community, to consider the creation of a new global body to mitigate the peace and security risks of AI while harnessing its benefits to accelerate sustainable development.<br/>\n<br/>\n <br/>\n<br/>\nTo inform discussions, I am convening a High Level Advisory Body to outline options on global AI governance, which will report back by the end of the year.<br/>\n<br/>\n <br/>\n<br/>\nExcellencies,<br/>\n<br/>\n <br/>\n<br/>\nThe fifth priority area is updating our collective security machinery to restore its legitimacy and effectiveness.<br/>\n<br/>\n <br/>\n<br/>\nThe world needs collective security structures that represent the geopolitical realities of today, and the contributions made by different regions to global peace.<br/>\n<br/>\n <br/>\n<br/>\nThe New Agenda for Peace provides a generational opportunity to address this critical issue.<br/>\n<br/>\n <br/>\n<br/>\nThe Policy Brief recommends urgent reforms to the Security Council to make it more just and representative, and the democratization of its procedures.<br/>\n<br/>\n <br/>\n<br/>\nIt proposes revitalizing the work of the General Assembly and reforming the disarmament machinery.<br/>\n<br/>\n <br/>\n<br/>\nIt also proposes enhancing the role of the Peacebuilding Commission.<br/>\n<br/>\n <br/>\n<br/>\nThe Security Council in particular should more systematically seek the advice of the Commission on the peacebuilding dimensions of the mandates of peace operations.<br/>\n<br/>\nPrevention at the global level also requires efforts to right the injustices and inequities built into our global financial architecture, which are addressed in our dedicated Policy Brief.<br/>\n<br/>\n <br/>\n<br/>\nExcellencies,<br/>\n<br/>\n <br/>\n<br/>\nBefore I close, allow me to say a few words about the final two policy briefs expanding on the recommendations in Our Common Agenda.<br/>\n<br/>\n <br/>\n<br/>\nThe Policy Brief on Transforming Education will propose an overhaul of education systems to better equip individuals and societies with new skills, capacities and mindsets for our rapidly changing world.<br/>\n<br/>\n <br/>\n<br/>\nAt its core it will be a call for the creation of true learning societies in every country, built on comprehensive systems of lifelong learning; on a rethink of what and how we learn; and on scaled-up international cooperation to ensure access for all to education as a global public good.<br/>\n<br/>\n <br/>\n<br/>\nThe Policy Brief on UN 2.0 will set out my vision for a modernized United Nations that harnesses state-of-the-art skills and approaches to empower Member States in accelerating the 2030 Agenda.<br/>\n<br/>\n <br/>\n<br/>\nWe intend to shift expertise to areas that are vital in the 21st century: data, digital innovation, strategic foresight, and behavioural science.<br/>\n<br/>\n <br/>\n<br/>\nWe will also foster a more forward-thinking and inclusive culture across the UN, increasing support for creativity, agility, geographic diversity, gender equality, and youth empowerment.<br/>\n<br/>\n <br/>\n<br/>\nThe purpose of all the Policy Briefs in the series is to support your deliberations in preparation for the Summit of the Future next year.<br/>\n<br/>\n <br/>\n<br/>\nThe Summit will be an occasion to address the serious risks and significant opportunities we face;<br/>\n<br/>\n <br/>\n<br/>\nTo deliver on unmet commitments while rising to new challenges;<br/>\n<br/>\n <br/>\n<br/>\nAnd to restore trust in each other and in multilateral action, through a Pact for the Future that updates global systems and frameworks to make them fit for the challenges of today and tomorrow.<br/>\n<br/>\n <br/>\n<br/>\nI urge you to agree a scope for the Summit that is clear, streamlined and comprehensive, focused on new challenges and filling gaps in the multilateral system.<br/>\n<br/>\n <br/>\n<br/>\nExcellencies,<br/>\n<br/>\n <br/>\n<br/>\nPeace is the driving force behind the work of the United Nations.<br/>\n<br/>\n <br/>\n<br/>\nTodays new threats to peace create new demands on us. This Policy Brief on the new Agenda for Peace is our attempt to meet those demands.<br/>\n<br/>\n <br/>\n<br/>\nI urge Member States to debate it and to engage with our proposals.<br/>\n<br/>\n <br/>\n<br/>\nTime and again the United Nations has demonstrated its convening power as a platform for broad-based coalitions and effective diplomacy. Deep disagreements have been transcended to take collective action against critical threats.<br/>\n<br/>\n <br/>\n<br/>\nOur Organization is, and must remain, central to multilateralism.<br/>\n<br/>\n <br/>\n<br/>\nIn our fractured, troubled world, it is incumbent upon States to preserve our universal institution, in which they all have a stake.<br/>\n<br/>\n <br/>\n<br/>\nThe time to act is not when the divisions and fractures have engulfed us.<br/>\n<br/>\n <br/>\n<br/>\nThe time to act is now.<br/>\n<br/>\n <br/>\n<br/>\nThank you.</t>', '8b19e23eefae214415f6ac9873bc7a03', 0, '', 'q2g0r96', 1, 0, '', 0, 0, 0, 1, 0, '', 0),
(57, 33, 3, 150, 0, '139.60.130.197', 1693275840, 0, 1, 1, 1, 1, '', 'Hello all', '<r>Cool website  <E>:D</E></r>', '699a867a42a09f06f2c588cdd29444ae', 0, '', 'akmgcho', 1, 0, '', 0, 0, 0, 1, 0, '', 0),
(58, 31, 3, 139, 0, '76.111.68.166', 1693278851, 0, 1, 1, 1, 1, '', 'Re: hai', '<t>wsg g</t>', '1b98b89377df088db07ea0f0b00587e9', 0, '', '1mozpxs', 1, 0, '', 0, 0, 0, 1, 0, '', 0),
(59, 34, 3, 154, 0, '31.171.153.77', 1693304418, 0, 1, 1, 1, 1, '', 'xd', '<t>hi guys &gt;.&lt;</t>', '31441b21747cebdf7c7dc171796e34eb', 0, '', 'l8nl', 1, 0, '', 0, 0, 0, 1, 0, '', 0),
(60, 35, 3, 153, 0, '45.222.3.222', 1693410072, 0, 1, 1, 1, 1, '', 'wave', '<r><E>:twisted:</E></r>', 'ef8119869c38644423ec9a9756affd2f', 0, '', 'j62vhq', 1, 0, '', 0, 0, 0, 1, 0, '', 0),
(61, 31, 3, 110, 3, '2607:fb90:bd21:49f4:4517:5f66:ae2b:4f93', 1693467175, 0, 1, 1, 1, 1, '', 'Re: hai', '<r>so like wheres my rank.<br/>\n <E>:mrgreen:</E></r>', '391b8a496368b4e0b62f8f3c464ffbb2', 0, '', 'db33', 1, 0, '', 0, 0, 0, 1, 0, '', 0),
(62, 36, 2, 138, 0, '185.213.154.230', 1693594025, 0, 1, 1, 1, 1, '', 'Wallets for perks and ranks', '<t>These wallets for perk like ranks or roles in netforum.<br/>\n<br/>\nInstruction are simple and all need you to do to make transaction and send receipt to admin via dm on telegram @margrognetforums or @netforums_org and we add perk or rank for you<br/>\n<br/>\nBTC: bc1qh83kvxxc6s24xy60ndxsxk6ps55am4pp6fvha5<br/>\n<br/>\nLTC: LVQ5VykvvPxGmpwGBghF2cEiuHJmqz98uo<br/>\n<br/>\nETH: 0x5ef2C144929f1f7Ff143574b8cCF42c474578b0A<br/>\n<br/>\nXMR: 47oJ3z45F3SN5eHjrTs9AV4iMSqUeyWhi78jryk7GKPT3jan7eS9kM6Pn23yFRfRrvEZqok84KkMY7E1q5smctZe6tnAAh7<br/>\n<br/>\nTransaction receipt be can screenshot or hash.<br/>\n<br/>\nPrice:<br/>\n<br/>\nRich Rank - $100<br/>\n<br/>\nClique - $50<br/>\n<br/>\nVIP - 30<br/>\n<br/>\nFeature include:<br/>\n<br/>\nRich Rank: <br/>\n<br/>\n-Golden Color <br/>\n-Featured in Team Section of site <br/>\n-Featured in Legends <br/>\n-More Noticable <br/>\n-Unlimited DM''s <br/>\n-Unlimited Folders<br/>\n-Unlimited Receipients per DM<br/>\n<br/>\nClique: <br/>\n-Pink Color<br/>\n-Featured in Team Section of site<br/>\n-Featured in Legends<br/>\n-More Noticable<br/>\n-Unlimited DM''s<br/>\n-Manage up to 5 Folders<br/>\n-30 Maximum allowed receipts per DM<br/>\n<br/>\nVIP: <br/>\n-Purple Color <br/>\n-Featured in Team Section of site<br/>\n-Featured in Legends<br/>\n-Not able to select receipts per DM<br/>\n-Ulimited Folders<br/>\n-Not able to receive DMs.<br/>\n<br/>\nAll purchased rank and perk are forever.</t>', 'c9c746bf50b0e3052f65545ddb26ac19', 0, '', '5luu24z', 1, 0, '', 0, 0, 0, 1, 1693692802, '', 138),
(63, 2, 2, 138, 0, '185.213.154.230', 1693594107, 0, 1, 1, 1, 1, '', 'Re: NetForums Rules', '<r>For payment of perks and ranks: <URL url="https://netforums.org/viewtopic.php?t=36"><LINK_TEXT text="viewtopic.php?t=36">https://netforums.org/viewtopic.php?t=36</LINK_TEXT></URL></r>', '35025aecbaf1c535e2b86d45b22ee3bc', 0, '', 'fdd2', 1, 0, '', 0, 0, 0, 1, 1693692895, '', 138),
(64, 37, 3, 166, 3, '2607:9000:0:57::a03e', 1693608511, 0, 1, 1, 1, 1, '', 'Hi', '<t>hey :3</t>', '1102c21699edf71945bc515aa9d92317', 0, '', '3fl0v', 1, 0, '', 0, 0, 0, 1, 0, '', 0),
(65, 38, 3, 126, 5, '197.29.50.97', 1693645677, 0, 1, 1, 1, 1, '', 'Hello', '<t>Hello this is ScytheDea talking. 4 years of cybersecurity, 5 years of linux administration, and now penetration testing and finding exploits, but now i''m just chilling around the internet to pass the time and work on different things, i''m still going to school (11th grade) i''m down to help and contribute in any of the projects i get invited to, hope we have a good time in here.</t>', '02cfa646d1c8f221669bd9dd6e463b0c', 0, '', 'hwnz3p9', 1, 0, '', 0, 0, 0, 1, 0, '', 0);

-- --------------------------------------------------------

--
-- Table structure for table `phpbbtc_privmsgs`
--

CREATE TABLE `phpbbtc_privmsgs` (
  `msg_id` int(10) unsigned NOT NULL AUTO_INCREMENT,
  `root_level` mediumint(8) unsigned NOT NULL DEFAULT 0,
  `author_id` int(10) unsigned NOT NULL DEFAULT 0,
  `icon_id` mediumint(8) unsigned NOT NULL DEFAULT 0,
  `author_ip` varchar(40) NOT NULL DEFAULT '',
  `message_time` int(11) unsigned NOT NULL DEFAULT 0,
  `enable_bbcode` tinyint(1) unsigned NOT NULL DEFAULT 1,
  `enable_smilies` tinyint(1) unsigned NOT NULL DEFAULT 1,
  `enable_magic_url` tinyint(1) unsigned NOT NULL DEFAULT 1,
  `enable_sig` tinyint(1) unsigned NOT NULL DEFAULT 1,
  `message_subject` varchar(255) NOT NULL DEFAULT '',
  `message_text` mediumtext NOT NULL,
  `message_edit_reason` varchar(255) NOT NULL DEFAULT '',
  `message_edit_user` int(10) unsigned NOT NULL DEFAULT 0,
  `message_attachment` tinyint(1) unsigned NOT NULL DEFAULT 0,
  `bbcode_bitfield` varchar(255) NOT NULL DEFAULT '',
  `bbcode_uid` varchar(8) NOT NULL DEFAULT '',
  `message_edit_time` int(11) unsigned NOT NULL DEFAULT 0,
  `message_edit_count` smallint(4) unsigned NOT NULL DEFAULT 0,
  `to_address` text NOT NULL,
  `bcc_address` text NOT NULL,
  `message_reported` tinyint(1) unsigned NOT NULL DEFAULT 0,
  PRIMARY KEY (`msg_id`),
  KEY `author_ip` (`author_ip`),
  KEY `message_time` (`message_time`),
  KEY `author_id` (`author_id`),
  KEY `root_level` (`root_level`)
) ENGINE=InnoDB DEFAULT CHARSET=utf8 COLLATE=utf8_bin;

-- --------------------------------------------------------

--
-- Table structure for table `phpbbtc_privmsgs_folder`
--

CREATE TABLE `phpbbtc_privmsgs_folder` (
  `folder_id` mediumint(8) unsigned NOT NULL AUTO_INCREMENT,
  `user_id` int(10) unsigned NOT NULL DEFAULT 0,
  `folder_name` varchar(255) NOT NULL DEFAULT '',
  `pm_count` mediumint(8) unsigned NOT NULL DEFAULT 0,
  PRIMARY KEY (`folder_id`),
  KEY `user_id` (`user_id`)
) ENGINE=InnoDB DEFAULT CHARSET=utf8 COLLATE=utf8_bin;

-- --------------------------------------------------------

--
-- Table structure for table `phpbbtc_privmsgs_rules`
--

CREATE TABLE `phpbbtc_privmsgs_rules` (
  `rule_id` mediumint(8) unsigned NOT NULL AUTO_INCREMENT,
  `user_id` int(10) unsigned NOT NULL DEFAULT 0,
  `rule_check` mediumint(8) unsigned NOT NULL DEFAULT 0,
  `rule_connection` mediumint(8) unsigned NOT NULL DEFAULT 0,
  `rule_string` varchar(255) NOT NULL DEFAULT '',
  `rule_user_id` int(10) unsigned NOT NULL DEFAULT 0,
  `rule_group_id` mediumint(8) unsigned NOT NULL DEFAULT 0,
  `rule_action` mediumint(8) unsigned NOT NULL DEFAULT 0,
  `rule_folder_id` int(11) NOT NULL DEFAULT 0,
  PRIMARY KEY (`rule_id`),
  KEY `user_id` (`user_id`)
) ENGINE=InnoDB DEFAULT CHARSET=utf8 COLLATE=utf8_bin;

-- --------------------------------------------------------

--
-- Table structure for table `phpbbtc_privmsgs_to`
--

CREATE TABLE `phpbbtc_privmsgs_to` (
  `msg_id` int(10) unsigned NOT NULL DEFAULT 0,
  `user_id` int(10) unsigned NOT NULL DEFAULT 0,
  `author_id` int(10) unsigned NOT NULL DEFAULT 0,
  `pm_deleted` tinyint(1) unsigned NOT NULL DEFAULT 0,
  `pm_new` tinyint(1) unsigned NOT NULL DEFAULT 1,
  `pm_unread` tinyint(1) unsigned NOT NULL DEFAULT 1,
  `pm_replied` tinyint(1) unsigned NOT NULL DEFAULT 0,
  `pm_marked` tinyint(1) unsigned NOT NULL DEFAULT 0,
  `pm_forwarded` tinyint(1) unsigned NOT NULL DEFAULT 0,
  `folder_id` int(11) NOT NULL DEFAULT 0,
  KEY `msg_id` (`msg_id`),
  KEY `author_id` (`author_id`),
  KEY `usr_flder_id` (`user_id`,`folder_id`)
) ENGINE=InnoDB DEFAULT CHARSET=utf8 COLLATE=utf8_bin;

-- --------------------------------------------------------

--
-- Table structure for table `phpbbtc_profile_fields`
--

CREATE TABLE `phpbbtc_profile_fields` (
  `field_id` mediumint(8) unsigned NOT NULL AUTO_INCREMENT,
  `field_name` varchar(255) NOT NULL DEFAULT '',
  `field_type` varchar(100) NOT NULL DEFAULT '',
  `field_ident` varchar(20) NOT NULL DEFAULT '',
  `field_length` varchar(20) NOT NULL DEFAULT '',
  `field_minlen` varchar(255) NOT NULL DEFAULT '',
  `field_maxlen` varchar(255) NOT NULL DEFAULT '',
  `field_novalue` varchar(255) NOT NULL DEFAULT '',
  `field_default_value` varchar(255) NOT NULL DEFAULT '',
  `field_validation` varchar(64) NOT NULL DEFAULT '',
  `field_required` tinyint(1) unsigned NOT NULL DEFAULT 0,
  `field_show_on_reg` tinyint(1) unsigned NOT NULL DEFAULT 0,
  `field_hide` tinyint(1) unsigned NOT NULL DEFAULT 0,
  `field_no_view` tinyint(1) unsigned NOT NULL DEFAULT 0,
  `field_active` tinyint(1) unsigned NOT NULL DEFAULT 0,
  `field_order` mediumint(8) unsigned NOT NULL DEFAULT 0,
  `field_show_profile` tinyint(1) unsigned NOT NULL DEFAULT 0,
  `field_show_on_vt` tinyint(1) unsigned NOT NULL DEFAULT 0,
  `field_show_novalue` tinyint(1) unsigned NOT NULL DEFAULT 0,
  `field_show_on_pm` tinyint(1) unsigned NOT NULL DEFAULT 0,
  `field_show_on_ml` tinyint(1) unsigned NOT NULL DEFAULT 0,
  `field_is_contact` tinyint(1) unsigned NOT NULL DEFAULT 0,
  `field_contact_desc` varchar(255) NOT NULL DEFAULT '',
  `field_contact_url` varchar(255) NOT NULL DEFAULT '',
  PRIMARY KEY (`field_id`),
  KEY `fld_type` (`field_type`),
  KEY `fld_ordr` (`field_order`)
) ENGINE=InnoDB  DEFAULT CHARSET=utf8 COLLATE=utf8_bin;

--
-- Dumping data for table `phpbbtc_profile_fields`
--

INSERT INTO `phpbbtc_profile_fields` VALUES
(1, 'phpbb_location', 'profilefields.type.string', 'phpbb_location', '20', '2', '100', '', '', '.*', 0, 0, 0, 0, 1, 1, 1, 1, 0, 1, 1, 0, '', ''),
(2, 'phpbb_website', 'profilefields.type.url', 'phpbb_website', '40', '12', '255', '', '', '', 0, 0, 0, 0, 1, 2, 1, 1, 0, 1, 1, 1, 'VISIT_WEBSITE', '%s'),
(3, 'phpbb_interests', 'profilefields.type.text', 'phpbb_interests', '3|30', '2', '500', '', '', '.*', 0, 0, 0, 0, 0, 3, 1, 0, 0, 0, 0, 0, '', ''),
(4, 'phpbb_occupation', 'profilefields.type.text', 'phpbb_occupation', '3|30', '2', '500', '', '', '.*', 0, 0, 0, 0, 0, 4, 1, 0, 0, 0, 0, 0, '', ''),
(5, 'phpbb_icq', 'profilefields.type.string', 'phpbb_icq', '20', '3', '15', '', '', '[0-9]+', 0, 0, 0, 0, 0, 6, 1, 1, 0, 1, 1, 1, 'SEND_ICQ_MESSAGE', 'https://www.icq.com/people/%s/'),
(6, 'phpbb_yahoo', 'profilefields.type.string', 'phpbb_yahoo', '40', '5', '255', '', '', '.*', 0, 0, 0, 0, 0, 8, 1, 1, 0, 1, 1, 1, 'SEND_YIM_MESSAGE', 'ymsgr:sendim?%s'),
(7, 'phpbb_facebook', 'profilefields.type.string', 'phpbb_facebook', '20', '5', '50', '', '', '[\\w.]+', 0, 0, 0, 0, 1, 9, 1, 1, 0, 1, 1, 1, 'VIEW_FACEBOOK_PROFILE', 'http://facebook.com/%s/'),
(8, 'phpbb_twitter', 'profilefields.type.string', 'phpbb_twitter', '20', '1', '15', '', '', '[\\w_]+', 0, 0, 0, 0, 1, 10, 1, 1, 0, 1, 1, 1, 'VIEW_TWITTER_PROFILE', 'http://twitter.com/%s'),
(9, 'phpbb_skype', 'profilefields.type.string', 'phpbb_skype', '20', '6', '32', '', '', '[a-zA-Z][\\w\\.,\\-_]+', 0, 0, 0, 0, 1, 11, 1, 1, 0, 1, 1, 1, 'VIEW_SKYPE_PROFILE', 'skype:%s?userinfo'),
(10, 'phpbb_youtube', 'profilefields.type.string', 'phpbb_youtube', '20', '3', '60', '', '', '[a-zA-Z][\\w\\.,\\-_]+', 0, 0, 0, 0, 1, 12, 1, 1, 0, 1, 1, 1, 'VIEW_YOUTUBE_CHANNEL', 'http://youtube.com/user/%s');

-- --------------------------------------------------------

--
-- Table structure for table `phpbbtc_profile_fields_data`
--

CREATE TABLE `phpbbtc_profile_fields_data` (
  `user_id` int(10) unsigned NOT NULL DEFAULT 0,
  `pf_phpbb_interests` mediumtext NOT NULL,
  `pf_phpbb_occupation` mediumtext NOT NULL,
  `pf_phpbb_location` varchar(255) NOT NULL DEFAULT '',
  `pf_phpbb_facebook` varchar(255) NOT NULL DEFAULT '',
  `pf_phpbb_icq` varchar(255) NOT NULL DEFAULT '',
  `pf_phpbb_skype` varchar(255) NOT NULL DEFAULT '',
  `pf_phpbb_twitter` varchar(255) NOT NULL DEFAULT '',
  `pf_phpbb_youtube` varchar(255) NOT NULL DEFAULT '',
  `pf_phpbb_website` varchar(255) NOT NULL DEFAULT '',
  `pf_phpbb_yahoo` varchar(255) NOT NULL DEFAULT '',
  PRIMARY KEY (`user_id`)
) ENGINE=InnoDB DEFAULT CHARSET=utf8 COLLATE=utf8_bin;

-- --------------------------------------------------------

--
-- Table structure for table `phpbbtc_profile_fields_lang`
--

CREATE TABLE `phpbbtc_profile_fields_lang` (
  `field_id` mediumint(8) unsigned NOT NULL DEFAULT 0,
  `lang_id` mediumint(8) unsigned NOT NULL DEFAULT 0,
  `option_id` mediumint(8) unsigned NOT NULL DEFAULT 0,
  `field_type` varchar(100) NOT NULL DEFAULT '',
  `lang_value` varchar(255) NOT NULL DEFAULT '',
  PRIMARY KEY (`field_id`,`lang_id`,`option_id`)
) ENGINE=InnoDB DEFAULT CHARSET=utf8 COLLATE=utf8_bin;

-- --------------------------------------------------------

--
-- Table structure for table `phpbbtc_profile_lang`
--

CREATE TABLE `phpbbtc_profile_lang` (
  `field_id` mediumint(8) unsigned NOT NULL DEFAULT 0,
  `lang_id` mediumint(8) unsigned NOT NULL DEFAULT 0,
  `lang_name` varchar(255) NOT NULL DEFAULT '',
  `lang_explain` text NOT NULL,
  `lang_default_value` varchar(255) NOT NULL DEFAULT '',
  PRIMARY KEY (`field_id`,`lang_id`)
) ENGINE=InnoDB DEFAULT CHARSET=utf8 COLLATE=utf8_bin;

--
-- Dumping data for table `phpbbtc_profile_lang`
--

INSERT INTO `phpbbtc_profile_lang` VALUES
(1, 1, 'LOCATION', '', ''),
(2, 1, 'WEBSITE', '', ''),
(3, 1, 'INTERESTS', '', ''),
(4, 1, 'OCCUPATION', '', ''),
(5, 1, 'ICQ', '', ''),
(6, 1, 'YAHOO', '', ''),
(7, 1, 'FACEBOOK', '', ''),
(8, 1, 'TWITTER', '', ''),
(9, 1, 'SKYPE', '', ''),
(10, 1, 'YOUTUBE', '', '');

-- --------------------------------------------------------

--
-- Table structure for table `phpbbtc_ranks`
--

CREATE TABLE `phpbbtc_ranks` (
  `rank_id` mediumint(8) unsigned NOT NULL AUTO_INCREMENT,
  `rank_title` varchar(255) NOT NULL DEFAULT '',
  `rank_min` mediumint(8) unsigned NOT NULL DEFAULT 0,
  `rank_special` tinyint(1) unsigned NOT NULL DEFAULT 0,
  `rank_image` varchar(255) NOT NULL DEFAULT '',
  PRIMARY KEY (`rank_id`)
) ENGINE=InnoDB  DEFAULT CHARSET=utf8 COLLATE=utf8_bin;

--
-- Dumping data for table `phpbbtc_ranks`
--

INSERT INTO `phpbbtc_ranks` VALUES
(1, 'Site Admin', 0, 1, ''),
(2, 'Council', 0, 1, ''),
(3, 'Former Owner', 0, 1, ''),
(4, 'Clique', 0, 1, ''),
(5, 'Rich', 0, 1, ''),
(6, 'VIP', 0, 1, '');

-- --------------------------------------------------------

--
-- Table structure for table `phpbbtc_reports`
--

CREATE TABLE `phpbbtc_reports` (
  `report_id` int(10) unsigned NOT NULL AUTO_INCREMENT,
  `reason_id` smallint(4) unsigned NOT NULL DEFAULT 0,
  `post_id` int(10) unsigned NOT NULL DEFAULT 0,
  `user_id` int(10) unsigned NOT NULL DEFAULT 0,
  `user_notify` tinyint(1) unsigned NOT NULL DEFAULT 0,
  `report_closed` tinyint(1) unsigned NOT NULL DEFAULT 0,
  `report_time` int(11) unsigned NOT NULL DEFAULT 0,
  `report_text` mediumtext NOT NULL,
  `pm_id` int(10) unsigned NOT NULL DEFAULT 0,
  `reported_post_enable_bbcode` tinyint(1) unsigned NOT NULL DEFAULT 1,
  `reported_post_enable_smilies` tinyint(1) unsigned NOT NULL DEFAULT 1,
  `reported_post_enable_magic_url` tinyint(1) unsigned NOT NULL DEFAULT 1,
  `reported_post_text` mediumtext NOT NULL,
  `reported_post_uid` varchar(8) NOT NULL DEFAULT '',
  `reported_post_bitfield` varchar(255) NOT NULL DEFAULT '',
  PRIMARY KEY (`report_id`),
  KEY `post_id` (`post_id`),
  KEY `pm_id` (`pm_id`)
) ENGINE=InnoDB DEFAULT CHARSET=utf8 COLLATE=utf8_bin;

-- --------------------------------------------------------

--
-- Table structure for table `phpbbtc_reports_reasons`
--

CREATE TABLE `phpbbtc_reports_reasons` (
  `reason_id` smallint(4) unsigned NOT NULL AUTO_INCREMENT,
  `reason_title` varchar(255) NOT NULL DEFAULT '',
  `reason_description` mediumtext NOT NULL,
  `reason_order` smallint(4) unsigned NOT NULL DEFAULT 0,
  PRIMARY KEY (`reason_id`)
) ENGINE=InnoDB  DEFAULT CHARSET=utf8 COLLATE=utf8_bin;

--
-- Dumping data for table `phpbbtc_reports_reasons`
--

INSERT INTO `phpbbtc_reports_reasons` VALUES
(1, 'warez', 'The post contains links to illegal or pirated software.', 1),
(2, 'spam', 'The reported post has the only purpose to advertise for a website or another product.', 2),
(3, 'off_topic', 'The reported post is off topic.', 3),
(4, 'other', 'The reported post does not fit into any other category, please use the further information field.', 4);

-- --------------------------------------------------------

--
-- Table structure for table `phpbbtc_search_results`
--

CREATE TABLE `phpbbtc_search_results` (
  `search_key` varchar(32) NOT NULL DEFAULT '',
  `search_time` int(11) unsigned NOT NULL DEFAULT 0,
  `search_keywords` mediumtext NOT NULL,
  `search_authors` mediumtext NOT NULL,
  PRIMARY KEY (`search_key`)
) ENGINE=InnoDB DEFAULT CHARSET=utf8 COLLATE=utf8_bin;

-- --------------------------------------------------------

--
-- Table structure for table `phpbbtc_search_wordlist`
--

CREATE TABLE `phpbbtc_search_wordlist` (
  `word_id` int(10) unsigned NOT NULL AUTO_INCREMENT,
  `word_text` varchar(255) NOT NULL DEFAULT '',
  `word_common` tinyint(1) unsigned NOT NULL DEFAULT 0,
  `word_count` mediumint(8) unsigned NOT NULL DEFAULT 0,
  PRIMARY KEY (`word_id`),
  UNIQUE KEY `wrd_txt` (`word_text`),
  KEY `wrd_cnt` (`word_count`)
) ENGINE=InnoDB  DEFAULT CHARSET=utf8 COLLATE=utf8_bin;

--
-- Dumping data for table `phpbbtc_search_wordlist`
--

INSERT INTO `phpbbtc_search_wordlist` VALUES
(1, 'this', 0, 21),
(2, 'is', 0, 0),
(3, 'an', 0, 0),
(4, 'example', 0, 0),
(5, 'post', 0, 14),
(6, 'in', 0, 0),
(7, 'your', 0, 5),
(8, 'phpbb3', 0, 0),
(9, 'installation', 0, 0),
(10, 'everything', 0, 5),
(11, 'seems', 0, 0),
(12, 'to', 0, 0),
(13, 'be', 0, 0),
(14, 'working', 0, 6),
(15, 'you', 0, 20),
(16, 'may', 0, 4),
(17, 'delete', 0, 0),
(18, 'if', 0, 0),
(19, 'like', 0, 8),
(20, 'and', 0, 26),
(21, 'continue', 0, 0),
(22, 'set', 0, 3),
(23, 'up', 0, 0),
(24, 'board', 0, 1),
(25, 'during', 0, 2),
(26, 'the', 0, 25),
(27, 'process', 0, 1),
(28, 'first', 0, 1),
(29, 'category', 0, 2),
(30, 'forum', 0, 12),
(31, 'are', 0, 15),
(32, 'assigned', 0, 0),
(33, 'appropriate', 0, 1),
(34, 'of', 0, 0),
(35, 'permissions', 0, 0),
(36, 'for', 0, 22),
(37, 'predefined', 0, 0),
(38, 'usergroups', 0, 0),
(39, 'administrators', 0, 0),
(40, 'bots', 0, 0),
(41, 'global', 0, 1),
(42, 'moderators', 0, 0),
(43, 'guests', 0, 1),
(44, 'registered', 0, 1),
(45, 'users', 0, 2),
(46, 'coppa', 0, 0),
(47, 'also', 0, 3),
(48, 'choose', 0, 0),
(49, 'do', 0, 0),
(50, 'not', 0, 14),
(51, 'forget', 0, 0),
(52, 'assign', 0, 0),
(53, 'all', 0, 18),
(54, 'these', 0, 6),
(55, 'new', 0, 9),
(56, 'categories', 0, 0),
(57, 'forums', 0, 4),
(58, 'create', 0, 1),
(59, 'it', 0, 0),
(60, 'recommended', 0, 0),
(61, 'rename', 0, 0),
(62, 'copy', 0, 0),
(63, 'from', 0, 16),
(64, 'while', 0, 6),
(65, 'creating', 0, 1),
(66, 'have', 0, 15),
(67, 'fun', 0, 0),
(68, 'welcome', 0, 2),
(69, 'lorem', 0, 1),
(70, 'ipsum', 0, 1),
(71, 'introduction', 0, 3),
(72, 'netforums', 0, 11),
(73, 'stand', 0, 1),
(74, 'highest', 0, 2),
(75, 'quality', 0, 1),
(76, 'posts', 0, 3),
(77, 'available', 0, 1),
(78, 'uploading', 0, 1),
(79, 'useless', 0, 1),
(80, 'non', 0, 2),
(81, 'contextual', 0, 1),
(82, 'with', 0, 17),
(83, 'nothing', 0, 2),
(84, 'useful', 0, 1),
(85, 'reader', 0, 1),
(86, 'add', 0, 4),
(87, 'will', 0, 13),
(88, 'result', 0, 4),
(89, 'being', 0, 13),
(90, 'removed', 0, 2),
(91, 'posting', 0, 5),
(92, 'child', 0, 4),
(93, 'pornography', 0, 3),
(94, 'any', 0, 4),
(95, 'other', 0, 10),
(96, 'material', 0, 1),
(97, 'that', 0, 19),
(98, 'shows', 0, 1),
(99, 'sexual', 0, 1),
(100, 'physical', 0, 1),
(101, 'abuse', 0, 1),
(102, 'forbidden', 0, 1),
(103, 'ban', 0, 2),
(104, 'irrevocable', 0, 1),
(105, 'permanent', 0, 1),
(106, 'doxes', 0, 1),
(107, 'cannot', 0, 2),
(108, 'posted', 0, 1),
(109, 'kids', 0, 7),
(110, 'under', 0, 6),
(111, 'age', 0, 6),
(112, 'reposting', 0, 1),
(113, 'previously', 0, 2),
(114, 'published', 0, 1),
(115, 'content', 0, 2),
(116, 'permitted', 0, 1),
(117, 'browsing', 0, 1),
(118, 'make', 0, 7),
(119, 'sure', 0, 4),
(120, 'hasn', 0, 1),
(121, 'already', 0, 2),
(122, 'been', 0, 10),
(123, 'activities', 0, 3),
(124, 'related', 0, 6),
(125, 'carding', 0, 1),
(126, 'allowed', 0, 3),
(127, 'buying', 0, 1),
(128, 'selling', 0, 1),
(129, 'trading', 0, 1),
(130, 'credit', 0, 2),
(131, 'debit', 0, 1),
(132, 'cards', 0, 1),
(133, 'automatic', 0, 1),
(134, 'instant', 0, 1),
(135, 'suspension', 0, 1),
(136, 'scamming', 0, 1),
(137, 'another', 0, 5),
(138, 'user', 0, 11),
(139, 'attempting', 0, 1),
(140, 'swindle', 0, 1),
(141, 'member', 0, 3),
(142, 'only', 0, 4),
(143, 'bump', 0, 1),
(144, 'marketplace', 0, 2),
(145, 'threads', 0, 1),
(146, 'once', 0, 2),
(147, 'every', 0, 3),
(148, 'hours', 0, 1),
(149, 'attempts', 0, 1),
(150, 'malware', 0, 1),
(151, 'intention', 0, 1),
(152, 'infecting', 0, 1),
(153, 'someones', 0, 1),
(154, 'computer', 0, 4),
(155, 'lead', 0, 1),
(156, 'rules', 0, 3),
(157, 'general', 0, 2),
(158, 'spam', 0, 1),
(159, 'especially', 0, 1),
(160, 'unrelated', 0, 1),
(161, 'used', 0, 7),
(162, 'warnings', 0, 1),
(163, 'eventual', 0, 1),
(164, 'despite', 0, 1),
(165, 'fact', 0, 3),
(166, 'staff', 0, 1),
(167, 'there', 0, 6),
(168, 'help', 0, 6),
(169, 'responsible', 0, 2),
(170, 'damage', 0, 2),
(171, 'resulting', 0, 1),
(172, 'own', 0, 4),
(173, 'actions', 0, 2),
(174, 'must', 0, 4),
(175, 'undergo', 0, 0),
(176, 'moderation', 0, 1),
(177, 'before', 0, 4),
(178, 'getting', 0, 2),
(179, 'approved', 0, 0),
(180, 'hai', 0, 3),
(181, 'chat', 0, 1),
(182, 'hey', 0, 1),
(183, 'test', 0, 1),
(184, 'can', 0, 10),
(185, 'just', 0, 7),
(186, 'name', 0, 12),
(187, 'brotheralameen', 0, 7),
(188, 'cyber', 0, 9),
(189, 'security', 0, 11),
(190, 'expert', 0, 1),
(191, 'who', 0, 16),
(192, 'has', 0, 10),
(193, 'years', 0, 7),
(194, 'experience', 0, 1),
(195, 'through', 0, 4),
(196, 'different', 0, 5),
(197, 'platforms', 0, 1),
(198, 'certified', 0, 1),
(199, 'fields', 0, 1),
(200, 'computers', 0, 1),
(201, 'comptia', 0, 1),
(202, 'social', 0, 5),
(203, 'engineering', 0, 1),
(204, 'chfi', 0, 1),
(205, 'mobile', 0, 3),
(206, 'corporate', 0, 2),
(207, 'management', 0, 3),
(208, 'certifications', 0, 1),
(209, 'well', 0, 10),
(210, 'diploma', 0, 1),
(211, 'information', 0, 8),
(212, 'technology', 0, 2),
(213, 'trained', 0, 1),
(214, 'myself', 0, 3),
(215, 'online', 0, 4),
(216, 'over', 0, 8),
(217, 'such', 0, 6),
(218, 'youtube', 0, 3),
(219, 'web', 0, 3),
(220, 'development', 0, 6),
(221, 'ceh', 0, 1),
(222, 'familiar', 0, 1),
(223, 'coding', 0, 1),
(224, 'much', 0, 5),
(225, 'perform', 0, 3),
(226, 'assessments', 0, 1),
(227, 'real', 0, 5),
(228, 'life', 0, 2),
(229, 'threat', 0, 2),
(230, 'intelligence', 0, 3),
(231, 'github', 0, 1),
(232, 'page', 0, 3),
(233, 'where', 0, 6),
(234, 'find', 0, 1),
(235, 'socials', 0, 1),
(236, 'reach', 0, 1),
(237, 'simply', 0, 1),
(238, 'google', 0, 3),
(239, 'get', 0, 8),
(240, 'know', 0, 9),
(241, 'more', 0, 8),
(242, 'about', 0, 7),
(243, 'administrator', 0, 3),
(244, 'manage', 0, 2),
(245, 'site', 0, 11),
(246, 'say', 0, 6),
(247, 'legal', 0, 1),
(248, 'terms', 0, 3),
(249, 'don', 0, 10),
(250, 'involve', 0, 4),
(251, 'anything', 0, 7),
(252, 'illegal', 0, 1),
(253, 'matters', 0, 1),
(254, 'concerned', 0, 1),
(255, 'thanks', 0, 6),
(256, 'developer', 0, 6),
(257, 'but', 0, 14),
(258, 'learning', 0, 2),
(259, 'code', 0, 3),
(260, 'later', 0, 3),
(261, 'future', 0, 2),
(262, 'need', 0, 5),
(263, 'phd', 0, 1),
(264, 'bsc', 0, 1),
(265, 'degrees', 0, 1),
(266, 'nonetheless', 0, 3),
(267, 'html', 0, 1),
(268, 'css', 0, 1),
(269, 'atmost', 0, 1),
(270, 'which', 0, 8),
(271, 'basically', 0, 1),
(272, 'markup', 0, 1),
(273, 'languages', 0, 1),
(274, 'programming', 0, 1),
(275, 'scored', 0, 1),
(276, 'gcse', 0, 1),
(277, 'communication', 0, 2),
(278, 'included', 0, 1),
(279, 'designing', 0, 1),
(280, 'using', 0, 4),
(281, 'microsoft', 0, 1),
(282, 'expression', 0, 1),
(283, 'yello', 0, 1),
(284, 'trial', 0, 13),
(285, 'here', 0, 14),
(286, 'introduce', 0, 1),
(287, 'proud', 0, 1),
(288, 'owner', 0, 7),
(289, 'org', 0, 3),
(290, 'fantastic', 0, 1),
(291, 'gained', 0, 2),
(292, 'immense', 0, 1),
(293, 'popularity', 0, 1),
(294, 'among', 0, 1),
(295, 'internet', 0, 2),
(296, 'enthusiasts', 0, 1),
(297, 'wish', 0, 1),
(298, 'having', 0, 4),
(299, 'ownership', 0, 1),
(300, 'power', 0, 2),
(301, 'shape', 0, 1),
(302, 'community', 0, 6),
(303, 'foster', 0, 2),
(304, 'engaging', 0, 2),
(305, 'discussions', 0, 3),
(306, 'provide', 0, 1),
(307, 'platform', 0, 4),
(308, 'people', 0, 12),
(309, 'connect', 0, 1),
(310, 'share', 0, 2),
(311, 'their', 0, 11),
(312, 'thoughts', 0, 1),
(313, 'various', 0, 1),
(314, 'topics', 0, 1),
(315, 'exciting', 0, 1),
(316, 'responsibility', 0, 1),
(317, 'comes', 0, 1),
(318, 'endless', 0, 1),
(319, 'possibilities', 0, 1),
(320, 'growth', 0, 1),
(321, 'congratulations', 0, 1),
(322, 'owning', 0, 1),
(323, 'ready', 0, 1),
(324, 'embark', 0, 1),
(325, 'incredible', 0, 1),
(326, 'journey', 0, 2),
(327, 'building', 0, 3),
(328, 'leave', 0, 5),
(329, 'lasting', 0, 1),
(330, 'impact', 0, 1),
(331, 'kevin', 0, 1),
(332, 'mitnick', 0, 1),
(333, 'reformed', 0, 1),
(334, 'hacker', 0, 1),
(335, 'was', 0, 16),
(336, 'one', 0, 4),
(337, 'fbi', 0, 4),
(338, 'most', 0, 7),
(339, 'wanted', 0, 1),
(340, 'cybercriminals', 0, 1),
(341, 'died', 0, 1),
(342, 'spent', 0, 1),
(343, 'five', 0, 2),
(344, 'prison', 0, 5),
(345, 'wire', 0, 1),
(346, 'fraud', 0, 5),
(347, 'following', 0, 3),
(348, 'two', 0, 2),
(349, 'year', 0, 4),
(350, 'federal', 0, 3),
(351, 'manhunt', 0, 1),
(352, '1990s', 0, 1),
(353, 'after', 0, 6),
(354, 'his', 0, 10),
(355, 'release', 0, 1),
(356, '2000', 0, 1),
(357, 'reinvented', 0, 1),
(358, 'himself', 0, 3),
(359, 'becoming', 0, 2),
(360, 'renowned', 0, 1),
(361, 'white', 0, 5),
(362, 'hat', 0, 3),
(363, 'cybersecurity', 0, 2),
(364, 'consultant', 0, 1),
(365, 'author', 0, 1),
(366, 'sunday', 0, 1),
(367, 'month', 0, 1),
(368, 'long', 0, 5),
(369, 'battle', 0, 1),
(370, 'pancreatic', 0, 1),
(371, 'cancer', 0, 1),
(372, 'original', 0, 3),
(373, 'reads', 0, 1),
(374, 'fiction', 0, 1),
(375, 'story', 0, 1),
(376, 'obituary', 0, 1),
(377, 'grew', 0, 1),
(378, 'brilliant', 0, 1),
(379, 'restless', 0, 1),
(380, 'san', 0, 2),
(381, 'fernando', 0, 1),
(382, 'valley', 0, 1),
(383, 'california', 0, 1),
(384, 'penchant', 0, 1),
(385, 'mischief', 0, 1),
(386, 'defiant', 0, 1),
(387, 'attitude', 0, 1),
(388, 'toward', 0, 1),
(389, 'authority', 0, 1),
(390, 'love', 0, 2),
(391, 'magic', 0, 1),
(392, 'notoriety', 0, 1),
(393, 'breaking', 0, 1),
(394, 'into', 0, 3),
(395, 'government', 0, 4),
(396, 'websites', 0, 1),
(397, 'networks', 0, 1),
(398, 'including', 0, 4),
(399, 'pacific', 0, 1),
(400, 'bell', 0, 1),
(401, 'stole', 0, 1),
(402, 'data', 0, 3),
(403, 'card', 0, 1),
(404, 'involved', 0, 3),
(405, 'theft', 0, 1),
(406, 'thousands', 0, 1),
(407, 'numbers', 0, 1),
(408, 'files', 0, 2),
(409, 'across', 0, 2),
(410, 'country', 0, 3),
(411, 'addition', 0, 1),
(412, 'way', 0, 7),
(413, 'cell', 0, 1),
(414, 'vandalizing', 0, 1),
(415, 'university', 0, 1),
(416, 'systems', 0, 2),
(417, 'brief', 0, 2),
(418, 'history', 0, 4),
(419, 'hacking', 0, 1),
(420, 'dubbed', 0, 1),
(421, 'world', 0, 2),
(422, 'investigators', 0, 1),
(423, 'nationwide', 0, 1),
(424, 'led', 0, 2),
(425, '1995', 0, 1),
(426, 'arrest', 0, 3),
(427, 'eventually', 0, 3),
(428, 'pleaded', 0, 1),
(429, 'guilty', 0, 1),
(430, 'authorities', 0, 1),
(431, 'believed', 0, 1),
(432, 'had', 0, 5),
(433, 'access', 0, 5),
(434, 'trade', 0, 2),
(435, 'secrets', 0, 1),
(436, 'worth', 0, 1),
(437, 'millions', 0, 2),
(438, 'dollars', 0, 3),
(439, '2011', 0, 1),
(440, 'memoir', 0, 1),
(441, 'ghost', 0, 1),
(442, 'wires', 0, 1),
(443, 'denied', 0, 1),
(444, 'skills', 0, 2),
(445, 'steal', 0, 1),
(446, 'exploit', 0, 1),
(447, 'financial', 0, 2),
(448, 'gain', 0, 1),
(449, 'anyone', 0, 8),
(450, 'loves', 0, 1),
(451, 'play', 0, 1),
(452, 'chess', 0, 1),
(453, 'knows', 0, 1),
(454, 'enough', 0, 2),
(455, 'defeat', 0, 1),
(456, 'opponent', 0, 1),
(457, 'loot', 0, 1),
(458, 'kingdom', 0, 1),
(459, 'seize', 0, 1),
(460, 'assets', 0, 1),
(461, 'worthwhile', 0, 1),
(462, 'wrote', 0, 1),
(463, 'sparked', 0, 1),
(464, 'free', 0, 2),
(465, 'movement', 0, 1),
(466, 'lobbied', 0, 1),
(467, 'behalf', 0, 1),
(468, 'rallies', 0, 1),
(469, 'outside', 0, 1),
(470, 'held', 0, 1),
(471, 'became', 0, 1),
(472, 'writer', 0, 1),
(473, 'public', 0, 2),
(474, 'speaker', 0, 1),
(475, 'aims', 0, 1),
(476, 'use', 0, 3),
(477, 'identify', 0, 1),
(478, 'vulnerabilities', 0, 1),
(479, 'issues', 0, 1),
(480, 'organisations', 0, 1),
(481, 'configurations', 0, 1),
(482, '2003', 0, 1),
(483, 'founded', 0, 1),
(484, 'consulting', 0, 1),
(485, 'advised', 0, 1),
(486, 'fortune', 0, 1),
(487, '500', 0, 3),
(488, 'companies', 0, 1),
(489, 'agencies', 0, 1),
(490, 'chief', 0, 1),
(491, 'officer', 0, 3),
(492, 'part', 0, 10),
(493, 'knowbe4', 0, 1),
(494, 'offers', 0, 1),
(495, 'phishing', 0, 1),
(496, 'awareness', 0, 1),
(497, 'training', 0, 1),
(498, 'always', 0, 1),
(499, 'remain', 0, 2),
(500, 'famous', 0, 1),
(501, 'humor', 0, 1),
(502, 'extraordinary', 0, 1),
(503, 'skill', 0, 1),
(504, 'surpassed', 0, 1),
(505, 'talent', 0, 1),
(506, 'engineer', 0, 1),
(507, 'company', 0, 1),
(508, 'said', 0, 6),
(509, 'statement', 0, 1),
(510, 'thursday', 0, 1),
(511, 'img', 0, 1),
(512, 'hello', 0, 5),
(513, 'greetings', 0, 3),
(514, 'valued', 0, 1),
(515, 'members', 0, 6),
(516, 'pleased', 0, 2),
(517, 'announce', 0, 3),
(518, 'successfully', 0, 1),
(519, 'addressed', 0, 2),
(520, 'issue', 0, 2),
(521, 'hindering', 0, 1),
(522, 'some', 0, 6),
(523, 'our', 0, 3),
(524, 'come', 0, 5),
(525, 'bearing', 0, 1),
(526, 'great', 0, 3),
(527, 'news', 0, 2),
(528, 'decided', 0, 3),
(529, 'lift', 0, 1),
(530, 'restrictions', 0, 1),
(531, 'granting', 0, 1),
(532, 'freedom', 0, 1),
(533, 'express', 0, 1),
(534, 'themselves', 0, 3),
(535, 'without', 0, 2),
(536, 'constraints', 0, 1),
(537, 'move', 0, 3),
(538, 'forward', 0, 2),
(539, 'kindly', 0, 1),
(540, 'urge', 0, 2),
(541, 'spare', 0, 1),
(542, 'moment', 0, 2),
(543, 'peruse', 0, 1),
(544, 'service', 0, 2),
(545, 'diligently', 0, 1),
(546, 'extend', 0, 1),
(547, 'heartfelt', 0, 1),
(548, 'gratitude', 0, 1),
(549, 'patience', 0, 1),
(550, 'understanding', 0, 1),
(551, 'active', 0, 2),
(552, 'participation', 0, 2),
(553, 'instrumental', 0, 1),
(554, 'fostering', 0, 1),
(555, 'vibrant', 0, 1),
(556, 'flourishing', 0, 1),
(557, 'thank', 0, 3),
(558, 'integral', 0, 1),
(559, 'yours', 0, 1),
(560, 'truly', 0, 2),
(561, 'luci', 0, 1),
(562, 'problems', 0, 1),
(563, 'lol', 0, 6),
(564, 'dont', 0, 4),
(565, 'why', 0, 4),
(566, 'when', 0, 10),
(567, 'saw', 0, 3),
(568, 'thought', 0, 3),
(569, 'guy', 0, 3),
(570, 'named', 0, 4),
(571, 'purchased', 0, 5),
(572, 'doxbin', 0, 4),
(573, 'got', 0, 3),
(574, 'doxed', 0, 2),
(575, 'quote', 0, 10),
(576, 'time', 0, 15),
(577, '1692477630', 0, 1),
(578, 'arion', 0, 1),
(579, 'kurtaj', 0, 1),
(580, 'friend', 0, 2),
(581, 'saying', 0, 1),
(582, 'released', 0, 3),
(583, 'isn', 0, 2),
(584, 'touch', 0, 1),
(585, 'form', 0, 1),
(586, 'device', 0, 1),
(587, 'involves', 0, 3),
(588, 'electronic', 0, 1),
(589, 'haha', 0, 2),
(590, 'thats', 0, 5),
(591, 'jokes', 0, 2),
(592, 'lmao', 0, 3),
(593, 'bro', 0, 2),
(594, 'electronics', 0, 2),
(595, '1692486444', 0, 1),
(596, 'yea', 0, 2),
(597, 'taliban', 0, 0),
(598, 'aren', 0, 0),
(599, 'terrorists', 0, 1),
(600, 'they', 0, 11),
(601, 'rightful', 0, 0),
(602, 'rulers', 0, 0),
(603, 'afghanistan', 0, 0),
(604, 'enforced', 0, 0),
(605, 'sharia', 0, 0),
(606, 'islamic', 0, 0),
(607, 'law', 0, 3),
(608, 'efficiently', 0, 0),
(609, 'state', 0, 2),
(610, 'emirate', 0, 0),
(611, 'western', 0, 0),
(612, 'media', 0, 1),
(613, 'lies', 0, 0),
(614, 'should', 0, 4),
(615, 'pray', 0, 0),
(616, 'golden', 0, 1),
(617, 'rule', 0, 0),
(618, 'see', 0, 4),
(619, 'funny', 0, 0),
(620, 'commented', 0, 0),
(621, 'talibans', 0, 0),
(622, 'tweeter', 0, 0),
(623, 'ask', 0, 0),
(624, 'killed', 0, 5),
(625, 'girl', 0, 0),
(626, 'supposedly', 0, 2),
(627, 'accused', 0, 0),
(628, 'seduce', 0, 0),
(629, 'prime', 0, 0),
(630, 'minister', 0, 0),
(631, 'didn', 0, 2),
(632, 'reply', 0, 0),
(633, 'then', 0, 9),
(634, 'reported', 0, 3),
(635, 'tweet', 0, 0),
(636, 'account', 0, 3),
(637, 'suspended', 0, 0),
(638, 'whom', 0, 0),
(639, 'joseph', 0, 4),
(640, '0x00', 0, 1),
(641, '0x01', 0, 2),
(642, '0x02', 0, 2),
(643, 'emails', 0, 2),
(644, '0x03', 0, 2),
(645, 'phone', 0, 2),
(646, 'records', 0, 2),
(647, '0x04', 0, 2),
(648, 'credits', 0, 1),
(649, 'drizzy', 0, 1),
(650, 'kapa', 0, 1),
(651, 'iam', 0, 1),
(652, 'inform', 0, 2),
(653, 'hate', 0, 5),
(654, 'dirty', 0, 1),
(655, 'little', 0, 3),
(656, 'gays', 0, 1),
(657, 'faggots', 0, 1),
(658, 'therefore', 0, 2),
(659, 'dox', 0, 6),
(660, 'represent', 0, 2),
(661, 'hatred', 0, 1),
(662, 'comment', 0, 1),
(663, 'follow', 0, 2),
(664, 'best', 0, 5),
(665, 'describe', 0, 2),
(666, 'gay', 0, 1),
(667, 'twink', 0, 1),
(668, 'jose', 0, 1),
(669, 'melendea', 0, 1),
(670, 'aliases', 0, 4),
(671, 'luis', 0, 1),
(672, 'mendez', 0, 1),
(673, 'fumero', 0, 1),
(674, 'menendez', 0, 1),
(675, 'date', 0, 2),
(676, 'birth', 0, 2),
(677, 'september', 0, 1),
(678, '18th', 0, 1),
(679, '2002', 0, 1),
(680, 'gender', 0, 3),
(681, 'male', 0, 2),
(682, 'number', 0, 3),
(683, '702', 0, 1),
(684, '354', 0, 1),
(685, '0389', 0, 1),
(686, '680', 0, 1),
(687, '7996', 0, 1),
(688, 'home', 0, 4),
(689, 'address', 0, 6),
(690, '5403', 0, 1),
(691, 'saltaire', 0, 1),
(692, 'street', 0, 1),
(693, 'las', 0, 1),
(694, 'vegas', 0, 1),
(695, 'nevada', 0, 1),
(696, '89120', 0, 1),
(697, 'current', 0, 2),
(698, 'job', 0, 1),
(699, 'bistr', 0, 1),
(700, 'north', 0, 1),
(701, '89032', 0, 1),
(702, 'mail', 0, 2),
(703, 'addresses', 0, 5),
(704, 'id5', 0, 1),
(705, '56nato4mym16', 0, 1),
(706, 'yahoo', 0, 1),
(707, 'com', 0, 5),
(708, 'feb', 0, 1),
(709, '2019', 0, 2),
(710, 'elite9applejack115', 0, 1),
(711, 'gmail', 0, 2),
(712, 'jul', 0, 1),
(713, '2016', 0, 1),
(714, 'elite0archangel', 0, 1),
(715, 'mar', 0, 1),
(716, 'weedbunny499', 0, 1),
(717, 'josemenendez499', 0, 1),
(718, '2015', 0, 1),
(719, 'myladysfp37', 0, 1),
(720, 'jan', 0, 1),
(721, '2018', 0, 2),
(722, 'location', 0, 1),
(723, 'fir', 0, 1),
(724, 'trail', 0, 1),
(725, 'ter', 0, 1),
(726, 'ocala', 0, 1),
(727, '34472', 0, 1),
(728, '2132', 0, 1),
(729, '520', 0, 1),
(730, 'inness', 0, 1),
(731, 'ave', 0, 1),
(732, 'henderson', 0, 1),
(733, '89011', 0, 1),
(734, '4378', 0, 1),
(735, '2150', 0, 1),
(736, '4454', 0, 1),
(737, 'lyons', 0, 1),
(738, 'holt', 0, 1),
(739, '32564', 0, 1),
(740, '9504', 0, 1),
(741, 'wireless', 0, 2),
(742, 'boudler', 0, 1),
(743, 'city', 0, 2),
(744, '353', 0, 1),
(745, '7846', 0, 1),
(746, '3507', 0, 1),
(747, 'landline', 0, 2),
(748, 'starters', 0, 1),
(749, 'galaxy', 0, 1),
(750, 'art', 0, 2),
(751, 'block', 0, 2),
(752, 'ruin', 0, 1),
(753, 'last', 0, 3),
(754, 'least', 0, 1),
(755, 'paste', 0, 1),
(756, 'inspiration', 0, 3),
(757, 'format', 0, 1),
(758, 'vore764', 0, 1),
(759, 'vore', 0, 2),
(760, 'reject', 0, 1),
(761, 'kalana', 0, 1),
(762, 'limkin', 0, 1),
(763, 'kal', 0, 1),
(764, 'kala', 0, 1),
(765, 'analak', 0, 1),
(766, 'august', 0, 1),
(767, '8th', 0, 1),
(768, '2005', 0, 1),
(769, 'irls', 0, 1),
(770, 'https', 0, 5),
(771, 'ibb', 0, 1),
(772, 'c2frtyb', 0, 1),
(773, 'ckng43c', 0, 1),
(774, 'prwj2bt', 0, 1),
(775, 'j5hhsdg', 0, 1),
(776, 'school', 0, 2),
(777, 'camino', 0, 1),
(778, 'senior', 0, 1),
(779, 'high', 0, 4),
(780, '575', 0, 1),
(781, '587', 0, 1),
(782, '1789', 0, 1),
(783, 'burner', 0, 1),
(784, '436', 0, 1),
(785, 'kukuau', 0, 1),
(786, 'hilo', 0, 1),
(787, '96720', 0, 1),
(788, 'email', 0, 3),
(789, 'alimkin', 0, 1),
(790, 'hotmail', 0, 1),
(791, 'guid', 0, 1),
(792, 'xxxxxxxxxxxxx', 0, 1),
(793, 'alex', 0, 1),
(794, 'recovery', 0, 1),
(795, 'status', 0, 1),
(796, 'deleted', 0, 2),
(797, 'telegram', 0, 4),
(798, 'vorlism', 0, 1),
(799, 'ran', 0, 3),
(800, 'off', 0, 8),
(801, 'cracked', 0, 1),
(802, 'passwords', 0, 1),
(803, 'breachcomp', 0, 1),
(804, 'combolist', 0, 1),
(805, '1400m', 0, 1),
(806, '2020', 0, 3),
(807, 'results', 0, 1),
(808, 'lastfm', 0, 1),
(809, 'linkedin', 0, 1),
(810, 'slackerfm', 0, 1),
(811, 'pemiblanc', 0, 1),
(812, '245m', 0, 1),
(813, 'spark', 0, 1),
(814, 'hashed', 0, 1),
(815, 'disqus', 0, 1),
(816, '6kk', 0, 1),
(817, 'dehashed', 0, 1),
(818, 'txt', 0, 1),
(819, '138', 0, 1),
(820, 'a1398365270ba9fb85efd431b38b234aa96947b4', 0, 1),
(821, 'domain', 0, 1),
(822, 'leak', 0, 1),
(823, 'rar', 0, 1),
(824, 'rare', 0, 1),
(825, 'archive', 0, 1),
(826, 'bf99', 0, 1),
(827, 'zip', 0, 1),
(828, 'usa', 0, 1),
(829, 'domains', 0, 2),
(830, 'usadomain6', 0, 1),
(831, 'xlsx', 0, 1),
(832, '250807711', 0, 1),
(833, 'part2', 0, 1),
(834, '1066', 0, 1),
(835, 'csv', 0, 1),
(836, 'twitter', 0, 5),
(837, '228m', 0, 1),
(838, '012023', 0, 1),
(839, 'username', 0, 1),
(840, 'bundokman', 0, 1),
(841, 'telemn', 0, 1),
(842, 'cafepress', 0, 1),
(843, '23m', 0, 1),
(844, 'store', 0, 3),
(845, '022019', 0, 1),
(846, 'hash', 0, 2),
(847, '41917357', 0, 1),
(848, 'livejournal', 0, 1),
(849, '33m', 0, 1),
(850, '2014', 0, 1),
(851, 'password', 0, 2),
(852, 'livejournal72', 0, 1),
(853, 'zynga', 0, 1),
(854, '202m', 0, 1),
(855, 'gaming', 0, 1),
(856, '092019', 0, 1),
(857, 'words', 0, 2),
(858, 'salt', 0, 1),
(859, '088cbfb5d3e9c264a9971e4fc79b8fc815e183fb', 0, 1),
(860, 'dropbox', 0, 1),
(861, '68m', 0, 1),
(862, 'hosting', 0, 1),
(863, '2012', 0, 1),
(864, 'c23972e8b7422485b432e3ae9b1e348f666496d3', 0, 1),
(865, '134m', 0, 1),
(866, '41m', 0, 1),
(867, 'music', 0, 1),
(868, 'a9232b7fcb03fecc8891c69e73b70e8f', 0, 1),
(869, 'relatives', 0, 1),
(870, 'family', 0, 1),
(871, 'relation', 0, 2),
(872, 'father', 0, 1),
(873, 'alexander', 0, 1),
(874, 'pescue', 0, 1),
(875, 'july', 0, 2),
(876, '1972', 0, 1),
(877, 'facebook', 0, 1),
(878, 'www', 0, 1),
(879, 'mibextid', 0, 1),
(880, 'lqqj4d', 0, 1),
(881, 'irl', 0, 1),
(882, 'catbox', 0, 1),
(883, 'moe', 0, 1),
(884, 'niubod', 0, 1),
(885, 'png', 0, 1),
(886, 'mother', 0, 1),
(887, 'olga', 0, 1),
(888, '863706', 0, 1),
(889, 'rpac0k', 0, 1),
(890, 'tvc905', 0, 1),
(891, 'mothers', 0, 1),
(892, 'olgalimkin808', 0, 1),
(893, 'update', 0, 2),
(894, '2023', 0, 2),
(895, 'utc', 0, 1),
(896, '115622033494977190570', 0, 1),
(897, 'gravatar', 0, 1),
(898, 'etsy', 0, 1),
(899, 'duolingo', 0, 1),
(900, 'olgalimkin1', 0, 1),
(901, 'language', 0, 1),
(902, 'total', 0, 2),
(903, '1079', 0, 1),
(904, 'creation', 0, 2),
(905, '2017', 0, 1),
(906, 'collection1', 0, 1),
(907, '1212m', 0, 1),
(908, 'olga8850', 0, 1),
(909, 'cit0day', 0, 1),
(910, '347m', 0, 1),
(911, 'breaches', 0, 1),
(912, 'poshmark', 0, 1),
(913, '34m', 0, 1),
(914, 'olgalimkin', 0, 1),
(915, 'm4fwuuvkddshxkqztzolpedx02wv5ni6qnzmyzvyknm8', 0, 1),
(916, '38wva8nm', 0, 1),
(917, 'younow', 0, 1),
(918, '40m', 0, 1),
(919, '072017', 0, 1),
(920, 'mansfield', 0, 1),
(921, 'monroe', 0, 1),
(922, 'ohio', 0, 1),
(923, 'louisiana', 0, 1),
(924, 'nice', 0, 2),
(925, 'proxy', 0, 2),
(926, 'skid', 0, 1),
(927, 'dosed', 0, 1),
(928, '213', 0, 1),
(929, '133', 0, 1),
(930, '227', 0, 1),
(931, '121', 0, 1),
(932, '131', 0, 1),
(933, 'packets', 0, 1),
(934, 'vpn', 0, 2),
(935, 'false', 0, 1),
(936, 'tor', 0, 1),
(937, 'true', 0, 2),
(938, 'try', 0, 1),
(939, 'fry', 0, 1),
(940, 'egg', 0, 1),
(941, 'router', 0, 1),
(942, 'ddosed', 0, 1),
(943, '0x05', 0, 1),
(944, '505', 0, 1),
(945, '604', 0, 1),
(946, '2853', 0, 1),
(947, 'sprint', 0, 1),
(948, 'spectrum', 0, 1),
(949, 'albuquerque', 0, 1),
(950, '242', 0, 1),
(951, '6811', 0, 1),
(952, 'qwest', 0, 1),
(953, 'corporation', 0, 1),
(954, '247', 0, 1),
(955, '9105', 0, 1),
(956, '202', 0, 1),
(957, '338', 0, 1),
(958, '4317', 0, 1),
(959, 'verizon', 0, 1),
(960, 'washington', 0, 1),
(961, 'inc', 0, 1),
(962, '647', 0, 1),
(963, '1186', 0, 1),
(964, '0x06', 0, 1),
(965, 'call', 0, 2),
(966, '415', 0, 1),
(967, '533', 0, 1),
(968, '0415', 0, 1),
(969, 'francisco', 0, 1),
(970, 'min', 0, 1),
(971, 'communications', 0, 1),
(972, '423', 0, 1),
(973, '210', 0, 1),
(974, '7557', 0, 1),
(975, 'odessa', 0, 1),
(976, '764', 0, 8),
(977, 'stuff', 0, 2),
(978, 'von', 0, 0),
(979, '83aba9d68684d6439c8d1bf95cac4eb1', 0, 0),
(980, 'qrmduqfi', 0, 0),
(981, 'ph4s5trm8fyayxbxlbkejevoxhesu6ovycnn3c8xcx6gksrubk', 0, 0),
(982, 'webomborphans', 0, 0),
(983, 'uploads', 0, 0),
(984, 'avatars', 0, 0),
(985, 'avatar', 0, 0),
(986, 'jpg', 0, 0),
(987, 'dateline', 0, 0),
(988, '1680848789', 0, 0),
(989, '100', 0, 3),
(990, '124', 0, 0),
(991, 'upload', 0, 0),
(992, '1680848213', 0, 0),
(993, '1680948132', 0, 0),
(994, 'terror', 0, 0),
(995, 'c325fb688ec05aa1df681b5d30a14d17', 0, 0),
(996, 'wfcruc1d', 0, 0),
(997, 'm4se1puja3bfzwzi4ywknfumjh43zxl9maacna1ghlnub9hduc', 0, 0),
(998, 'terrorzoner', 0, 0),
(999, 'proton', 0, 0),
(1000, 'gif', 0, 0),
(1001, '1681060598', 0, 0),
(1002, '1680848378', 0, 0),
(1003, 'god', 0, 0),
(1004, 'f57d023b0fddea39eb00a653ce831784', 0, 0),
(1005, 'vlecgqtm', 0, 0),
(1006, 'ad1uo6bptpvtgwf9aoizeo1lfp1xotv0r0geqb5uftzbttqv6f', 0, 0),
(1007, '1680902365', 0, 0),
(1008, '1680848626', 0, 0),
(1009, '1680902190', 0, 0),
(1010, 'db200f3948e225db6426954383a95d3d', 0, 0),
(1011, '8a0jdmyi', 0, 0),
(1012, 'nujomf1s3lcujvc7tpiqltlm0lkgipcannkmsn11x8calzbgvk', 0, 0),
(1013, 'dbinplayerhix', 0, 0),
(1014, '1680848846', 0, 0),
(1015, '1680924987', 0, 0),
(1016, '1680949782', 0, 0),
(1017, '540', 0, 0),
(1018, 'crown', 0, 0),
(1019, '9845d308904cb362377ad8ac2b1feb4d', 0, 0),
(1020, 'oms014e6', 0, 0),
(1021, 'ywoosxclsmryogd4h2hhsqeijvdd8gfwi1awhlwv6ieql9uhji', 0, 0),
(1022, 'vartdildopp', 0, 0),
(1023, '1680849171', 0, 0),
(1024, 'quot', 0, 0),
(1025, 'fanta', 0, 0),
(1026, '75870d6c64b1bb1f036660d01076d3e9', 0, 0),
(1027, '9yf9eqig', 0, 0),
(1028, 'npcqgioz72gu2jy9ajklrrl8jrmop8qk7hfngdccs9guh0gn1w', 0, 0),
(1029, '1680849429', 0, 0),
(1030, '1680849282', 0, 0),
(1031, 'doxer', 0, 0),
(1032, 'f81587cc94f761bbea28fcb56643426f', 0, 0),
(1033, 'zgvao34j', 0, 0),
(1034, 'l5bxebayp2uxyrpplz9cell5e0sq9ltupary2djyrlbdkpgcxa', 0, 0),
(1035, 'dbin', 0, 0),
(1036, 'player3311a', 0, 0),
(1037, '1680849373', 0, 0),
(1038, 'skull', 0, 0),
(1039, 'e37a0768ba3ae18146747b0fd77b15d6', 0, 0),
(1040, 'pnxywr8s', 0, 0),
(1041, 'i2hlzmyxyfu8npwysbgh5czkgn9k1thudttkjhtsmmbsqr1giu', 0, 0),
(1042, 'insights66', 0, 0),
(1043, '1680849582', 0, 0),
(1044, '1680849388', 0, 0),
(1045, 'kill', 0, 4),
(1046, '9e46af8a0928276eb9dac7021f738550', 0, 0),
(1047, 'nfljwnpo', 0, 0),
(1048, 'rju2iiirxqnesjlarkgynacmc9tmmies5oh8qi4xbuivg4lmwk', 0, 0),
(1049, 'cryochox', 0, 0),
(1050, '1682414107', 0, 0),
(1051, '1680849455', 0, 0),
(1052, 'print', 0, 0),
(1053, 'satan', 0, 0),
(1054, 'dd02408baaea5675b86400fad1de91f2', 0, 0),
(1055, 'p7qt5ksf', 0, 0),
(1056, 'htztopfs92orq2ecluggnigifkvhyw1aqthespaeoqzdtoqhsx', 0, 0),
(1057, '1680849730', 0, 0),
(1058, '1680849610', 0, 0),
(1059, 'end', 0, 1),
(1060, 'e2a2a3aebefff02b374302a7a4080f2a', 0, 0),
(1061, 'tkpaybmx', 0, 0),
(1062, 'l8g8enwi86ymbuuruokhufqbw1ixzxbdsgcywtrzuugih69idy', 0, 0),
(1063, 'zoned', 0, 0),
(1064, '1680849809', 0, 0),
(1065, '1680849686', 0, 0),
(1066, '1681285629', 0, 0),
(1067, '1681676277', 0, 0),
(1068, 'rip', 0, 0),
(1069, '45af03abf69f1afac8e9afd189d002e6', 0, 0),
(1070, '6pveh7gq', 0, 0),
(1071, 'rttfmhqrx80uxweijktbvspag48tdmypn1989abms6vdxqivrz', 0, 0),
(1072, 'returnburnsfunds', 0, 0),
(1073, '1680849771', 0, 0),
(1074, 'someguy6969', 0, 0),
(1075, 'e15e6a8f51f36b96e043218972d73a32', 0, 0),
(1076, 'c7xqmugx', 0, 0),
(1077, 'f95w5k0o5xqxgr0fxyttlnky65qcdw1czhfdvjizqlpzaq25n7', 0, 0),
(1078, 'cyberservices', 0, 0),
(1079, '1680851669', 0, 0),
(1080, '1680849888', 0, 0),
(1081, '1680864572', 0, 0),
(1082, 'someguy', 0, 0),
(1083, 'fortnite', 0, 0),
(1084, 'simmer', 0, 0),
(1085, 'richest', 0, 0),
(1086, 'discord', 0, 0),
(1087, 'sleepy', 0, 0),
(1088, 'haxerman69', 0, 0),
(1089, '1681934749', 0, 0),
(1090, '9999', 0, 0),
(1091, 'shit', 0, 0),
(1092, 'devs', 0, 0),
(1093, 'angel', 0, 0),
(1094, '6abbf909315d1b9744d0fe723cd32fe3', 0, 0),
(1095, '8gmm92jk', 0, 0),
(1096, '69l8cmc27laef5ylocbuc3vav9edoe2f59kwfyn3gkszu9vi0d', 0, 0),
(1097, '1680850012', 0, 0),
(1098, '1680849912', 0, 0),
(1099, 'kaddin', 0, 0),
(1100, '4319481edc05f83c8f7fdd9e6a2678c5', 0, 0),
(1101, 'rjtxgkdw', 0, 0),
(1102, 'nnxnbskrka7jyco943nea0fn1chbccqoneboplwqmttjulb1g9', 0, 0),
(1103, 'revolucii', 0, 0),
(1104, '1680849915', 0, 0),
(1105, 'slit', 0, 0),
(1106, 'b817c254488edbaf8d9ea7ed1988cc5b', 0, 0),
(1107, '3kajwoqj', 0, 0),
(1108, 'hbpglj611up9pqj4fkyrzeyhqdkx7kwvmbzkf5watul2tx6olt', 0, 0),
(1109, 'iharmlarpsallday', 0, 0),
(1110, '1682729591', 0, 0),
(1111, '1680849967', 0, 0),
(1112, 'doxing', 0, 0),
(1113, '0001', 0, 0),
(1114, 'vile', 0, 0),
(1115, '5d48be4a67849d652880c90d777879f8', 0, 0),
(1116, 'qcb9759d', 0, 0),
(1117, '4kz9rbfrgumaly6gyu9hsdeinoutthyikmhmzp9mowwpopehel', 0, 0),
(1118, 'svsskylar', 0, 0),
(1119, 'jpeg', 0, 0),
(1120, '1681022896', 0, 0),
(1121, '1680849984', 0, 0),
(1122, 'valentino', 0, 0),
(1123, 'ff614c1b2e5413054a8d6195489c4cef', 0, 0),
(1124, 'mxtgn5wd', 0, 0),
(1125, 'cz1ysbfjsaqlqxxc6gwy5j9iqzxswfujw0ojytfzzcammwxwqc', 0, 0),
(1126, 'femboy', 0, 0),
(1127, '1680850231', 0, 0),
(1128, '1680849993', 0, 0),
(1129, 'qvn', 0, 0),
(1130, 'wtf', 0, 0),
(1131, '1941', 0, 0),
(1132, 'german', 0, 0),
(1133, 'eaa57faa23341359274b1aa181006d5f', 0, 0),
(1134, '7cbq4tyn', 0, 0),
(1135, '2gg2ft9ggrkwyqjopp3qdde4c3pvq9r6wrpaa1poeuzgildyuh', 0, 0),
(1136, 'effslur', 0, 0),
(1137, '1680850171', 0, 0),
(1138, '1680850114', 0, 0),
(1139, 'cut', 0, 2),
(1140, '37258aa5f89cda4173c2d1f388402079', 0, 0),
(1141, 'pywc445i', 0, 0),
(1142, '5dkpt3ahrulyoepqbmggnwsz96xolh4fjxuulkdbklrxaxg7zn', 0, 0),
(1143, 'solos', 0, 0),
(1144, '1680850195', 0, 0),
(1145, 'sex', 0, 0),
(1146, '4363eca7702035191afad56f72c4a460', 0, 0),
(1147, '7uduit3y', 0, 0),
(1148, 'q8g9sbaxgpp9xlc7kpxtqslu30fc3pnpfjrdfnpxxixgzciltm', 0, 0),
(1149, 'boyjaygdk1', 0, 0),
(1150, '1680850508', 0, 0),
(1151, '1680850350', 0, 0),
(1152, '1680924248', 0, 0),
(1153, 'drug', 0, 0),
(1154, '8ca4fe2e2d85ea994e58dfca4987d0d7', 0, 0),
(1155, 'ytv7lwmq', 0, 0),
(1156, 'js84ercwbqpsuuxcs6k6zbim0xestr8yc1lqpszob4aybxyluk', 0, 0),
(1157, '1680850502', 0, 0),
(1158, '1680850421', 0, 0),
(1159, '360', 0, 0),
(1160, '888d5120aa3e107a5c8212c5f9455b14', 0, 0),
(1161, 'fuo93iwx', 0, 0),
(1162, 'donam0fnuzgz51vdc51s70irq5z8fgon3dlusk7lkxsinttlhv', 0, 0),
(1163, '1680979141', 0, 0),
(1164, 'happy', 0, 0),
(1165, 'a1d9fef8d551380d0c9516f57b2adc18', 0, 0),
(1166, 'f9c2mgxa', 0, 0),
(1167, 'y56rmdxsojymjdqhz3sjr9z8mmsfm1me2mxkg4e34sujotykih', 0, 0),
(1168, '1680850547', 0, 0),
(1169, '1680850469', 0, 0),
(1170, 'knee', 0, 0),
(1171, '04c151c5aff37946d6566b999f0b8a9c', 0, 0),
(1172, 'ewr2zrbr', 0, 0),
(1173, 'xxcicmqyd2xpykjam9guhch5yrvwvanwvjf7wktwyb5yu35h16', 0, 0),
(1174, 'unhoeablezaps', 0, 0),
(1175, '1680850855', 0, 0),
(1176, '1680850675', 0, 0),
(1177, 'smmp', 0, 0),
(1178, 'amp', 0, 0),
(1179, 'gore', 0, 0),
(1180, 'ed4a07053d218dd5ffcd3407f73d0bac', 0, 0),
(1181, 'qinz7qdx', 0, 0),
(1182, 'sjfrjjt5segsacedezdccfx7fzsipe94kxspoaayigrn3sgxt1', 0, 0),
(1183, '1680850731', 0, 0),
(1184, '1680850711', 0, 0),
(1185, 'd6222dae4dbc272f0820ec74e307b5c1', 0, 0),
(1186, 'luwji8fo', 0, 0),
(1187, 'jpadal6lkt7wg81j8bgsec4r5lgyrz3stzszyjg0ygojs0fjmh', 0, 0),
(1188, 'imsorichlolol', 0, 0),
(1189, '1680956928', 0, 0),
(1190, '1680850740', 0, 0),
(1191, 'hack', 0, 0),
(1192, '78ae5c648203578aeb62e899b9befafb', 0, 0),
(1193, 'bjgtlt7r', 0, 0),
(1194, 'vybsuilzwwovas1fpeamgl28pffv4hylujqr18ivprndewpjnh', 0, 0),
(1195, 'tylerblevins213', 0, 0),
(1196, '1680850742', 0, 0),
(1197, 'xanax', 0, 0),
(1198, '43b65b5174951272984b48820245c38b', 0, 0),
(1199, 'l9tgswfq', 0, 0),
(1200, '1zvwh9jvyrinlpxdunzzu6rykifr9wt5utx65lhieh4cbedufl', 0, 0),
(1201, 'pokemail', 0, 0),
(1202, 'net', 0, 0),
(1203, '1680850863', 0, 0),
(1204, '1680850834', 0, 0),
(1205, 'sax', 0, 0),
(1206, '2fefd9236b6fea7cd4ff9d6f9b1602d0', 0, 0),
(1207, 'y6oiwc50', 0, 0),
(1208, '3o8suxqdvft6hpsj6y7dnej0hmpp6onwijcmclweplerevefce', 0, 0),
(1209, '1680850854', 0, 0),
(1210, '1680850837', 0, 0),
(1211, '1680851394', 0, 0),
(1212, 'remains', 0, 1),
(1213, 'feb96518275c3e7b63ab40944f332607', 0, 0),
(1214, 'bgergr31', 0, 0),
(1215, 'h01h2vwi9a6yxftz1uuqx3koanmu12quf7phckpd4otixlqhl6', 0, 0),
(1216, 'cjo406998', 0, 0),
(1217, '1681015143', 0, 0),
(1218, '1680851178', 0, 0),
(1219, 'inflict', 0, 0),
(1220, '1a2ef9aced34e2f7b2c07c6feedecabd', 0, 0),
(1221, '5xhbsye4', 0, 0),
(1222, '7yjhpycmwxbjtwpcajegavglccwmdt2ejzxlihjfybzwhombs4', 0, 0),
(1223, '1680885644', 0, 0),
(1224, 'cryptic', 0, 0),
(1225, '1680854854', 0, 0),
(1226, '1681164255', 0, 0),
(1227, '1680901315', 0, 0),
(1228, '1681066179', 0, 0),
(1229, 'font', 0, 0),
(1230, 'courier', 0, 0),
(1231, 'root', 0, 1),
(1232, 'breachsociety', 0, 0),
(1233, 'sudo', 0, 0),
(1234, 'cat', 0, 2),
(1235, 'contact', 0, 3),
(1236, 'tele', 0, 0),
(1237, 'comparebtcson', 0, 0),
(1238, '118', 0, 0),
(1239, '8e1c26f3b566f32b71fd74fba278312c', 0, 0),
(1240, '6a6nlhft', 0, 0),
(1241, '1zdkb7qbjdq1tfyacijdsfkopxr07mslsupsozm8yzpytzr9bj', 0, 0),
(1242, 'ftback', 0, 0),
(1243, 'courvix', 0, 0),
(1244, '1680857129', 0, 0),
(1245, '1680856769', 0, 0),
(1246, 'phish', 0, 0),
(1247, 'd24b67e50c98f1157158582c612051fb', 0, 0),
(1248, '0wog0yhd', 0, 0),
(1249, 'uijftc3sexctki3g9py2opnodrqcjdmkqr8vuzihaubrw1fuvz', 0, 0),
(1250, 'phishontop42', 0, 0),
(1251, '1680858182', 0, 0),
(1252, '1680857470', 0, 0),
(1253, '1681141922', 0, 0),
(1254, 'grey', 0, 0),
(1255, 'nine', 0, 0),
(1256, 'flights', 0, 0),
(1257, '114160dc3afb34be941f3b901bfbbff4', 0, 0),
(1258, 'n01nspda', 0, 0),
(1259, 'i2ts6vffii48auh41iyxbgq683he1eawbzzdwvx1yqfgr7av3u', 0, 0),
(1260, 'ftbu', 0, 0),
(1261, '1680858847', 0, 0),
(1262, '1680857596', 0, 0),
(1263, '1680879750', 0, 0),
(1264, '1680874073', 0, 0),
(1265, '1680977393', 0, 0),
(1266, '325', 0, 0),
(1267, 'eua', 0, 0),
(1268, '3b4fd6b38f00545be96bb1e4ff7b0fbd', 0, 0),
(1269, 'jvyowt9g', 0, 0),
(1270, 'j48sm5re0l9xymrsf4s9zq5dge6x3aqhp4ucm3c24qtfgj5ftc', 0, 0),
(1271, 'jjjibril6', 0, 0),
(1272, '1680858148', 0, 0),
(1273, '1680857894', 0, 0),
(1274, '1681914999', 0, 0),
(1275, 'juicyballs', 0, 0),
(1276, '2fb8945615e4a97f22ac07826f805448', 0, 0),
(1277, 'gaa9zqau', 0, 0),
(1278, 'w0gjrklcd1mofb9p7zwogbjnlt7ttmo67yby8mtrobtcjcgof4', 0, 0),
(1279, 'iamaprotonuser123453', 0, 0),
(1280, '1680858468', 0, 0),
(1281, 'spirit', 0, 0),
(1282, 'd4b7f37788bc58418356ecccbef8f0ad', 0, 0),
(1283, 'pigbkjz3', 0, 0),
(1284, 'hvs6qr5fvkofapdudhcdckxflsfri96kmaskrmb1pb8nz6zcz0', 0, 0),
(1285, 'aryyan', 0, 0),
(1286, 'kirar', 0, 0),
(1287, '1680879306', 0, 0),
(1288, '1680859976', 0, 0),
(1289, '1680879818', 0, 0),
(1290, '1680887436', 0, 0),
(1291, 'town', 0, 0),
(1292, 'size', 0, 0),
(1293, 'align', 0, 0),
(1294, 'linear', 0, 0),
(1295, 'untouched', 0, 0),
(1296, '482', 0, 0),
(1297, 'c30562c8f795598b2948380fe2ef360d', 0, 0),
(1298, 'wkme6chc', 0, 0),
(1299, 'pwbzdgzmimyj8fslsbnvf7p0nvpupkasu5yj7wwkvvpckipjjj', 0, 0),
(1300, 'cant', 0, 0),
(1301, 'dataleak', 0, 4),
(1302, '1680967217', 0, 0),
(1303, '1680861493', 0, 0),
(1304, '163', 0, 0),
(1305, '', 0, 0),
(1306, 'niaudiaksja', 0, 0),
(1307, '1d978fec748b32c52009e251d74661c0', 0, 0),
(1308, 'rf388i5j', 0, 0),
(1309, 'zgpen3aybpu1nkumgh0uuug6815wkda0pigww1gsoxa8pn0xus', 0, 0),
(1310, 'mehmetbatur2009', 0, 0),
(1311, '1680861747', 0, 0),
(1312, '1680861858', 0, 0),
(1313, '111', 0, 0),
(1314, '0a1362ccc289b09aeb3858258c9b0d53', 0, 0),
(1315, 'bntwkpwk', 0, 0),
(1316, 'r23ljjll2sazwhbipc07qgktzijatxl7uxgpj9urqtabitgo7s', 0, 0),
(1317, 'federal6969', 0, 0),
(1318, '1680862056', 0, 0),
(1319, '1680862023', 0, 0),
(1320, '1680922242', 0, 0),
(1321, '1680920824', 0, 0),
(1322, '1681283014', 0, 0),
(1323, '358', 0, 0),
(1324, '1680986730', 0, 0),
(1325, 'bye', 0, 0),
(1326, '6dd401f31e43e2742fc52ae9032f78ae', 0, 0),
(1327, 'a2vc8ntz', 0, 0),
(1328, 'c5utayti6o6lric6r42pm9rumzdrkmho0uwkk6utljevahy61e', 0, 0),
(1329, 'hazey1337', 0, 0),
(1330, '1680862196', 0, 0),
(1331, '1680862154', 0, 0),
(1332, 'fed', 0, 3),
(1333, '4467a7ba164d6f1ed115e8bbdd6d0ff3', 0, 0),
(1334, 'fdzs7afz', 0, 0),
(1335, 'gtv7aszzs356nhfdimcf5d7f8mwxpbndxpoygbmlbmklinjih5', 0, 0),
(1336, 'federalcord', 0, 0),
(1337, '1680862669', 0, 0),
(1338, 'c6e388336e1791ada4bde483369dbc4a', 0, 0),
(1339, 'bcxauynn', 0, 0),
(1340, 'hndvthxn5obftydvztnxkrg0hdooaoz3uwwlwi2sbou4mcdpdx', 0, 0),
(1341, 'yuqqi12344', 0, 0),
(1342, '1680863241', 0, 0),
(1343, 'firerose', 0, 0),
(1344, '5d976bab524210ed06d5112fea36acd9', 0, 0),
(1345, '2uvy8xkf', 0, 0),
(1346, '2xamxvl9c5p3w4ucrwxpwucxv9mvtlaae1a0d9zh7qdwnnsvqf', 0, 0),
(1347, 'leevickers78', 0, 0),
(1348, '1680876514', 0, 0),
(1349, '1680876537', 0, 0),
(1350, 'vbd', 0, 0),
(1351, 'extort', 0, 0),
(1352, 'dc7b308793f324572064c689d26d8a4d', 0, 0),
(1353, 'vk8wia5t', 0, 0),
(1354, 'axuzz2gmmb7vkuaqiwebs9nuphfrdkalj56vwckv3jucoemqiv', 0, 0),
(1355, 'jjohnsmith8891', 0, 0),
(1356, '1680864328', 0, 0),
(1357, 'interlude', 0, 0),
(1358, 'cc596ddcf56a1ad8fbb59b57ee19ee45', 0, 0),
(1359, 'bsqxk7pa', 0, 0),
(1360, 'vlvmfme8meflvj1hnbpqas2yhwlemyuahme08xxveuu2tisq2t', 0, 0),
(1361, 'zhercy', 0, 0),
(1362, 'protonmail', 0, 0),
(1363, '1680865213', 0, 0),
(1364, '1680865166', 0, 0),
(1365, 'master', 0, 0),
(1366, 'btw', 0, 0),
(1367, 'sad', 0, 3),
(1368, 'af820c19d26a1ca0b1281f8734bd3f1d', 0, 0),
(1369, '9oovzne0', 0, 0),
(1370, 'lamvgbgp8pk0yuvv6enfwgl7spiyxxbyqccgyedbqvtxvqisuj', 0, 0),
(1371, 'aaryaan', 0, 0),
(1372, '1680865172', 0, 0),
(1373, 'cum', 0, 0),
(1374, '909b2de570a444bc54c5036f1d37c310', 0, 0),
(1375, 'm3szbu2p', 0, 0),
(1376, '2pwmrwsqnbmzyu01nsxgekq46zcuf9eu16vkvv6fvhm7qbr4xw', 0, 0),
(1377, 'jjohnsmith88', 0, 0),
(1378, 'skiff', 0, 0),
(1379, '1680866018', 0, 0),
(1380, 'xaxaxaxaxaxain', 0, 0),
(1381, '05e55f6138a9e21561ada93d27640a35', 0, 0),
(1382, 'axuhrc5u', 0, 0),
(1383, 'as8sntnhcyo0iynxrc7ni0ix2uw3gftgzbzwlobqer1wpsme4b', 0, 0),
(1384, 'beyondeverything', 0, 0),
(1385, '1680867173', 0, 0),
(1386, 'ego', 0, 0),
(1387, '6081ecbd8c2375d45c0173cf9378671d', 0, 0),
(1388, 'cmvs3efp', 0, 0),
(1389, '8tmpisy0qx0dexnnaprw5uajg05dfxx2xvkm8lvjfyuiddbcmh', 0, 0),
(1390, 'catboy', 0, 0),
(1391, 'rape', 0, 0),
(1392, '1681525047', 0, 0),
(1393, '1680872131', 0, 0),
(1394, '1681195919', 0, 0),
(1395, 'undying', 0, 0),
(1396, '372587d53b37330e2f9f6ccf5eed3aef', 0, 0),
(1397, 'ezulqmbk', 0, 0),
(1398, 's3y8fppegio80tdovzydlpmzi9lxqvoeau0wpejpyfwfeawbvm', 0, 0),
(1399, 'satanicgodfather69', 0, 0),
(1400, '1680873554', 0, 0),
(1401, '1680873072', 0, 0),
(1402, '1681338456', 0, 0),
(1403, 'box', 0, 0),
(1404, 'ae4a3246532a4126c9029b5a79726445', 0, 0),
(1405, 'fguxe2yf', 0, 0),
(1406, 'nxdyobhhyyvcyo0jlwuytpcfcr2neheujkbs9y8jnqubbpd3dg', 0, 0),
(1407, 'hellside7', 0, 0),
(1408, '1680873606', 0, 0),
(1409, 'hell', 0, 0),
(1410, '56992f1b51faeb62da98a910fef91275', 0, 0),
(1411, 'mov32a1r', 0, 0),
(1412, 'oczjiizwvv4qitnv9argmv7glcytdlq0e8un3rfe9ors1yrnuy', 0, 0),
(1413, 'hellside8', 0, 0),
(1414, '1680897408', 0, 0),
(1415, '1680873751', 0, 0),
(1416, '1682730681', 0, 0),
(1417, 'money', 0, 2),
(1418, '500028b644cccb064d06c05c05824280', 0, 0),
(1419, 'pxhwzkr3', 0, 0),
(1420, 'akjhnnbso6dv20jwdrowc7jpdbs3ptgg6zoh23ujbgcsbx4qfx', 0, 0),
(1421, 'iamsonice20', 0, 0),
(1422, '1680873994', 0, 0),
(1423, '1680873894', 0, 0),
(1424, 'raised', 0, 0),
(1425, '04f435aa60a998939574e83b4ba0c741', 0, 0),
(1426, 'bevvedvb', 0, 0),
(1427, 'bw6jvmxw4bhqeyeiuoxbziumbdzc2n55e6wxkjc1mbzl3nxeng', 0, 0),
(1428, 'xdyd923', 0, 0),
(1429, '1681239834', 0, 0),
(1430, '1680873931', 0, 0),
(1431, '1680893324', 0, 0),
(1432, '1681757286', 0, 0),
(1433, 'ic3gov', 0, 0),
(1434, '7hn', 0, 0),
(1435, '305', 0, 0),
(1436, 'cash', 0, 0),
(1437, 'b15b8089f719d4db35047ce4bdfa7b7d', 0, 0),
(1438, 'mphvgkik', 0, 0),
(1439, 'bmxzxxbeoepuzac1lypnip9igane02z56dwjw8pbosybepw6y0', 0, 0),
(1440, 'enforcecool', 0, 0),
(1441, '1680874185', 0, 0),
(1442, '1680874155', 0, 0),
(1443, 'idk', 0, 0),
(1444, 'a778e3e8cec1d3f58eac345bb6d0004d', 0, 0),
(1445, 'c2ju7vyv', 0, 0),
(1446, 'genbksjpe3gxdo1xjxpfyfrymodokdoouu11070vtgcxxpvptu', 0, 0),
(1447, 'danilovesnoodles', 0, 0),
(1448, '1680875513', 0, 0),
(1449, 'undoxable', 0, 0),
(1450, 'da6f2577b3cf898fc94f93b54a800483', 0, 0),
(1451, 'yj78tf5r', 0, 0),
(1452, 'bkxbftnjolc17neblk1ndtzsumqqa8mnod2duith8pu8voke65', 0, 0),
(1453, 'undoxxabl44', 0, 0),
(1454, '1680876550', 0, 0),
(1455, '1680958500', 0, 0),
(1456, 'bible', 0, 0),
(1457, 'a0599fef481651db8c207ca1a24ec8ab', 0, 0),
(1458, 'giyw5nfu', 0, 0),
(1459, 'isacluj3dypzwwt8jmtijwwpwyax87ooiakqfoxuxg4xzyvd33', 0, 0),
(1460, 'snible12345', 0, 0),
(1461, '1680876952', 0, 0),
(1462, 'c0eabfc30cad5947511841c94ce99f80', 0, 0),
(1463, 'bnyjgm1x', 0, 0),
(1464, 'rt8f4ynoaanystmczz3gs6qylqjvuszffwkixkpr41uwyl8ijs', 0, 0),
(1465, '8181', 0, 0),
(1466, 'criminal', 0, 3),
(1467, '1680917551', 0, 0),
(1468, '1680877574', 0, 0),
(1469, '1680978409', 0, 0),
(1470, '1977', 0, 0),
(1471, 'dam', 0, 0),
(1472, 'b09297b51773e4b2db33b37f54209316', 0, 0),
(1473, 'ifn16tvr', 0, 0),
(1474, '59vfoq8ltn6pj8noowhwpyps2vlbspvh8l6rftkxnlub6jy5va', 0, 0),
(1475, 'jail', 0, 0),
(1476, '1680879122', 0, 0),
(1477, '1680878947', 0, 0),
(1478, '1680881755', 0, 0),
(1479, '1680879984', 0, 0),
(1480, '1681186948', 0, 0),
(1481, 'attempt', 0, 6),
(1482, 'l7', 0, 0),
(1483, 'chris', 0, 0),
(1484, 'ebbe705678ce7eb6caee43fb598607fd', 0, 0),
(1485, '44ehcqka', 0, 0),
(1486, 'pxpihkghxt214bipdbsku0tknsxnvw2wf90zaxmnavwtwbrpx0', 0, 0),
(1487, 'handyamanny1', 0, 0),
(1488, '1680879400', 0, 0),
(1489, '1681127912', 0, 0),
(1490, 'a31272372acacd22152770b64ee31bf3', 0, 0),
(1491, 'kjivn8ae', 0, 0),
(1492, '6io0oxsgglt99slgt3kkqpbkxhbzux8wrqzqq1qoa7qjyf4i7i', 0, 0),
(1493, 'jamesthezam', 0, 0),
(1494, '1680879687', 0, 0),
(1495, '88sqxui', 0, 0),
(1496, '73ee95a98c8efc51b345bc82c60b5087', 0, 0),
(1497, 'otid67qg', 0, 0),
(1498, 'un1aye861nru0rukivr2zs3z5y3ebsdzquhfq8tud0m66owrto', 0, 0),
(1499, '1680879788', 0, 0),
(1500, 'obesity', 0, 0),
(1501, '4954fceab771d224e73931660f9491f0', 0, 0),
(1502, '3qckvc5i', 0, 0),
(1503, 'a2wjc29rogndc8tmd1toqtyy5l3xig1wzygwzoxissmqbhwqmk', 0, 0),
(1504, 'christiantekle83', 0, 0),
(1505, '1680880654', 0, 0),
(1506, '97a780f49cf601c3156514d9a95e5c83', 0, 0),
(1507, 'u6xnuiid', 0, 0),
(1508, 'yagplx4rkuiyknxbicidhgspqabkosp10lzc6q6okxyojfhuba', 0, 0),
(1509, 'sovoback', 0, 0),
(1510, '1680880887', 0, 0),
(1511, 'harm', 0, 0),
(1512, '01c8efae7ed2c975a51c57f3b232e7e5', 0, 0),
(1513, '2z3vhn50', 0, 0),
(1514, 'mvwxsgnh08socoz7wcom3vowziqd3wqozxfjcwyvcfgz2i8mfe', 0, 0),
(1515, 'bigdickniggawithfatracks', 0, 0),
(1516, 'xmpp', 0, 0),
(1517, '1680885555', 0, 0),
(1518, '1680885114', 0, 0),
(1519, 'mud', 0, 0),
(1520, 'c7e0febb6452ac6c54c76560d5a244b6', 0, 0),
(1521, 'bsgoqlcw', 0, 0),
(1522, 'ahpsrkn973sqimc6k3tfnu6gjj9n0iz01vrjz04jxv3epmytkd', 0, 0),
(1523, 'anonymity', 0, 0),
(1524, '536473838', 0, 0),
(1525, 'paranoici', 0, 0),
(1526, '1680885200', 0, 0),
(1527, '1684605177', 0, 0),
(1528, '420', 0, 0),
(1529, '1337', 0, 0),
(1530, 'skit', 0, 0),
(1531, '4d51f1cbfbcc3156cf1a5c93b13ed118', 0, 0),
(1532, 'aeknep5j', 0, 0),
(1533, 'bxsglmv0drlnt4iarib7vsoofwfzzn5gcmlkktwugd7c996jpg', 0, 0),
(1534, 'skitontt', 0, 0),
(1535, '1680886372', 0, 0),
(1536, '1680885845', 0, 0),
(1537, 'cry', 0, 2),
(1538, '875e4075d63eb102f64234b6cf269139', 0, 0),
(1539, 'vqybvpyb', 0, 0),
(1540, '6eor6zpwwkoxarogjwaiu5lrf1lwhzojl3upofcmjq6y71c0af', 0, 0),
(1541, 'crime', 0, 0),
(1542, '1680888944', 0, 0),
(1543, '1680888656', 0, 0),
(1544, 'pae', 0, 0),
(1545, 'kil', 0, 0),
(1546, '13d04817de0d864c1be20aa9b7f3be24', 0, 0),
(1547, 'adhpjsbt', 0, 0),
(1548, 'lhpuhkabswiz0so6pedhjzjtmmgkgtugkdfhxkqu6qb1eldlz0', 0, 0),
(1549, 'killoi', 0, 0),
(1550, '1680888870', 0, 0),
(1551, 'icy', 0, 0),
(1552, '889dcae47c9e127948edd13624d6c050', 0, 0),
(1553, 'istxr1az', 0, 0),
(1554, 'cff51mok8rbhw94dsfkiwzu9pwn6q8e2yr4ekt7r4rffwphngj', 0, 0),
(1555, 'jaybig605', 0, 0),
(1556, '1680888922', 0, 0),
(1557, '1680889046', 0, 0),
(1558, 'snake', 0, 0),
(1559, '356a4dc34b869d8b0eb2afebe3b2bc92', 0, 0),
(1560, 'vffx4w3a', 0, 0),
(1561, 'mrgg2gkjdrfpforqf8duv2x7rsbo4omzdtyx8mkyyaa9s7ty1j', 0, 0),
(1562, 'dvrt2222', 0, 0),
(1563, '1680921599', 0, 0),
(1564, '1680888924', 0, 0),
(1565, '1680924377', 0, 0),
(1566, '1682730839', 0, 0),
(1567, '2006', 0, 0),
(1568, 'brain', 0, 0),
(1569, 'works', 0, 0),
(1570, 'forever', 0, 1),
(1571, '5034da20525c30cca57533d4ac87b120', 0, 0),
(1572, 'lm5ntrou', 0, 0),
(1573, 'turipjyvmez1rd38hngqud4dcruwsl87fzn4r2wfvbxvg6cbjw', 0, 0),
(1574, 'psa', 0, 0),
(1575, '1680889162', 0, 0),
(1576, '1680889032', 0, 0),
(1577, 'jacob', 0, 0),
(1578, '93d294295e9f31b248bd15bfb92abcce', 0, 0),
(1579, 'nhpwmrkt', 0, 0),
(1580, 'q9lbjrpn5an5ndkowoc9kjbtbiqbcffl3m4eyfvgvryhgkfrzo', 0, 0),
(1581, 'uhqduqdduiquidqdq', 0, 0),
(1582, '1680921382', 0, 0),
(1583, '1680889487', 0, 0),
(1584, 'htp', 0, 0),
(1585, '030305e94b382bdce6dc56ba98759133', 0, 0),
(1586, 'e1eqorrg', 0, 0),
(1587, 'fjx0g9uxgiwv4k6rdiyay5hfddprd2ttljialkdydicajl1jb8', 0, 0),
(1588, 'glowie', 0, 0),
(1589, 'support', 0, 1),
(1590, '1680890048', 0, 0),
(1591, '1680890001', 0, 0),
(1592, '1680890346', 0, 0),
(1593, 'commonly', 0, 0),
(1594, 'trust', 0, 1),
(1595, 'tay', 0, 0),
(1596, 'bb3e0defc890d529913ce1d996b8683c', 0, 0),
(1597, 'rua5pka2', 0, 0),
(1598, 'bmqf72d3jndbwavcfqrfebqwon1gfkrn4qzo84p2a4fsd1hq9j', 0, 0),
(1599, 'deployirl', 0, 0),
(1600, '1680890259', 0, 0),
(1601, '1680890221', 0, 0),
(1602, 'wompwompmeow', 0, 0),
(1603, 'b90480c47bf032e2d0dbefc866d28988', 0, 0),
(1604, 'sjehcbvl', 0, 0),
(1605, 'ad3y3yon55f5xhm2tr8niewfcnvyfqmdx7ksdux2zta4kupdk2', 0, 0),
(1606, 'xampp', 0, 0),
(1607, 'gov', 0, 1),
(1608, '1680891687', 0, 0),
(1609, 'gun', 0, 0),
(1610, 'faca7b41569c773f67f5e6e5e5cf0e33', 0, 0),
(1611, 'sqy74y0u', 0, 0),
(1612, '46tq2hsjkxprn69o1cbsg2gfswq4f5iyeq8dtmv7eqe8kl4yfq', 0, 0),
(1613, 'hellside9', 0, 0),
(1614, '1680892376', 0, 0),
(1615, 'zone', 0, 0),
(1616, '5283c48b45d82b1b5d13a3f65feed1db', 0, 0),
(1617, 'cegvu7ro', 0, 0),
(1618, 'qx2xhyl62nt3i5akmnqqulguxabncnemdhcybnuibxtku0njsq', 0, 0),
(1619, 'hellside10', 0, 0),
(1620, '1680892469', 0, 0),
(1621, 'spin', 0, 0),
(1622, '975edd9f505dfe61f122c1319ed6d5cd', 0, 0),
(1623, 'nrdei78n', 0, 0),
(1624, 'gqlqnbk9k9lcuuqcw7im1en9mzvkmosg5boujnmoyzlia7q8d0', 0, 0),
(1625, 'hellside11', 0, 0),
(1626, '1680892543', 0, 0),
(1627, 'weep', 0, 0),
(1628, '0de9ef5f9b1e6e3460af7b132814fc9c', 0, 0),
(1629, 'iv1a7reu', 0, 0),
(1630, 'rdd2lbb8fizv9sh3ctl7lrqjfb41hj0rdpcdbpxyuphqjiqlfu', 0, 0),
(1631, 'hellside12', 0, 0),
(1632, '1680892634', 0, 0),
(1633, 'cee', 0, 0),
(1634, '89242bdee0424a9f8c6b57ca8197306e', 0, 0),
(1635, '9z1pwaa5', 0, 0),
(1636, 'fmptncxvfs6ne6ktkjsoyavd977db21ygmpr7jlplkf7rpbq3b', 0, 0),
(1637, 'hellside13', 0, 0),
(1638, '1680892736', 0, 0),
(1639, 'burn', 0, 0),
(1640, '9e369733496321661795a98b4db650f2', 0, 0),
(1641, '18knpugk', 0, 0),
(1642, 'gnhwu0lxkax1saqj1oyt5gnk3lu670gpp1wtzcxhh3tejnkbyn', 0, 0),
(1643, 'hellside14', 0, 0),
(1644, '1680892879', 0, 0),
(1645, 'fire', 0, 0),
(1646, '9367a46a599940a73dcdc46dcb913473', 0, 0),
(1647, 'fdmvjiry', 0, 0),
(1648, 'crk9a01ugxiwhzxoumsmjshxf8pphfhjz1bvph8kxwviyfvfvn', 0, 0),
(1649, 'hellside15', 0, 0),
(1650, '1680892951', 0, 0),
(1651, 'swat', 0, 0),
(1652, 'e5c7cf92686f623a290684b65a7ace99', 0, 0),
(1653, '6mevbo0l', 0, 0),
(1654, 'mh5kare3pfwgc0gxlc3uadptemnzon3adxdtmsekuqynnr31h0', 0, 0),
(1655, 'hellside16', 0, 0),
(1656, '1680893016', 0, 0),
(1657, '1682733006', 0, 0),
(1658, 'scam', 0, 2),
(1659, '057435ba963788b9a461fcd8ee8d0112', 0, 0),
(1660, '1ath7jlj', 0, 0),
(1661, 'ydt57zuqi5bjg3eu16bebdbwjxkf0xtlqfpwzdyokwqzjpzk7e', 0, 0),
(1662, 'hellside17', 0, 0),
(1663, '1680893088', 0, 0),
(1664, 'flockaszone', 0, 0),
(1665, '0aee1c04f4e00aa5d5dda5c95cee89b3', 0, 0),
(1666, 'snav3zsi', 0, 0),
(1667, 'ngyf8uhtvcrxwtyttbnw3hv36rqu4isbyulvx5yh8mhzlv9c1d', 0, 0),
(1668, 'joinplayboi', 0, 0),
(1669, '1680894510', 0, 0),
(1670, '1680893142', 0, 0),
(1671, '1681846528', 0, 0),
(1672, '04e0ba8e37cbbd3fa10b65969627fc23', 0, 0),
(1673, 'qecvcabx', 0, 0),
(1674, 'qpihnq7ivmdwv1jner8mtmkauadql7ewofhvqfuttm7jgiov1r', 0, 0),
(1675, 'hellside18', 0, 0),
(1676, '1680893212', 0, 0),
(1677, '1681343111', 0, 0),
(1678, 'osint', 0, 0),
(1679, '338e550ee8a91e4ecc6ec0cf07f60ed4', 0, 0),
(1680, 'zhj88eoo', 0, 0),
(1681, 'cm2sdjyvv02vf9zahiid0jutnzf8guvsa4qci2bjekmioc1btk', 0, 0),
(1682, 'ahahahaahhaxd', 0, 0),
(1683, '1680893305', 0, 0),
(1684, 'dbu', 0, 0),
(1685, 'ord', 0, 0),
(1686, 'fdd9704d9f5eb72a272ea7f27a0d8164', 0, 0),
(1687, 's2eyiake', 0, 0),
(1688, 'okeje3hiokj5wqwl0ihz10vpis0polklhcfe1olhgplyc5w2g2', 0, 0),
(1689, 'zarimarco12345', 0, 0),
(1690, '1680893532', 0, 0),
(1691, 'mad', 0, 0),
(1692, '0de44f43ba4a5821b683b415f82b4d61', 0, 0),
(1693, 'm1wsx4vd', 0, 0),
(1694, 'tpofscx9okuicvx2tvjl2ekz5uppjeydxtdgselficmohxqnnh', 0, 0),
(1695, 'hellside20', 0, 0),
(1696, '1680893619', 0, 0),
(1697, 'reinforce', 0, 1),
(1698, '448da85dadb3bb46db9401870a7dfda9', 0, 0),
(1699, 'na57x9zk', 0, 0),
(1700, 'jnqfa7ril08gzsspfnvj8xq8vfizhxhba3zgwhkbtwyl0glwap', 0, 0),
(1701, 'zarimarco123', 0, 0),
(1702, '1680893631', 0, 0),
(1703, 'fy5', 0, 0),
(1704, 'theitgirl', 0, 0),
(1705, 'ecc7c531a7ba0041e20b99ff7c78c5bf', 0, 0),
(1706, 'm5itrqgm', 0, 0),
(1707, 'rnokvgqait08tvhgpjmucwkblszdeut0kxgh8wc2jf0nnhqxef', 0, 0),
(1708, 'lemonslauryn42', 0, 0),
(1709, '1680893669', 0, 0),
(1710, 'sin', 0, 0),
(1711, '3700e5dad5001cebac2a9fc91e7e8cd0', 0, 0),
(1712, '4ddc2moe', 0, 0),
(1713, 'f9gq6zrzdembsvw1irozltunmkgllflqvljxbgb4puiq2hdku2', 0, 0),
(1714, 'hellside21', 0, 0),
(1715, '1680893678', 0, 0),
(1716, 'menace', 0, 0),
(1717, 'd2e4438f58f62cee736b59977fb7291a', 0, 0),
(1718, 'b5dp0zl0', 0, 0),
(1719, '8jm92obju9ow1zfxx24j8zkrxwb188j7xkrozonkcn0xz0yvvo', 0, 0),
(1720, 'zarimarco12', 0, 0),
(1721, '1680893710', 0, 0),
(1722, '101', 0, 0),
(1723, 'dot', 0, 0),
(1724, '6ed327cafe5bf05c75704d3ee63d2a74', 0, 0),
(1725, 'nnggqhk5', 0, 0),
(1726, 'a0hhxwrjowteo8ubetqyicdtch2hvowkgxc36wvadix5fs4vsq', 0, 0),
(1727, 'hell1', 0, 0),
(1728, '1680893747', 0, 0),
(1729, '102', 0, 0),
(1730, '21bcc2c1a520e36fb24739aab1b419fe', 0, 0),
(1731, '03ttxdsu', 0, 0),
(1732, '6eqepzwljpqnsazdjvrhsgyjwp5txv66jdw3povt0jvmubxjm6', 0, 0),
(1733, 'zarmarco12345', 0, 0),
(1734, '1680893781', 0, 0),
(1735, '103', 0, 0),
(1736, 'razsav', 0, 0),
(1737, '824546f522980a05a07c4426e8b2593d', 0, 0),
(1738, 'mkjha68z', 0, 0),
(1739, '6vimbpduujfig37mpgnpxdezbzciadqbkpi5vucnxlwhtigkl9', 0, 0),
(1740, 'm4617847', 0, 0),
(1741, '1680893787', 0, 0),
(1742, '104', 0, 0),
(1743, 'beam', 0, 0),
(1744, '768bf405ec3491472bef2de777d7fd78', 0, 0),
(1745, 'pjymdhsp', 0, 0),
(1746, 'xo8b1jclshknixkpmqxwsfx55gklggep3tngovpudvfykfal59', 0, 0),
(1747, '1680893815', 0, 0),
(1748, '105', 0, 0),
(1749, 'lord', 0, 0),
(1750, '6b9e071a7a985f2eea13bdf772b8007b', 0, 0),
(1751, 'p2oyv2jh', 0, 0),
(1752, 'hi5k1jcxukzwmywooc8ubqnv9m46d8tj64bv9kqtssqepg7guj', 0, 0),
(1753, 'dannymartinez2032', 0, 0),
(1754, '1680894135', 0, 0),
(1755, '1680893871', 0, 0),
(1756, '1681069015', 0, 0),
(1757, 'pastebin', 0, 1),
(1758, 'cruztheinternetfraud', 0, 0),
(1759, 'none', 0, 0),
(1760, '1681217349', 0, 0),
(1761, '106', 0, 0),
(1762, 'fall', 0, 0),
(1763, '083d8a282b34a7472e4be380f997c352', 0, 0),
(1764, 'kofgvomw', 0, 0),
(1765, 'tuulsd9qljfvx8q9thbpwapnap6uorxqpzfhza8rdc0lnre0gy', 0, 0),
(1766, 'hell2', 0, 0),
(1767, '1680893902', 0, 0),
(1768, '107', 0, 0),
(1769, 'keep', 0, 1),
(1770, '0146798078eb62fb71b4d0f652f0ba21', 0, 0),
(1771, 'cueerby5', 0, 0),
(1772, 'txs0p0513rh8i5wjtsyynnc18p2ik5cfnbypzeoodnq5nk9geh', 0, 0),
(1773, 'hell3', 0, 0),
(1774, '1680893986', 0, 0),
(1775, '108', 0, 0),
(1776, 'convict', 0, 0),
(1777, '4f5cec43c0bde5e0f3acd62138addfa2', 0, 0),
(1778, 'j29xgrjb', 0, 0),
(1779, 'somcr9euyn4smrvsponimfec5apu1xmegkjkavnumvomsv00wg', 0, 0),
(1780, 'kingedai600', 0, 0),
(1781, '1680894072', 0, 0),
(1782, '1680894123', 0, 0),
(1783, '109', 0, 0),
(1784, 'aim', 0, 0),
(1785, '19738c7efce810942994a51f2aba33b4', 0, 0),
(1786, 'tzk9foj7', 0, 0),
(1787, '1zkthrjjtca8iqmzhhhycaynttxqkmrib60g0qz0cyo2xz327a', 0, 0),
(1788, 'hell4', 0, 0),
(1789, '1680894140', 0, 0),
(1790, '110', 0, 0),
(1791, 'bop', 0, 0),
(1792, '957b35e199a9b51ab997fe1cd21361f4', 0, 0),
(1793, 'r27sqrqu', 0, 0),
(1794, 'wekwmhat6hv56y69vqxqudgfz4frly43exvr0aeqbdzrxvanow', 0, 0),
(1795, 'hell5', 0, 0),
(1796, '1680894206', 0, 0),
(1797, 'hurt', 0, 0),
(1798, '08aa0f0da2db7d1af925078d7704af19', 0, 0),
(1799, '3rxbvl7o', 0, 0),
(1800, 'wcue08b2gniwtbm2piq1qsef8vioib3wrgfixyocxhq3ulveih', 0, 0),
(1801, 'marcomidili', 0, 0),
(1802, '1680894359', 0, 0),
(1803, '112', 0, 0),
(1804, 'ee6bd80e7ada9a96bf11873fd27f4bf6', 0, 0),
(1805, 'n6rhhlas', 0, 0),
(1806, 'svq9jywvu3ptbc3d1akihwxk2u35e1x8s3bts2tvmv7t6rpaqy', 0, 0),
(1807, '1680894505', 0, 0),
(1808, '113', 0, 0),
(1809, 'breacher', 0, 0),
(1810, '118b2994f7207662f7d69253509825e9', 0, 0),
(1811, 'qg3qbl6m', 0, 0),
(1812, 'c1wf4ogjchavu4pfbyvgehoow7xhfhlvmtcfsbhw0muppwsnzj', 0, 0),
(1813, 'updownturnaround', 0, 0),
(1814, '1680894645', 0, 0),
(1815, '114', 0, 0),
(1816, 'pain', 0, 0),
(1817, '23ca07db3dc8dc9a6e5668803fbda2e2', 0, 0),
(1818, 'dcgzkjzw', 0, 0),
(1819, 'ggtrheagad0m0s0ovunyke4ij4kpxdfcqkc0swk6o0mexepocf', 0, 0),
(1820, 'justup45', 0, 0),
(1821, '1680894749', 0, 0),
(1822, '115', 0, 0),
(1823, '963887ed690942c49da5abdb6c861e50', 0, 0),
(1824, 'gdyqefdg', 0, 0),
(1825, 'pax9nlzqf280ycph9kq69iv9lrm3xgqk0usycp6easgu7p7hbm', 0, 0),
(1826, 'mayaaslia614', 0, 0),
(1827, '1680895061', 0, 0),
(1828, '116', 0, 0),
(1829, 'btc', 0, 1),
(1830, 'b6d19973760144366a07ce27312839fc', 0, 0),
(1831, 'phh5nlvt', 0, 0),
(1832, 'mismyzmztkdtwfgyxpjvorjirpui1jda5ugplljrytxmnmbm3i', 0, 0),
(1833, 'arykirae', 0, 0),
(1834, '1680895176', 0, 0),
(1835, '117', 0, 0),
(1836, 'racism01', 0, 0),
(1837, 'ac8487c5dcef717767f857fbed272b1a', 0, 0),
(1838, 'knoltud8', 0, 0),
(1839, 'ry6qxset4gmjgvnnqaj73tpd1m9pi2d3jkcshkzzkunujhidjg', 0, 0),
(1840, 'goombasot', 0, 0),
(1841, '1680897329', 0, 0),
(1842, '0c235c8fa7514cef28ff44366c89303e', 0, 0),
(1843, 'alicrtu4', 0, 0),
(1844, 'eoubwzpgv5ugdgdxdrtuhtpyqrkuwt8l6ijbzm1vtgncxaceoi', 0, 0),
(1845, 'optional', 0, 0),
(1846, '1680897469', 0, 0),
(1847, '1680897407', 0, 0),
(1848, '1680897725', 0, 0),
(1849, '119', 0, 0),
(1850, 'bin', 0, 0),
(1851, '315ae1ce1ba696c28a279d03e1737a96', 0, 0),
(1852, 'dx9rmjbp', 0, 0),
(1853, 'qxbbrgky55yhvaewshnfv4t4pwbpicpocymaiknetejebadjth', 0, 0),
(1854, 'deckron', 0, 0),
(1855, '1680897506', 0, 0),
(1856, '1680897422', 0, 0),
(1857, '1680898441', 0, 0),
(1858, '120', 0, 0),
(1859, 'cursed', 0, 0),
(1860, '275236ad37850995e851537d9b94dc0d', 0, 0),
(1861, 'stzcqghu', 0, 0),
(1862, 'w9ssqkhcfw7oklgruij36osofl80ktg2xmqynf5tkauxks9bmf', 0, 0),
(1863, 'kazealt2', 0, 0),
(1864, '1680897810', 0, 0),
(1865, 'loner', 0, 0),
(1866, '34487bdff2f863e640985922e674b88f', 0, 0),
(1867, '9hzlsjsw', 0, 0),
(1868, 'hbeiwmrsn9tdduwwfiqvjlk04iupazvxyqygk8jj7k0alup24l', 0, 0),
(1869, '1680898035', 0, 0),
(1870, '1680897894', 0, 0),
(1871, '122', 0, 0),
(1872, 'pup', 0, 0),
(1873, '72ef46662430677a306572b1038e9f37', 0, 0),
(1874, 'oocc4dhg', 0, 0),
(1875, 'w4jmou9xytrgd49ksmg56wslb6nv4xsnjuksipiohuygkiyda3', 0, 0),
(1876, 'panakow300', 0, 0),
(1877, 'jthoven', 0, 0),
(1878, '1680898246', 0, 0),
(1879, '1680898140', 0, 0),
(1880, '123', 0, 0),
(1881, 'him', 0, 2),
(1882, '0b90f1b46efe185db457dd34a6eb62a1', 0, 0),
(1883, 'iahutoso', 0, 0),
(1884, 'cnx3p8bylm3jbv9matval4dzcpcpqbmgk76dsrgx450bxxg1oe', 0, 0),
(1885, '1680898508', 0, 0),
(1886, '49414e0ec97810b854e9c28621cfd68a', 0, 0),
(1887, 'pkyj2m72', 0, 0),
(1888, 'rrllv5aposixuve565humzs31qgolxcpssc0w7wy5grrv5sdat', 0, 0),
(1889, 'vexswat', 0, 0),
(1890, '1680898414', 0, 0),
(1891, '125', 0, 0),
(1892, 'murda', 0, 0),
(1893, '732135a14cda6d515fd60c04075fc235', 0, 0),
(1894, 'wasvpuwy', 0, 0),
(1895, 'mrollmpkgoyxvvbyw6lyjkvppzmgk7p20aam91bhkc50ly3rog', 0, 0),
(1896, 'wckhurt', 0, 0),
(1897, '1680898521', 0, 0),
(1898, '126', 0, 0),
(1899, 'xyz', 0, 0),
(1900, '676f675734d9e99b422c99aadf0680f3', 0, 0),
(1901, 'qpn8xahg', 0, 0),
(1902, '90a2anjmjgzmnrh3ig7c3zml8n0w90tj8lict1o6fms9itwl8d', 0, 0),
(1903, 'fym', 0, 0),
(1904, 'manji', 0, 0),
(1905, '1680898626', 0, 0),
(1906, '127', 0, 0),
(1907, '6fdea0d4e2ef40796ee9ddaf15313513', 0, 0),
(1908, '04alxq6i', 0, 0),
(1909, 'vwlyfzejlvjloue2zjv8he4sihjgmlevqtdk9bodchwyrrf7mm', 0, 0),
(1910, 'desire2zesty', 0, 0),
(1911, '1681015749', 0, 0),
(1912, '1680900961', 0, 0),
(1913, '1681127149', 0, 0),
(1914, 'http', 0, 0),
(1915, 'lay', 0, 0),
(1916, 'sevn', 0, 0),
(1917, 'soux', 0, 0),
(1918, 'four', 0, 0),
(1919, 'gangu', 0, 0),
(1920, 'threaded', 0, 0),
(1921, 'nyi', 0, 0),
(1922, '128', 0, 0),
(1923, '34332504b4b1e38afc18696534171bae', 0, 0),
(1924, 'm0e1dysc', 0, 0),
(1925, 'bkolzvwysx7hafhdmr9x4twynbsotqctrmwuumb7gltzmdq9f7', 0, 0),
(1926, 'mahah81914', 0, 0),
(1927, '1680901134', 0, 0),
(1928, '1680901087', 0, 0),
(1929, '129', 0, 0),
(1930, 'niggers', 0, 0),
(1931, 'e24d439a0fd86dc61122b65432a734de', 0, 0),
(1932, 'gj5grrtp', 0, 0),
(1933, '44hdhsyj2eam9sdjl8lihwstzsqukwxmrjul6x7jjlnc7jzkvi', 0, 0),
(1934, 'xmppaa', 0, 0),
(1935, '1680901330', 0, 0),
(1936, '130', 0, 0),
(1937, 'intro', 0, 0),
(1938, 'f6882522cc4fe5a267edf7eb1232643c', 0, 0),
(1939, 's7xmjyhv', 0, 0),
(1940, 'uhxl9unr0peixwo974t0l8guxkvyuyiv8htiruyom7yc6wcewc', 0, 0),
(1941, 'enxogfn', 0, 0),
(1942, '1680901729', 0, 0),
(1943, 'crx', 0, 0),
(1944, 'jordan', 0, 0),
(1945, '7ccaec9d94397213dd9f823ac4f09cbf', 0, 0),
(1946, 'kqzwkkyo', 0, 0),
(1947, 'zzu8gflkfrmyrqt6rqhxh2cafgrrez51rlxpjtxfufsopqxpby', 0, 0),
(1948, 'lexis30908', 0, 0),
(1949, 'fectode', 0, 0),
(1950, '1680902459', 0, 0),
(1951, '1680902441', 0, 0),
(1952, '132', 0, 0),
(1953, 'yes', 0, 0),
(1954, 'f8810dc6578be5266945a58946ab781b', 0, 0),
(1955, 'ixsld8fa', 0, 0),
(1956, 'em9qoaxwyseo1a4hkraakfevmbznukyju7jpk4k7g4tj4f6bal', 0, 0),
(1957, 'coxano4343', 0, 0),
(1958, 'marikuza', 0, 0),
(1959, '1680902784', 0, 0),
(1960, '1680902740', 0, 0),
(1961, 'founder', 0, 0),
(1962, 'a182dfbe14cd8b6d2d16e325209c9dd3', 0, 0),
(1963, 'l2ddcgd2', 0, 0),
(1964, 'qq0hzrtvwcijapiozdhvjquklaouwhje9hubygqubiqj1bbazu', 0, 0),
(1965, 'cutedoxer', 0, 0),
(1966, '1680902742', 0, 0),
(1967, '1682703967', 0, 0),
(1968, '134', 0, 0),
(1969, 'jug', 0, 0),
(1970, 'c2ea31349749f2dc7cf2e6ee8377b98b', 0, 0),
(1971, 'mlk7q2kl', 0, 0),
(1972, 'niluf1r8amqeexmosnls7olkaehbefbbxypxi5dqlaji1xn234', 0, 0),
(1973, 'copilotpluto', 0, 0),
(1974, '1680902783', 0, 0),
(1975, 'lqc', 0, 0),
(1976, '135', 0, 0),
(1977, 'mel', 0, 0),
(1978, 'cbff3d0dcc580ff4de9f6dd4306de792', 0, 0),
(1979, 'j79zwlnc', 0, 0),
(1980, '79vjaqjbnicfpxbx3zigc6cxsdeuvoupppt1tlvyzj2jhyzim4', 0, 0),
(1981, 'kilmeliyi', 0, 0),
(1982, '1680904797', 0, 0),
(1983, '1680902880', 0, 0),
(1984, '136', 0, 2),
(1985, '047d8ce20ddb22b11d9d83760341c9a3', 0, 0),
(1986, 'rqggcbkz', 0, 0),
(1987, 'ns9yucnaxhe9egn0zcbry1zdssopxcmtjmpbpg7sy6tfcmg0xe', 0, 0),
(1988, 'stupidnigger789', 0, 0),
(1989, '1683776804', 0, 0),
(1990, '1680902981', 0, 0),
(1991, '137', 0, 0),
(1992, 'd0485de989c662316c91e84e2500fa25', 0, 0),
(1993, 'qcuksbrh', 0, 0),
(1994, 'knumdd8vwv8wjgd9jul7siu7tzmcbhp5qwgmkhtvbjxq5tbdyg', 0, 0),
(1995, 'rookie', 0, 0),
(1996, '1680903024', 0, 0),
(1997, 'low', 0, 0),
(1998, 'b3705f4352f139df070151051d04eadc', 0, 0),
(1999, 'dnwhli0t', 0, 0),
(2000, '1bkiqki42ljkalixn3v5ei4hodzrbyd2mfzquq1ftivyqzwns7', 0, 0),
(2001, 'dekah99047', 0, 0),
(2002, '1680903263', 0, 0),
(2003, '1680903087', 0, 0),
(2004, '139', 0, 0),
(2005, 'kitten', 0, 0),
(2006, 'd1796ac107c66ab4012d2140a1327add', 0, 0),
(2007, 'mxwdk2w5', 0, 0),
(2008, 'ijtd7mrciw29s9jhhhdcg8o39u3g9xxd721h7sns0mn8ifclc2', 0, 0),
(2009, 'davidbombal', 0, 0),
(2010, '1680903297', 0, 0),
(2011, '140', 0, 0),
(2012, 'haunt', 0, 0),
(2013, '2534f9f22ff5dce61e986fe61fcc5539', 0, 0),
(2014, 'hzj61zos', 0, 0),
(2015, '3rbony0yeqsttov8ffy19zamhh2tgdirw2wllktrutsivu7ohg', 0, 0),
(2016, 'yoxefo3406', 0, 0),
(2017, 'mitigado', 0, 0),
(2018, '1680903445', 0, 0),
(2019, '1680903423', 0, 0),
(2020, '141', 0, 0),
(2021, 'swervo7s', 0, 0),
(2022, '676eeb0583cb8c6b28d460628322bdb3', 0, 0),
(2023, 'dgxw5ood', 0, 0),
(2024, 'ko6eurvziidfckzvki5zmvptz9nr8xmzq0wp1rcylvwymtiury', 0, 0),
(2025, 'noahs12908', 0, 0),
(2026, '1680904991', 0, 0),
(2027, '1680904932', 0, 0),
(2028, '142', 0, 0),
(2029, '2v32', 0, 0),
(2030, 'b45a95c39256bc964bb1ad636d52d235', 0, 0),
(2031, 'luykywwf', 0, 0),
(2032, 'ib3eaat1r2dvelm9lworm6i9g4y3ardvvgzqr3l5kpj9knhfrm', 0, 0),
(2033, 'skebababa', 0, 0),
(2034, '1680905040', 0, 0),
(2035, 'qf1', 0, 0),
(2036, '143', 0, 0),
(2037, 'dog', 0, 0),
(2038, '10f576e776e10dfba9d51fac90dc345e', 0, 0),
(2039, 'ttdkfqrp', 0, 0),
(2040, 'gnkujsvvhda9wa2z7jmdxydnamimol0h6u59vyhnrdlfy57b9e', 0, 0),
(2041, '1680905214', 0, 0),
(2042, '144', 0, 0),
(2043, '749dc29439fc01c5a6a93507d0fa1e6a', 0, 0),
(2044, '1xshixgw', 0, 0),
(2045, '7ugt0vmthe3sctytt9b308lhhuppyi5eyk8yaeydazmwg0zw3y', 0, 0),
(2046, 'killua', 0, 0),
(2047, '1680905375', 0, 0),
(2048, '145', 0, 0),
(2049, 'lain', 0, 0),
(2050, 'b640a45cb199c28d1627c12bd35fabc7', 0, 0),
(2051, 'plxlfhl0', 0, 0),
(2052, 'zmsiqecdtnpwnfa6tqdjkymr7awf6w6q0n5rqeweuklo1rtold', 0, 0),
(2053, 'dabloons', 0, 0),
(2054, '1680906335', 0, 0),
(2055, '146', 0, 0),
(2056, 'death', 0, 0),
(2057, '6f349a11ffc2e09c271afe025ad7816c', 0, 0),
(2058, 'r0xxbnvq', 0, 0),
(2059, 'ti0ecbbfjx2srtkxrmvqaimhg4hvcebs1cz0dm5ehuzscyuc4t', 0, 0),
(2060, '1680913077', 0, 0),
(2061, '147', 0, 0),
(2062, 'die', 0, 1),
(2063, '3ae69d57df7440eabae95021735a96a6', 0, 0),
(2064, 'zxyilmld', 0, 0),
(2065, 'la3m0m6fvkoxaghavt9tx6iwtyr5lajfsyd9hlebtzyvhuxxsw', 0, 0),
(2066, 'rat', 0, 0),
(2067, '1680913214', 0, 0),
(2068, '148', 0, 0),
(2069, 'murder', 0, 3),
(2070, 'a37c63b7cd477353f801ec8dd994c842', 0, 0),
(2071, 'tayr2ohv', 0, 0),
(2072, 'wdjrya5fcduldthwfpcdipd29gkbcpsqrusfi1w1o2d8kzvjqr', 0, 0),
(2073, 'chris123', 0, 0),
(2074, '1680913279', 0, 0),
(2075, '149', 0, 0),
(2076, 'riot', 0, 0),
(2077, '7530d82e3e93b5d6718bbd02d909459b', 0, 0),
(2078, 'm3zt60hx', 0, 0),
(2079, '8pdylngjhndg6hy1dvtkaf7qetkx5ng1tp1secmpnenamn8gnd', 0, 0),
(2080, 'chris1234', 0, 0),
(2081, '1680913369', 0, 0),
(2082, '150', 0, 0),
(2083, 'a808b6f9b6e3a0d52fd64b05db12ab22', 0, 0),
(2084, 'g93e2tgs', 0, 0),
(2085, 'zvni2y6balakduhqihpoqy5g1qsgfarycdlhp5vxbezykw38zo', 0, 0),
(2086, 'chris12345', 0, 0),
(2087, '1680913627', 0, 0),
(2088, '151', 0, 0),
(2089, 'mrflapper10', 0, 0),
(2090, '99e4ec2602e1bda41d35c8bcf1901085', 0, 0),
(2091, 'muheyvxv', 0, 0),
(2092, 'fjjan06mvcobrpnfewnzmplcq1mdnwqqmmreloocnsrxmto7cu', 0, 0),
(2093, 'welovedafs', 0, 0),
(2094, '1680913650', 0, 0),
(2095, '152', 0, 0),
(2096, 'larp', 0, 0),
(2097, 'fbff749cdab7a27a27e32c4259185af6', 0, 0),
(2098, 'ztwg487c', 0, 0),
(2099, 'stcrqdvm6dnfhnpjngssiochgyqbnpa3cofwlpe6r9bd1efnti', 0, 0),
(2100, 'chris123456', 0, 0),
(2101, '1680913759', 0, 0),
(2102, '153', 0, 0),
(2103, 'script', 0, 0),
(2104, '5398a3fac12414d8b57bd127f2db1bdf', 0, 0),
(2105, 'cb5my5po', 0, 0),
(2106, 'tn78fq8o8zgyab8orsiy8jgztztiibne1yab0iikidxgfdo4tk', 0, 0),
(2107, 'chris1234567', 0, 0),
(2108, '1680913840', 0, 0),
(2109, '154', 0, 0),
(2110, 'onleaks', 0, 0),
(2111, '4cd35051513cca646e009a2b3c0eb165', 0, 0),
(2112, 'cedopumy', 0, 0),
(2113, 'mec8memppqp8gpqu3on99k5o6vhov7lb1l8mvvahpwqpmw5rsd', 0, 0),
(2114, '1680914134', 0, 0),
(2115, '1680913914', 0, 0),
(2116, '155', 0, 0),
(2117, 'abc', 0, 0),
(2118, 'dd365dae837b20c0ba5e0db8f5823ae6', 0, 0),
(2119, 'hzzihuww', 0, 0),
(2120, 'pll0tc0s20gcc9s46hyxxsco9pimzzvciapyxpoysuqwazu4lb', 0, 0),
(2121, 'middle', 0, 0),
(2122, 'eastern', 0, 0),
(2123, 'asia', 0, 0),
(2124, '1680913948', 0, 0),
(2125, '1681025037', 0, 0),
(2126, '156', 0, 0),
(2127, 'sick', 0, 4),
(2128, 'e15287d605d2520707afe8c1d6c3a895', 0, 0),
(2129, 'x8u4j8tu', 0, 0),
(2130, 'n8jhvsu0un3iigsis80kmkb5yqlou1murh45quav0gpc0m0k2p', 0, 0),
(2131, 'chris12345678', 0, 0),
(2132, '1680914079', 0, 0),
(2133, '157', 0, 0),
(2134, 'demon', 0, 0),
(2135, '7cf013d75e827aaf5101f581742e307c', 0, 0),
(2136, '4lxcovk9', 0, 0),
(2137, 'x5tudzxznv08ujamxnkpbxjph11ogoh6gegnlkkamt3d8xwyj3', 0, 0),
(2138, 'sat445988', 0, 0),
(2139, '1680914120', 0, 0),
(2140, '1680975248', 0, 0),
(2141, '158', 0, 0),
(2142, 'c04408e19b6fcfe10d9f8de9019c537e', 0, 0),
(2143, '5qmkwkmb', 0, 0),
(2144, 'orenppqvxjnuclbhhdlyvmbjgul1nxfmyptjh6csquh3wxclby', 0, 0),
(2145, 'known', 0, 2),
(2146, '1680914430', 0, 0),
(2147, '1680914191', 0, 0),
(2148, '159', 0, 0),
(2149, 'horror', 0, 0),
(2150, 'a243bbdd741df94b6c8a147d56d9da8f', 0, 0),
(2151, '87nmsvsp', 0, 0),
(2152, 'ekwo1iuimb0eqjbehinavademihqpxknxct89mzxdckxg2ffe7', 0, 0),
(2153, 'chris123456789', 0, 0),
(2154, '1680914212', 0, 0),
(2155, '160', 0, 0),
(2156, 'whore', 0, 0),
(2157, 'f1a90b7fc566b4b45b0c41bd4a5e984d', 0, 0),
(2158, '3cyni6pf', 0, 0),
(2159, 'yxh4uvwjvd44rqw6lcd0cy0dexfr6oi2osqe8cmyxrhy7eccir', 0, 0),
(2160, 'chris1234567890', 0, 0),
(2161, '1680914279', 0, 0),
(2162, '161', 0, 0),
(2163, 'fedentity', 0, 0),
(2164, 'f938eb50f201f7fcacdf881ba1a18d4b', 0, 0),
(2165, '6cf8zamz', 0, 0),
(2166, 'huewpfwy5trdewqvog0ew7mlxacu2dk8ws0fhjgenypinxkre5', 0, 0),
(2167, '1680916275', 0, 0),
(2168, '1680914363', 0, 0),
(2169, '1680922438', 0, 0),
(2170, '162', 0, 0),
(2171, 'slut', 0, 0),
(2172, 'deac04440ce0e4bdc9f35e6130f35c94', 0, 0),
(2173, '4oh3liag', 0, 0),
(2174, 'mpxjm7pfo5j69se63pychjfp9fvt3nagoqajdz2gn2rpnoiphk', 0, 0),
(2175, 'chris1234567890a', 0, 0),
(2176, '1680914383', 0, 0),
(2177, '164', 0, 0),
(2178, 'jey', 0, 0),
(2179, 'be505e528c47238df78810bf5e830a2b', 0, 0),
(2180, 'mkdfgreq', 0, 0),
(2181, '0qezzsjjzyuztz4poxyj9onviypsnvmboj0um8bv8tbq5ye7xb', 0, 0),
(2182, 'simswap', 0, 0),
(2183, '1681183940', 0, 0),
(2184, '1680915358', 0, 0),
(2185, '1681865080', 0, 0),
(2186, 'php', 0, 1),
(2187, 'xtortion', 0, 0),
(2188, '165', 0, 0),
(2189, 'lure', 0, 0),
(2190, '89b6851717b12b82da5f29d2362d73cc', 0, 0),
(2191, 'lal88de0', 0, 0),
(2192, 'njeiowvwhra73gxvieha70r2nv3rceqrsiykd79equrkt0mhmn', 0, 0),
(2193, 'muiax1999', 0, 0),
(2194, '1680916111', 0, 0),
(2195, '1680915734', 0, 0),
(2196, '166', 0, 0),
(2197, 'yum', 0, 0),
(2198, 'e6263e6d8bb09bf7b2cc1d3a14326eaf', 0, 0),
(2199, '8dc2983l', 0, 0),
(2200, 'ztkjej0j5mo8dqv8nmnjkiyiasx4kj58bbh7rlaxdsweeojcsq', 0, 0),
(2201, 'sharklasers', 0, 0),
(2202, '1680916001', 0, 0),
(2203, '1680915921', 0, 0),
(2204, '167', 0, 0),
(2205, 'jsjsjsjsss', 0, 0),
(2206, 'a2aae546d64cfac37fe3217df322216b', 0, 0),
(2207, 'qks2t0zv', 0, 0),
(2208, 'msgsc9bcaosacb1o3vlhh9bv7d7jbgvgd26go2xp3vih2vtjqu', 0, 0),
(2209, 'connora09', 0, 0),
(2210, 'icloud', 0, 0),
(2211, '1680916232', 0, 0),
(2212, '039', 0, 0),
(2213, '168', 0, 0),
(2214, '7cac59b2f5ec73ed82e095df5374be9a', 0, 0),
(2215, 'sgapfbv8', 0, 0),
(2216, 'dgdphmdkszermq3ak7trjnnglgfgloueqozryhpzcpddhqk815', 0, 0),
(2217, '1680918630', 0, 0),
(2218, '1680916251', 0, 0),
(2219, '1680918619', 0, 0),
(2220, '169', 0, 0),
(2221, 'nuclear', 0, 1),
(2222, '9ae2ccd6094440e222b4f93d7aad02b0', 0, 0),
(2223, 'lishf4sf', 0, 0),
(2224, 'nwnrvdnfjlmv5fznsb1yzfrs8ouwhyo0outqdljehdpyzqe0d7', 0, 0),
(2225, 'courtzonesdaddy', 0, 0),
(2226, '1680916724', 0, 0),
(2227, '1680916592', 0, 0),
(2228, '1681080790', 0, 0),
(2229, '170', 0, 0),
(2230, 'decieving', 0, 0),
(2231, 'ff5c6e7731aa8b6b377da0dd26d60b51', 0, 0),
(2232, 'r32jjjid', 0, 0),
(2233, 'sti5xid6fwhbnmlllniunddsp6wjkpkv7uftfwv16gneiexp6t', 0, 0),
(2234, 'nikoladobrasinovic88', 0, 0),
(2235, '1680916902', 0, 0),
(2236, '171', 0, 0),
(2237, '5067998b43d374771f3a703c6acc5632', 0, 0),
(2238, 'qm9jdnzk', 0, 0),
(2239, 'ztu5ufymgvkbp3eyyawvrvs15tmyv0lh5a3fkg267h1sqrq6mv', 0, 0),
(2240, '1680918892', 0, 0),
(2241, '172', 0, 0),
(2242, 'admin', 0, 6),
(2243, '63e67df6ed271a6899ee3cf8db15e61e', 0, 0),
(2244, 'sarbfydi', 0, 0),
(2245, 'dm5flo6k7f6qacop4shxdul0zsmld9mecustyzsvucqshxlmop', 0, 0),
(2246, 'luvsec', 0, 0),
(2247, '1680919524', 0, 0),
(2248, '173', 0, 0),
(2249, 'omw', 0, 0),
(2250, 'b24b5b9f60c843faa48cf076a1504a6d', 0, 0),
(2251, 'n4ncyyj3', 0, 0),
(2252, 'kzddkaxs40wgf1ftzb3vp95b7xq4q8ufwkchecvsg2mo2sm3ks', 0, 0),
(2253, 'kayflocsa', 0, 0),
(2254, '1680920516', 0, 0),
(2255, '1680920052', 0, 0),
(2256, '1680921832', 0, 0),
(2257, '174', 0, 0),
(2258, 'dye', 0, 0),
(2259, 'f1882725ed5fc46dec44f36aa7a48aad', 0, 0),
(2260, 'pcusbahg', 0, 0),
(2261, 'hq6bdfabstgkcykur7px3rrcakdrccvjrckodc74gymb6ntxi2', 0, 0),
(2262, 'dye101gz', 0, 0),
(2263, '1680920647', 0, 0),
(2264, '175', 0, 2),
(2265, 'eye', 0, 0),
(2266, '9a2e8bf378b12391e41634ed8761a11a', 0, 0),
(2267, '20dn0ur0', 0, 0),
(2268, 'pjbinwcidfp0r6dqmolx5mb2huptxqgsd5btbyt1sinrcqlgcd', 0, 0),
(2269, '1680921878', 0, 0),
(2270, '1680921351', 0, 0),
(2271, '176', 0, 0),
(2272, 'ohhjay', 0, 0),
(2273, 'ab0ef193df5f634ebf9c5b97f6c41be2', 0, 0),
(2274, 'i14lqgyb', 0, 0),
(2275, 'jtciowscc7pqkegsl6l5jwe3sund4dwhcf473upbeijlofwydp', 0, 0),
(2276, 'apodemon34', 0, 0),
(2277, '1680921688', 0, 0),
(2278, '177', 0, 0),
(2279, 'vaiic', 0, 0),
(2280, 'd2f05884353005e7db228c8beccfaee3', 0, 0),
(2281, 'ivpobxfh', 0, 0),
(2282, 'ihfycanfkjqb289h789mfe3g6k2eitdblnambot6dfexibybky', 0, 0),
(2283, 'aasfdwsdwsf', 0, 0),
(2284, '1680921765', 0, 0),
(2285, '178', 0, 0),
(2286, 'hellsain', 0, 0),
(2287, 'd2412fb40724acd52de4f99b8bc6ee77', 0, 0),
(2288, '90g8800x', 0, 0),
(2289, 'zbguotibibifosdc22fyfw3txzirkpzwdlicrne7jnmxs283gs', 0, 0),
(2290, 'hellsainownsu', 0, 0),
(2291, '1680922360', 0, 0),
(2292, '1680921792', 0, 0),
(2293, '1681272580', 0, 0),
(2294, '179', 0, 0),
(2295, 'catdestroyer900', 0, 0),
(2296, 'dc278d42bbd47c3b18c006dbe0510e02', 0, 0),
(2297, 'br8dpgky', 0, 0),
(2298, 'zx8f9mbimdz3r1i19gete2ayeitx9vlaklucnffkukliojptzc', 0, 0),
(2299, '1680921843', 0, 0),
(2300, '1680921867', 0, 0),
(2301, '180', 0, 0),
(2302, 'desire', 0, 0),
(2303, '14d1c56ed23d2ef46b41eeab5eee0427', 0, 0),
(2304, 'ogprjp4p', 0, 0),
(2305, 'qladmie2lw91ystgn7uq0t9tbtnspvv63zasfyyjirhylt1eu9', 0, 0),
(2306, 'ashlynn1437', 0, 0),
(2307, '1680922022', 0, 0),
(2308, '181', 0, 0),
(2309, 'cya', 0, 0),
(2310, 'f1bd2beb24cb56e11410206a20f8a9dc', 0, 0),
(2311, 'vj9hezau', 0, 0),
(2312, 'wkg81sdttx4yirkjdpawgromwlfhnse0cz1vlqahp97hmhvchv', 0, 0),
(2313, 'sidiw38276', 0, 0),
(2314, 'dogemn', 0, 0),
(2315, '1680922346', 0, 0),
(2316, '1680922291', 0, 0),
(2317, '182', 0, 0),
(2318, 'idc', 0, 0),
(2319, '2f51bf8cf9aa729d25eba4208497fd89', 0, 0),
(2320, 'sjj1s2lr', 0, 0),
(2321, 'qn07ixylxlfhwwu2izcvc6ncqgggvw7sjihrw27w9macubmqzx', 0, 0),
(2322, 'uhjayden', 0, 0),
(2323, '1680922372', 0, 0),
(2324, '183', 0, 0),
(2325, 'heist', 0, 0),
(2326, 'ea92413e160a520b3dddbd808280f0ff', 0, 0),
(2327, 'onybj8zj', 0, 0),
(2328, 'qopqxtf8fmkss0giyu9yyg8vw05ommuuibkcdqlpi5rbtvd2u2', 0, 0),
(2329, 'xonoru', 0, 0),
(2330, 'finews', 0, 0),
(2331, 'biz', 0, 0),
(2332, '1680922494', 0, 0),
(2333, '1680922445', 0, 0),
(2334, '184', 0, 0),
(2335, 'bunny', 0, 0),
(2336, '84d470aef638a2363531f8098a966b05', 0, 0),
(2337, '0abd7zqg', 0, 0),
(2338, 'ntnny9dl8utyrdg1kpvp9hogpqcbwf16fm9eotfhcjz1gzwxoi', 0, 0),
(2339, '1680922558', 0, 0),
(2340, '1680922489', 0, 0),
(2341, '185', 0, 0),
(2342, 'jayden', 0, 0),
(2343, 'cd1b0450e7700503af96c299d8637611', 0, 0),
(2344, '3wxt3wah', 0, 0),
(2345, 'cmdeku712msq3k6ox6vvdgouuqcutvoepc6lmu9jhkkpvtn2ao', 0, 0),
(2346, 'jaydenuh', 0, 0),
(2347, '1680922499', 0, 0),
(2348, '197', 0, 0),
(2349, 'testaccount124', 0, 0),
(2350, '2ebb7419ed32c5919a6f73e2b1cb1c67', 0, 0),
(2351, 'idee6ae0', 0, 0),
(2352, 'ojag1lrvi6cgcqaedcgo8m6icth4qjznfnnecnbc7kstvoyf0j', 0, 0),
(2353, 'mjsvoeyfzwfyr', 0, 0),
(2354, 'bugfoo', 0, 0),
(2355, '1680923819', 0, 0),
(2356, '186', 0, 0),
(2357, 'key', 0, 0),
(2358, '1b3478359fe6d517cc21a3452391d5c3', 0, 0),
(2359, '0nlfur4s', 0, 0),
(2360, 'afwkyozhx3hozddcvfxz7lnjzdwsop6l5pkpjwmahik2hpix5k', 0, 0),
(2361, 'w8oah9tyym', 0, 0),
(2362, 'wuuvo', 0, 0),
(2363, '1680922603', 0, 0),
(2364, '1680922543', 0, 0),
(2365, '187', 0, 0),
(2366, 'arab', 0, 0),
(2367, 'e18363ad7b8000491924853c8bb84468', 0, 0),
(2368, 'aovizy9x', 0, 0),
(2369, 'juujv8qhhmutqy5dtcnehrxyrsctjo9frgoym1ut0bkjudmckm', 0, 0),
(2370, 'flickalise', 0, 0),
(2371, '1680922576', 0, 0),
(2372, '188', 0, 0),
(2373, 'black', 0, 2),
(2374, '7aa04527ad4e7fcd9e67bbaf539cfa88', 0, 0),
(2375, 'ovlqjlkc', 0, 0),
(2376, 'ujre21em9unuzhvarw6ya2vtehlevutnfbnlmf8q2teymlvhti', 0, 0),
(2377, 'hashemneva', 0, 0),
(2378, '1680922663', 0, 0),
(2379, '189', 0, 0),
(2380, 'kid', 0, 0),
(2381, '4ae324e99bbf3defed928613c97612bf', 0, 0),
(2382, 'pafm6gjh', 0, 0),
(2383, 'protoz53cuu0w0pr8peen5knu8hunkpsuhgdf37v9odfm3bwrs', 0, 0),
(2384, 'aidenqaoqq', 0, 0),
(2385, '1680922744', 0, 0),
(2386, '190', 0, 0),
(2387, 'jay', 0, 0),
(2388, '4b613021e92c10034c96e74e07e7aeec', 0, 0),
(2389, '5xemm19d', 0, 0),
(2390, '0pjadnswl6yuwjzv1i6bfvyymknuoztub0v3jkdz4j9xgkcbqh', 0, 0),
(2391, 'jaydenalised', 0, 0),
(2392, '1680922759', 0, 0),
(2393, '191', 0, 0),
(2394, 'rich', 0, 1),
(2395, '34b9158f91e403ebbc03dfcf4ffd397a', 0, 0),
(2396, 's6s50mln', 0, 0),
(2397, 'hlz5mhluljkwn1bi8gyndprju5z4g6lu9zokanzmhfuoivgykh', 0, 0),
(2398, 'a9swjg', 0, 0),
(2399, 'qiott', 0, 0),
(2400, '1680922818', 0, 0),
(2401, '1680922764', 0, 0),
(2402, '192', 0, 2),
(2403, 'omg', 0, 0),
(2404, '0aa6136bf30bd448a391173486f54f62', 0, 0),
(2405, 'bzdovhso', 0, 0),
(2406, 'rhz8qrs11rvjie5hrs7km6hbabnwlopmxn2klhhurnc8egumk8', 0, 0),
(2407, 'commonalised', 0, 0),
(2408, '1680923196', 0, 0),
(2409, '193', 0, 0),
(2410, 'priority', 0, 1),
(2411, 'ef8ab78ed5a0080a9dd492a650b7cb7e', 0, 0),
(2412, 'gk0q5qey', 0, 0),
(2413, 'rnurmuer8uoqrorekvpfhlsk5bndbdebsawr0rp5abeo8yjoux', 0, 0),
(2414, 'sinbuk94', 0, 0),
(2415, '1680923198', 0, 0),
(2416, '194', 0, 0),
(2417, 'merk', 0, 0),
(2418, 'ff20b6d25c7e431c9ce3466dc5a4bac3', 0, 0),
(2419, 'f46mxpzu', 0, 0),
(2420, '0pink8ihwhko0crcmclely3o4vqcmyddcjsot4ew68mayzp0df', 0, 0),
(2421, 'aiden181818', 0, 0),
(2422, '1680923392', 0, 0),
(2423, '195', 0, 0),
(2424, 'hawk', 0, 0),
(2425, 'fc70b59af72a6a12c8531d7579e5b2b0', 0, 0),
(2426, '88ybwowe', 0, 0),
(2427, 'g7crglxjdvghrvt0em4lqpmux0ibjjimy9dt9wgpquityfh8os', 0, 0),
(2428, 'carter', 0, 0),
(2429, '1680923400', 0, 0),
(2430, '196', 0, 0),
(2431, 'kit', 0, 0),
(2432, '9d300200f1f5ed02ec4e0e7c12c6c87a', 0, 0),
(2433, 'nbumq2dm', 0, 0),
(2434, 'y1hqsjg40zvmi81wpemhncbnvoevnusnbi6al4adapu216jutm', 0, 0),
(2435, '1680923689', 0, 0),
(2436, '1680923622', 0, 0),
(2437, '198', 0, 0),
(2438, '68c3cdd4b4bd5d52664786ba78c9bf0c', 0, 0),
(2439, 'vskhennq', 0, 0),
(2440, 'pjok0zyjjwowpawfzm9btviaagyhclgdao1rbzckw2jjkewpez', 0, 0),
(2441, 'aiden18181818', 0, 0),
(2442, '1680923946', 0, 0),
(2443, '199', 0, 0),
(2444, 'addict', 0, 0),
(2445, 'b826bc262289b20d10dcd5da4e484fdd', 0, 0),
(2446, 'tdkvomus', 0, 0),
(2447, 'xn5evwbqaunohn9fxz0jhhpqjvg6zah29hdkyxfcuqnwtohwfp', 0, 0),
(2448, '1680924068', 0, 0),
(2449, '1680923993', 0, 0),
(2450, '200', 0, 0),
(2451, 'b4ad666c0a70c0dfce95f5c43a762a26', 0, 0),
(2452, 'e3sumkm1', 0, 0),
(2453, '5sq0xdjleaie9digq8w5rcjaqlbxh4ttwizxsllw7pudgwqfk3', 0, 0),
(2454, '1680924136', 0, 0),
(2455, '1680924119', 0, 0),
(2456, '201', 0, 0),
(2457, 'vasilybribez', 0, 0),
(2458, '08426b67e8d10eac97a388a01562d7ff', 0, 0),
(2459, 'zbdsrrot', 0, 0),
(2460, 'k6b1d5sjflruuzqicincqqlhmy2d9ielctvydrykelhy4xfc1n', 0, 0),
(2461, 'abroo2618', 0, 0),
(2462, '1680924173', 0, 0),
(2463, '1680924556', 0, 0),
(2464, '383', 0, 0),
(2465, 'ten', 0, 0),
(2466, 'fbdc6146cf700e554c43f403d96940b9', 0, 0),
(2467, 'bxurwyzh', 0, 0),
(2468, 'om5osvgdo7m4ymbilc5ctbwvf5yvsylmngxkkc1hkhsrtkudsl', 0, 0),
(2469, '1680924243', 0, 0),
(2470, '1680924228', 0, 0),
(2471, '203', 0, 0),
(2472, 'misery', 0, 0),
(2473, 'ae99284d0b380f01ff56035c89f08e4b', 0, 0),
(2474, 'nyn5nsdy', 0, 0),
(2475, 'fwenywerw3auyq15xqdpyt7g0lqwkcrckpnhxi2befoarppcmq', 0, 0),
(2476, 'cisa', 0, 0),
(2477, 'tuta', 0, 0),
(2478, '1680924238', 0, 0),
(2479, '204', 0, 0),
(2480, 'her', 0, 4),
(2481, 'd84a01aa93141cb3f1c6d2267d9f7132', 0, 0),
(2482, '5svrqwbk', 0, 0),
(2483, 'b4pmeyrkgacm0d88xdjumkbtuiikzyy3es6vv259k6lgqssx4i', 0, 0),
(2484, '1680924485', 0, 0),
(2485, '1680924463', 0, 0),
(2486, '205', 0, 0),
(2487, 'ape', 0, 0),
(2488, '6f322802c6c5ce3fb04e8d4f78a7fe11', 0, 0),
(2489, 'lsnwplxp', 0, 0),
(2490, '0az0wkqusvdqxv4ej4elh4vhqxxikqlhmhryb74qcapfhwtun0', 0, 0),
(2491, '1680924671', 0, 0),
(2492, '206', 0, 0),
(2493, 'model', 0, 0),
(2494, '796b1fe24ae18e9a32b0897b38714921', 0, 0),
(2495, '8upsrtno', 0, 0),
(2496, 'xehrgm17sbxyxvdirviujreuodxaqre9zf1pnjfcwcmtcg5i1c', 0, 0),
(2497, '1680924733', 0, 0),
(2498, '1680924719', 0, 0),
(2499, '207', 0, 0),
(2500, '124e535b625546eb6c2931215d7d2228', 0, 0),
(2501, 'rcnpyg2e', 0, 0),
(2502, 'rzatjrh1xlpgyid3puoqmbpzbafvixoedsqd9tyfdmbncn4yry', 0, 0),
(2503, 'bnathanong', 0, 0),
(2504, '1680924766', 0, 0),
(2505, '208', 0, 0),
(2506, 'blast', 0, 0),
(2507, '4d57596d4dbbb0c8b7e11ec75cde103e', 0, 0),
(2508, 'zungyie8', 0, 0),
(2509, 'w3dvcglboha4gtebvam42uq8vh1khanr3hekeh0nfggwrlufhw', 0, 0),
(2510, '1680924935', 0, 0),
(2511, '1680924911', 0, 0),
(2512, '209', 0, 0),
(2513, 'john', 0, 2),
(2514, 'a82caeecf6e3b97f33e79fa25ff62665', 0, 0),
(2515, 'qmqprnd4', 0, 0),
(2516, 'gpkikt2ftzitsyjafhncg13lexmjdps1rs2bsyweganxzpyo6v', 0, 0),
(2517, 'quo', 0, 0),
(2518, '1680925005', 0, 0),
(2519, '1682312371', 0, 0),
(2520, 'aps', 0, 0),
(2521, 'e6e', 0, 0),
(2522, 'monkey', 0, 0),
(2523, '1c626c5d3fffae48cfd47fdf4e672368', 0, 0),
(2524, 'gotsqslc', 0, 0),
(2525, 'g1pmo5gyjiijzbyjpeu5dkhvw4ilvanhhfundt79djsi2epcet', 0, 0),
(2526, '1680925084', 0, 0),
(2527, '1680925057', 0, 0),
(2528, '211', 0, 0),
(2529, 'sun', 0, 0),
(2530, 'a6271d3bdac731c6872c647ecea843d4', 0, 0),
(2531, 'jixtqaug', 0, 0),
(2532, 'ko3t2pb2zqhn9cwqerghouyn3v0q01lgqgrd0hbg380xavm3xn', 0, 0),
(2533, '1680925250', 0, 0),
(2534, '1680925233', 0, 0),
(2535, '212', 0, 0),
(2536, 'cop', 0, 0),
(2537, '20a65204d45ccc32365b32e1bf9f5173', 0, 0),
(2538, '6pvjtjc9', 0, 0),
(2539, 'oymveyfrfp4ppn3srlihyclkm2fpx9oyv2dovahtbpvgzt3vi0', 0, 0),
(2540, '1680925311', 0, 0),
(2541, '1680925287', 0, 0),
(2542, '214', 0, 0),
(2543, 'forgot', 0, 0),
(2544, '3df75461f332c2fdf4e742d7011bece7', 0, 0),
(2545, 'd5rgi8vy', 0, 0),
(2546, 'qtcurt53iggczbmbkgngsm7dql61jchuxxduyfvfsxdkik4jwp', 0, 0),
(2547, '1680925617', 0, 0),
(2548, 'blood', 0, 2),
(2549, '8cc8b6a2e6d1c6c5bd40ce1385259d19', 0, 0),
(2550, '0mi22klj', 0, 0),
(2551, '56k7cbhumlwyte0gx3rhfkgk32yjlcicwwgmqnqabnqpl8cppf', 0, 0),
(2552, '1680925387', 0, 0),
(2553, '1680925371', 0, 0),
(2554, '215', 0, 0),
(2555, 'cool', 0, 4),
(2556, '0edc05e7bc2d271edd3d21af7494e627', 0, 0),
(2557, 'yqoxelzt', 0, 0),
(2558, '0scfpd0qhqjpbxy8ygcuvudbeuor9ugatea8yepucdve3jovcv', 0, 0),
(2559, '1680925660', 0, 0),
(2560, '216', 0, 0),
(2561, 'bad', 0, 4),
(2562, '72610d91ef8fde2f8d63d0263fa187e1', 0, 0),
(2563, 'yfsickq3', 0, 0),
(2564, 'se9vh8eo2fciqj3kkhitbnuut7bfp87lbyduswohuekxqpodxc', 0, 0),
(2565, '1680925733', 0, 0),
(2566, '1680925719', 0, 0),
(2567, '217', 0, 0),
(2568, 'daniel', 0, 0),
(2569, '81f78c08e800e6efbc066e2bd4826792', 0, 0),
(2570, 'bzchwmoi', 0, 0),
(2571, '79pf4lmvlqudtieauxtt4hwq535v0gdelywzfcuoeq98uqc1tu', 0, 0),
(2572, 'raperaperape1234', 0, 0),
(2573, '1680925742', 0, 0),
(2574, '218', 0, 0),
(2575, 'evil', 0, 0),
(2576, '57913b40d2c5f3ef312bdd5071a8f54a', 0, 0),
(2577, 'ia1wlzbb', 0, 0),
(2578, 'd4bnj2xyedggcvykphtq6l6qhyomd5ddk1ova5rmtbmlgc9gca', 0, 0),
(2579, '1680925849', 0, 0),
(2580, '1680925836', 0, 0),
(2581, '219', 0, 0),
(2582, 'retard', 0, 0),
(2583, '44b45fdc1214833d271a7d53db2b0cc2', 0, 0),
(2584, 'gf6xa6pu', 0, 0),
(2585, 'ds8cvo2fe6y7rymcwwtzjtf2qvsfjiyu8h668nfpgnjjlvbwkl', 0, 0),
(2586, 'grr', 0, 0),
(2587, '1680925956', 0, 0),
(2588, '220', 0, 0),
(2589, 'war', 0, 1),
(2590, '7a9c81cf98c68f83fd0c9e24daaff05f', 0, 0),
(2591, 'c8s0mxwu', 0, 0),
(2592, 'wmeedtuuuku8j6m4vgo2zfgw1vjw5m4mqxsxfbkjhurooxnnp5', 0, 0),
(2593, 'consourn', 0, 0),
(2594, '1680926047', 0, 0),
(2595, '221', 0, 0),
(2596, 'poor', 0, 0),
(2597, '2f2d518469f57750f25e2b5245cfc6ee', 0, 0),
(2598, 'hzg9zxni', 0, 0),
(2599, 'ujcfm9bdxutaqeejyfwllc6uppfernbd5lyb81dh8mrzlg3atr', 0, 0),
(2600, '1680926065', 0, 0),
(2601, 'mfd', 0, 0),
(2602, '222', 0, 0),
(2603, 'loli', 0, 0),
(2604, '2690c8b1e0ffdf6fde94daa97524769e', 0, 0),
(2605, 'aqml7w7t', 0, 0),
(2606, 'frwzcbzxjg9ce3hzpdh7svn8xex3sf2tqusrprxicwuc4drvoy', 0, 0),
(2607, '1680926147', 0, 0),
(2608, '223', 0, 0),
(2609, 'miracle', 0, 0),
(2610, 'ab835cae63d16e859738fdba072f75d4', 0, 0),
(2611, 'ww5oafdt', 0, 0),
(2612, 'pleaq4ugjobsbtdtthawpmbmsxks7w58klz8pwxkbsujm8rpiq', 0, 0),
(2613, '1680926203', 0, 0),
(2614, 'mfdc', 0, 0),
(2615, '224', 0, 0),
(2616, 'pop', 0, 0),
(2617, 'b6b2e2d751d4c7cd1bfe5fddf05934a1', 0, 0),
(2618, 'eutuw4gc', 0, 0),
(2619, 'wlb4quxw6uapatklvjdko9c51tcaea08c8gqfvacvl9iffh4ax', 0, 0),
(2620, '1680926228', 0, 0),
(2621, '1680926207', 0, 0),
(2622, '225', 0, 0),
(2623, 'cia', 0, 0),
(2624, '17beada46bac504e123802a9f8a4f37d', 0, 0),
(2625, 'vrs4fbju', 0, 0),
(2626, 'q41zhssbl9xn7ozi5hgcqrejowvinwwanyhx2nbzrnaz1sflc5', 0, 0),
(2627, 'ali7162', 0, 0),
(2628, '1680973419', 0, 0),
(2629, '1680926216', 0, 0),
(2630, '1683980022', 0, 0),
(2631, 'asmo', 0, 0),
(2632, '1996', 0, 0),
(2633, '226', 0, 0),
(2634, 'kawaiihackergirl', 0, 0),
(2635, '1b6784e02a8ee0ddf7d1ff303283b4d5', 0, 0),
(2636, 'pvwghokm', 0, 0),
(2637, 'qhdpmwpmw9mcuefmgzwngm3u7nlq9coyyy1yfpereqhvdjqzkx', 0, 0),
(2638, 'lulsect', 0, 0),
(2639, '1680926352', 0, 0),
(2640, '1680926244', 0, 0),
(2641, '1681729414', 0, 0),
(2642, 'dude', 0, 0),
(2643, '198567207bb7ee5e1aba9ade46c85ae0', 0, 0),
(2644, 'ckfdpx4r', 0, 0),
(2645, 'xchg6jeam4sana5fnexrsifu3r414ipzlma9zd6hvetmumhqmb', 0, 0),
(2646, '1680926260', 0, 0),
(2647, '228', 0, 0),
(2648, 'c5cd63940f6244de43c9523ed30b04ea', 0, 0),
(2649, 'bybsqmwl', 0, 0),
(2650, 'vy3rn2ctqrgdxzi8wo5l1jvo7prwcipacznrrtbnuj3xlye8vh', 0, 0),
(2651, '1680926305', 0, 0),
(2652, '229', 0, 0),
(2653, 'smash', 0, 0),
(2654, 'ba833510c2393ad8be44a695c05e378b', 0, 0),
(2655, 'p7erhsju', 0, 0),
(2656, 'rvscik9nfxmkenv21piqf10zo1qhrehsqw1kub0vp1tchiesox', 0, 0),
(2657, '1680926379', 0, 0),
(2658, '230', 0, 0),
(2659, 'danger', 0, 2),
(2660, 'f32b84ca0cdf01ab356c368439897537', 0, 0),
(2661, 'qoa5o7kt', 0, 0),
(2662, 'wcafwypph2wbztn7cen5s5rawvwhomfllzsppe3zbgrtr21l8a', 0, 0),
(2663, '1680926547', 0, 0),
(2664, '231', 0, 0),
(2665, 'goth', 0, 0),
(2666, 'f193d813f7eb0b4a9cf8073e5409c364', 0, 0),
(2667, '9rcqdxgd', 0, 0),
(2668, 'qluwevvaorz2pm0okgs49gflovcpp9sjzqtjqe8b7b4tfqjfnv', 0, 0),
(2669, '1680926591', 0, 0),
(2670, '232', 0, 0),
(2671, 'doggy69', 0, 0),
(2672, '1ea05febea6f6cc8ccaa98d54d84332b', 0, 0),
(2673, 'rgzwvkq7', 0, 0),
(2674, 'uvlkia8tvlpnov4mufpu9oedsfrq5y8zvk5altteiy8burskmz', 0, 0),
(2675, 'dowoma3627', 0, 0),
(2676, '1680926622', 0, 0),
(2677, '233', 0, 0),
(2678, 'gone', 0, 0),
(2679, 'bc613a52a9de503805eb049c166e385a', 0, 0),
(2680, 'viambynt', 0, 0),
(2681, 'dyukqdptrelto8xsiy0hlzf7ieq1oydork69f12aavzsys4jvc', 0, 0),
(2682, '1680926648', 0, 0),
(2683, '234', 0, 0),
(2684, 'burial', 0, 0),
(2685, 'bd0e0b209554a6d58ee33749f0794505', 0, 0),
(2686, 'msgnkrgs', 0, 0),
(2687, 'enpove8xshqbpkxvg7qamyidny1klisgccnhehdqdxx5xf5ouj', 0, 0),
(2688, 'yy9491796', 0, 0),
(2689, '1680927128', 0, 0),
(2690, '1680926680', 0, 0),
(2691, '1681103434', 0, 0),
(2692, '1680928058', 0, 0),
(2693, '1680927862', 0, 0),
(2694, 'tear', 0, 0),
(2695, '235', 0, 0),
(2696, 'devil', 0, 0),
(2697, '007181e3fc0fe2e1bf2c379ffb9252bc', 0, 0),
(2698, 'sgaozuia', 0, 0),
(2699, 'ugag381nuuykrtjrg0pai1cslailorw9krlf8anjvs3wf6nylm', 0, 0),
(2700, 'armyyt100', 0, 0),
(2701, '1681441666', 0, 0),
(2702, '1680926718', 0, 0),
(2703, '1680971860', 0, 0),
(2704, 'downintokyo', 0, 0),
(2705, 'cua', 0, 0),
(2706, '237', 0, 0),
(2707, 'porn', 0, 4),
(2708, '8bb39ea1cacbc28eeae49da01687b8bd', 0, 0),
(2709, '5hcrm1fn', 0, 0);
INSERT INTO `phpbbtc_search_wordlist` VALUES
(2710, 'leadam1yydrbug4jarqpgwf1tey4wqzkbhadlrfperbtfc4dwj', 0, 0),
(2711, 'vvsacts', 0, 0),
(2712, '1680926997', 0, 0),
(2713, '1680926796', 0, 0),
(2714, '1680929500', 0, 0),
(2715, '236', 0, 0),
(2716, 'good', 0, 3),
(2717, '8b134e0d87f2bd05867af437715082ae', 0, 0),
(2718, 'qbbyybny', 0, 0),
(2719, 'sk9mvxlgfbqzc6v5swokz4d04wrrunrgmkyu6kbgpsu2wugebx', 0, 0),
(2720, '1680926737', 0, 0),
(2721, '238', 0, 0),
(2722, 'goon', 0, 0),
(2723, 'e5df0d1786f994dc0d1092d6b82604ed', 0, 0),
(2724, '1zh8x2g4', 0, 0),
(2725, '6qic6c6y0ws5d4onqbc0meupdyosmgrun0br7w3d6lqpzmnutv', 0, 0),
(2726, '1680926972', 0, 0),
(2727, '239', 0, 0),
(2728, 'd25452a5ad4a47f2c6d70562a1365173', 0, 0),
(2729, 'vjxuwcba', 0, 0),
(2730, 'knaqqwqm7u88o4u1twg8vwsudcajdrje6omvhof6ae3nh4w7nr', 0, 0),
(2731, '1680927213', 0, 0),
(2732, '240', 0, 0),
(2733, 'moon', 0, 0),
(2734, '36955eab6b9ce1d17bae8dab2f2b6572', 0, 0),
(2735, 'frvfziet', 0, 0),
(2736, 'rjnqiadmmoj15gpqujadwshubbjdlkbhvfvmvigrylp4ijfpay', 0, 0),
(2737, '1680927274', 0, 0),
(2738, '241', 0, 0),
(2739, '767d9c747370021eae7ecd467c6444ab', 0, 0),
(2740, 'u90kykek', 0, 0),
(2741, 'rcc3vbwpjboxufq6y65hrh91fd60ebb8v9nahtmpyhsonxqg93', 0, 0),
(2742, '1680927322', 0, 0),
(2743, 'veedo', 0, 0),
(2744, '32be852601e1a24d6847d5edaaecc12b', 0, 0),
(2745, 'kfzukrap', 0, 0),
(2746, 'qmxo6lgs9x3wizzp8vgncahbxbjei61bxoye5mgmqzoqseb3fm', 0, 0),
(2747, 'monarchlol', 0, 0),
(2748, '1680927346', 0, 0),
(2749, '1681152234', 0, 0),
(2750, '1681508449', 0, 0),
(2751, '243', 0, 0),
(2752, 'lsd', 0, 0),
(2753, '432ea51bfed319410dbdbe129e4041c9', 0, 0),
(2754, 'sp4zswby', 0, 0),
(2755, '5hey4llmlshkltxdnyr3td9dvdjxzggptlf7gzns0qfmswo91n', 0, 0),
(2756, '1680927434', 0, 0),
(2757, '244', 0, 0),
(2758, 'molly', 0, 0),
(2759, '290fc1e60b6d5cbcbb49f8f04a351a15', 0, 0),
(2760, 'unqrcij0', 0, 0),
(2761, 'tlatleqcg4qlrahnvguaau72s9tl2hhthvoiqtaw79auubbhnb', 0, 0),
(2762, '1680927480', 0, 0),
(2763, '245', 0, 0),
(2764, 'mdma', 0, 0),
(2765, 'f87310062b008a39b4d3069dc4783bf9', 0, 0),
(2766, 'kce1lscv', 0, 0),
(2767, 'bvn8hqaqy6ciip5meg6thxx29b20dh83edhb2cevoincrs5zy3', 0, 0),
(2768, '1680927557', 0, 0),
(2769, '246', 0, 0),
(2770, 'xan', 0, 0),
(2771, '8031b300124c385982818330c654b751', 0, 0),
(2772, 'eqfyyry8', 0, 0),
(2773, '1uxarm6taemliqjknv2fxlhdk66b0zpql0nffsmcgwezilnxqy', 0, 0),
(2774, '1680927639', 0, 0),
(2775, 'trauma', 0, 0),
(2776, 'da8c80826d0ba0461b5275130aba13b0', 0, 0),
(2777, 'hgus2p8a', 0, 0),
(2778, '75dpr6hc5zzunlevlb0dsekcgdazpjalfatc44drm4vywcbfrb', 0, 0),
(2779, '1680927734', 0, 0),
(2780, '248', 0, 0),
(2781, 'perc', 0, 0),
(2782, 'c669f303566b49f9ce16ab7085b2cf1a', 0, 0),
(2783, 't7cq6x0t', 0, 0),
(2784, 'y6zz4re354hgxlrftdu5wezv1srzqa8k9mh0zhylwtp1rlmbrp', 0, 0),
(2785, '1680928029', 0, 0),
(2786, '249', 0, 0),
(2787, 'lit', 0, 0),
(2788, 'e41b2ca1fe76de05edd98c70026913ae', 0, 0),
(2789, 'lcbnqx43', 0, 0),
(2790, 'p6oeyg0zhvm3ahxmi1z7slqz45wanlb31llf20uhypwmysegam', 0, 0),
(2791, '1680928121', 0, 0),
(2792, '253', 0, 0),
(2793, 'xanny', 0, 0),
(2794, '3873ede370b25e6d878815b6761af437', 0, 0),
(2795, '5eg9vjdy', 0, 0),
(2796, 'j79uqndegngpe0dfnruuzbfhztk3jtxpjazilucedjprvz6mko', 0, 0),
(2797, '1680928507', 0, 0),
(2798, '250', 0, 2),
(2799, 'suicide', 0, 0),
(2800, 'fd943fb194fc26405370f319fd44b57a', 0, 0),
(2801, 'qsljtx1f', 0, 0),
(2802, '9ez1hgalibbrv1phgn9izo0us6atxgygc8ulc6mwynnbbfsyju', 0, 0),
(2803, '1680928194', 0, 0),
(2804, '251', 0, 0),
(2805, 'drop', 0, 0),
(2806, '2e2eb785ff80fef63fe1578a047b107c', 0, 0),
(2807, 'xxrirpkf', 0, 0),
(2808, 'ww4qieex6jttzscmqfhq6ggpb9ac7kqpvgrbtu7u6e5heokkgy', 0, 0),
(2809, '1680928251', 0, 0),
(2810, '252', 0, 0),
(2811, 'bee', 0, 0),
(2812, '5c4948738be2b171f6f1d71621884227', 0, 0),
(2813, 'piusk4wb', 0, 0),
(2814, 'icc21oklwy7cixdhl5ewoz2rdwdxlcxdlinwu1tvqzepkcrjlp', 0, 0),
(2815, '1680928412', 0, 0),
(2816, '254', 0, 0),
(2817, 'ethical', 0, 0),
(2818, '7831d71ed4e111074738f6b5f672c61d', 0, 0),
(2819, 'arpa3okm', 0, 0),
(2820, 'r2fivdonvnhdbx52qro5bsnfapwqcncyzyvzsqhabowzc8q9eq', 0, 0),
(2821, 'fanzen', 0, 0),
(2822, '1680929605', 0, 0),
(2823, '1680929533', 0, 0),
(2824, '1681126309', 0, 0),
(2825, '255', 0, 0),
(2826, 'eth', 0, 1),
(2827, '1bf88ff04124131eafd369153f449234', 0, 0),
(2828, '3tgaoqi3', 0, 0),
(2829, 'phuqstwsuamwv6nvrzfzd92qhkarolns24bee5e61qlroomb0e', 0, 0),
(2830, 'riseup', 0, 0),
(2831, '1680929848', 0, 0),
(2832, '1680929803', 0, 0),
(2833, '260', 0, 0),
(2834, 'cypto', 0, 0),
(2835, '8f0c4536e124fa237623026dbea356a7', 0, 0),
(2836, 'jkyoeh1q', 0, 0),
(2837, 'ctvnmeooaamlru5wcjfxck7jcaay5pnjogccktet5ft8k36obl', 0, 0),
(2838, '1680931136', 0, 0),
(2839, '256', 0, 0),
(2840, 'courtisanigger', 0, 0),
(2841, 'c8d65c9ecd18bdc5f05eb1181f009a6b', 0, 0),
(2842, 'tohuas7x', 0, 0),
(2843, 'at8dfdkko73kafbea1igtvapqhtsdhrhcru7jehuwq5zeyqrh8', 0, 0),
(2844, 'court', 0, 3),
(2845, 'sucks', 0, 0),
(2846, '1680930679', 0, 0),
(2847, '257', 0, 0),
(2848, 'bitcoin', 0, 2),
(2849, '2e49b5007650efba4021d6fe00b5a3de', 0, 0),
(2850, 'vv0fpcq4', 0, 0),
(2851, 'yautxb8lhl6nqvaizkfz8lkciueycosohzxzx7tberjyamv2nl', 0, 0),
(2852, '1680930765', 0, 0),
(2853, '258', 0, 0),
(2854, 'nigger', 0, 0),
(2855, '0f9abc2519be6a709269558afd5ef8d0', 0, 0),
(2856, 'h7pxnk2n', 0, 0),
(2857, 'onqlikqohs3qfl3in6xoqkqk4ezyiif7gw5b2dt7ip5ivsafmg', 0, 0),
(2858, 'elonmusk', 0, 0),
(2859, '1680930869', 0, 0),
(2860, '259', 0, 0),
(2861, 'rapist', 0, 0),
(2862, 'dfe736b2afaaf0cf26dc6c45296501ae', 0, 0),
(2863, 'vh7jdlr6', 0, 0),
(2864, 'd0j57b5np4ulhbubwc1yjewilkbpqjdjzmvfxssffujmf0dpr5', 0, 0),
(2865, 'elon', 0, 0),
(2866, '1680930972', 0, 0),
(2867, '261', 0, 0),
(2868, 'crypto', 0, 2),
(2869, 'e637f080ed70fba13fe536601fe16190', 0, 0),
(2870, 'cjupvc8r', 0, 0),
(2871, 'x6noatupb2bmak76wvwz4fmy44sqxmhpuhrrecpgi3mumdfv1c', 0, 0),
(2872, '1680931268', 0, 0),
(2873, 'dev', 0, 0),
(2874, 'man', 0, 0),
(2875, 'boy', 0, 2),
(2876, 'gonna', 0, 2),
(2877, 'put', 0, 1),
(2878, 'easter', 0, 0),
(2879, 'search', 0, 0),
(2880, 'acc', 0, 0),
(2881, '262', 0, 0),
(2882, 'smoke', 0, 0),
(2883, 'f9e856fd196f80815fad5dd83d4de163', 0, 0),
(2884, 'qj2bn9hf', 0, 0),
(2885, '5y3pqa6eddsnq9lrv3rewbbqbvjunoc2fpcbza6sae3enjslxf', 0, 0),
(2886, 'niggadisatec9', 0, 0),
(2887, '1680931370', 0, 0),
(2888, '263', 0, 0),
(2889, 'zeus', 0, 0),
(2890, '385dd9ca42f8ec8f8309e43cbc5dd519', 0, 0),
(2891, '2wn7wugm', 0, 0),
(2892, 'sltwkgwopxojpayahwvatzmlgytpuyntwm4adhhywyojxhfyvm', 0, 0),
(2893, 'nigga', 0, 0),
(2894, '1680931547', 0, 0),
(2895, '264', 0, 0),
(2896, 'iluvcsint', 0, 0),
(2897, '4426276131434c6306b30e47e745fbc4', 0, 0),
(2898, 'dy5adyzc', 0, 0),
(2899, 'swmpte5qee01lcpirenvemt46ur2ng9geflxa2guevd7hmhmmg', 0, 0),
(2900, 'ayrilegend999', 0, 0),
(2901, '1681013052', 0, 0),
(2902, '1680931624', 0, 0),
(2903, '265', 0, 0),
(2904, 'xxx', 0, 0),
(2905, '49d692e59ec95280ba5975074e03c171', 0, 0),
(2906, 'lw70l6ea', 0, 0),
(2907, '2evw3doucsbmkcibd4aedpqhxjsdx4zat2dkcyigdgonmigtpt', 0, 0),
(2908, 'irunegirls', 0, 0),
(2909, '1680931810', 0, 0),
(2910, '266', 0, 0),
(2911, 'nazi', 0, 0),
(2912, '23f32ff9f49bbc8cd29b9bc1c4c0d7e1', 0, 0),
(2913, 'q1yqoro9', 0, 0),
(2914, 'v0qt71lilbwh75x2tlzaylgo09gaufa0nykeybxqvadcaurh9q', 0, 0),
(2915, 'presseracc', 0, 0),
(2916, '1680932129', 0, 0),
(2917, '267', 0, 0),
(2918, '5dfb7f9c99839e3f49aaa1dfc486855d', 0, 0),
(2919, 'ioj3qek0', 0, 0),
(2920, 'oz4dew23qyyjixijr00hlmg3jvvz9vvaeqfgppo9lnpso0upye', 0, 0),
(2921, 'childporn', 0, 0),
(2922, '1680933037', 0, 0),
(2923, '1680932449', 0, 0),
(2924, '268', 0, 0),
(2925, 'cf338058a5197e849efeb1a749d8d694', 0, 0),
(2926, 'r5ixayxa', 0, 0),
(2927, '0dpvv94sz8ry2qahuyuw0wwf4voyb6tq3zogtzq95vnn3e4hds', 0, 0),
(2928, 'twohandsonthespin1', 0, 0),
(2929, '1680933585', 0, 0),
(2930, '1680932976', 0, 0),
(2931, '1680933499', 0, 0),
(2932, '269', 0, 0),
(2933, 'looool', 0, 0),
(2934, 'ca1ad1c3eb79bf03847b8fd5da37d92c', 0, 0),
(2935, 'zb9bswed', 0, 0),
(2936, 'busgoiaihpthrzy76et9vqcogs3dtx2ptg5fpomwefrs1g4en0', 0, 0),
(2937, 'olifksifa', 0, 0),
(2938, '1680933127', 0, 0),
(2939, '270', 0, 0),
(2940, 'yukoo', 0, 0),
(2941, '74087012baaf19a6ddd1dff103d44d3c', 0, 0),
(2942, 'qtx7egit', 0, 0),
(2943, 'rprw4mtystv9xcncfwva3phrjs8z5gceqzgi4itx8u2qkpwxvl', 0, 0),
(2944, 'srakinator', 0, 0),
(2945, '1680933440', 0, 0),
(2946, '271', 0, 0),
(2947, 'potions', 0, 0),
(2948, 'f4ac481acc0bcc13b630792e65e58036', 0, 0),
(2949, 'skfwazu8', 0, 0),
(2950, 'xonvkpdyjul9o9ku0wx00kl99gt2z1zn84omxi9gnaktdkla9u', 0, 0),
(2951, 'jakestevens', 0, 0),
(2952, '1680933557', 0, 0),
(2953, '1680933492', 0, 0),
(2954, 'illlililililll', 0, 0),
(2955, '272', 0, 0),
(2956, 'dead', 0, 3),
(2957, '1f9bb08ee731dfc096fd00de5ec73d65', 0, 0),
(2958, 'fyyxqylo', 0, 0),
(2959, 'zspmmhhyodwmrx3et1upk3no2b1bw9mejh8gg2yk8xl3sfkwar', 0, 0),
(2960, 'terrorist', 0, 3),
(2961, '1680934652', 0, 0),
(2962, '1680934560', 0, 0),
(2963, '273', 0, 0),
(2964, 'anxious', 0, 0),
(2965, '3f67d9a9e018c00653aca2950fdddca0', 0, 0),
(2966, 'kdclgky6', 0, 0),
(2967, 'aa0qka34wp9aeogtganjr2sjpgyzwicoh2leoaigcr4pjgadtp', 0, 0),
(2968, 'selfharm', 0, 0),
(2969, '1680936663', 0, 0),
(2970, '1680934917', 0, 0),
(2971, '274', 0, 0),
(2972, 'sizzor', 0, 0),
(2973, '14a592ce93640c5636086f45bc5da834', 0, 0),
(2974, 'bwzdy7jz', 0, 0),
(2975, 'vs28o8x1vgyxvwzodp7zwctr2l6ljkfdyxai0kmxuk230tl7zk', 0, 0),
(2976, 'jakerod8915', 0, 0),
(2977, '1680936142', 0, 0),
(2978, '275', 0, 0),
(2979, 'tragic', 0, 0),
(2980, '850adeb6edad4df13131876d8938d665', 0, 0),
(2981, 'ritxw9uf', 0, 0),
(2982, 'ebt4caro82llmibzv8ab2cxhhkhml9rudqcti9p4cgfrlwmoau', 0, 0),
(2983, 'bobomaslev', 0, 0),
(2984, '1680936588', 0, 0),
(2985, '276', 0, 0),
(2986, '9f0b3ead4dc1ea55bf00b0b86c17be61', 0, 0),
(2987, '7s4ulpe2', 0, 0),
(2988, 'x81hghuovhgcatqs7zbauedeigjrbeqdocfjcl2siighkgjesc', 0, 0),
(2989, 'ohio1', 0, 0),
(2990, '1680936735', 0, 0),
(2991, '1680936722', 0, 0),
(2992, '277', 0, 0),
(2993, 'wrld', 0, 0),
(2994, '5fe3bdda21c15a68c6f71828c04a94d6', 0, 0),
(2995, '8sr4qqr9', 0, 0),
(2996, '8kryu23ym5xlnwtc8ohryanwhzgszlaij0pbqwt87j01afihtb', 0, 0),
(2997, 'ohio2', 0, 0),
(2998, '1680936805', 0, 0),
(2999, '1680936783', 0, 0),
(3000, '278', 0, 0),
(3001, 'pooron', 0, 0),
(3002, '3f60bdeff95cb4b42325c1395655f932', 0, 0),
(3003, '5qjxwjcl', 0, 0),
(3004, 'tr3w4lokg2c2gpr2em9q2finx3dfuy9dr54m2muvwloqmbhpj2', 0, 0),
(3005, 'ohio3', 0, 0),
(3006, '1680936898', 0, 0),
(3007, '1680936885', 0, 0),
(3008, '279', 0, 0),
(3009, 'axx', 0, 0),
(3010, '6f38e604a64362b7625bbaf42ee7c4b8', 0, 0),
(3011, 'bgzuqidl', 0, 0),
(3012, 'x58sg5a9tletdplslkefr1oyiftmgvmmvmt3w2htjkwtcadbf8', 0, 0),
(3013, 'ethansanchezno2', 0, 0),
(3014, '1680936909', 0, 0),
(3015, '1680993800', 0, 0),
(3016, '280', 0, 0),
(3017, 'poland', 0, 0),
(3018, '0b522c3d454e6b8e527590aa25783596', 0, 0),
(3019, 'c7sfg7so', 0, 0),
(3020, '0dzzdchqahgevcsk8q0l2foo488wbjtjrkbnnowo6lixwwst1f', 0, 0),
(3021, 'ohio4', 0, 0),
(3022, '1680936975', 0, 0),
(3023, '1680936963', 0, 0),
(3024, '281', 0, 0),
(3025, 'jew', 0, 0),
(3026, 'b38346ec48126eaa9aa5e83be506261d', 0, 0),
(3027, 'wh9rv3hn', 0, 0),
(3028, 'e35too6rwvytvt4ghtfni0hselqx78zm1kw5zoomiotao6j5au', 0, 0),
(3029, 'ohio5', 0, 0),
(3030, '1680937151', 0, 0),
(3031, '1680937081', 0, 0),
(3032, '282', 0, 0),
(3033, 'zay', 0, 0),
(3034, 'fcc7323e87f88c7969c89057b88c327f', 0, 0),
(3035, 'cukhkspv', 0, 0),
(3036, '2a6wrsdunjyhs5ohf0rmemcui4lrycfuwbju52nencgtvdlgbw', 0, 0),
(3037, 'ohio6', 0, 0),
(3038, '1680937232', 0, 0),
(3039, '1680937208', 0, 0),
(3040, '283', 0, 0),
(3041, 'driz', 0, 0),
(3042, 'f4251be270f601c849997a982124b9bd', 0, 0),
(3043, 'hmt4km1o', 0, 0),
(3044, '0crfnizaar9gbde3xsx4myabeg3dtii1jxsoqr2dbhun7w8ie2', 0, 0),
(3045, 'scriptedengineer', 0, 0),
(3046, '1680938520', 0, 0),
(3047, '284', 0, 0),
(3048, 'swatted', 0, 0),
(3049, '1b7cd996b6c6de4fe8749fb13b73696c', 0, 0),
(3050, 'iwansfig', 0, 0),
(3051, 'uikrnztamvsvl2qnpvlmggespcvxtcsuwpev5ukoskp9ykpdip', 0, 0),
(3052, 'lvtswattedburn', 0, 0),
(3053, '1680938590', 0, 0),
(3054, '1680950832', 0, 0),
(3055, '285', 0, 0),
(3056, 'tie', 0, 0),
(3057, 'b514c1197db73475c346188ee15ff554', 0, 0),
(3058, 'iqjg7jyg', 0, 0),
(3059, 'hili3hiogfzvsvm48qnp2ithulzcgg26ahsotdb91mwy8bvwu8', 0, 0),
(3060, 'deliverert', 0, 0),
(3061, '1680938700', 0, 0),
(3062, '286', 0, 0),
(3063, 'huh', 0, 0),
(3064, 'f92759dcb2bc37fbf272abc3b3ace3be', 0, 0),
(3065, 'hda5caax', 0, 0),
(3066, 'as0un2pidr2w2v9av2ueelnjm0t698ydsvzgwvupdxtdq43qpm', 0, 0),
(3067, 'lackingisnotme', 0, 0),
(3068, '1680938793', 0, 0),
(3069, '287', 0, 0),
(3070, 'easy', 0, 0),
(3071, '591e0d1173521061ee98951ec61c7cee', 0, 0),
(3072, 'szk6c1ds', 0, 0),
(3073, 'cw7gi0c0spawpe4yw7thuobowbx4pm5m2nxgsbpebdmuhefh5q', 0, 0),
(3074, 'drizzla12', 0, 0),
(3075, '1680939146', 0, 0),
(3076, '288', 0, 0),
(3077, '7112837ad3bb071e8a88cc1dde8e7ab3', 0, 0),
(3078, 'qye0uyzr', 0, 0),
(3079, 'dsjsny47xxuasj5cpmotzplj4dg1n0eogtg8chil96uawyjwxf', 0, 0),
(3080, 'driz2003', 0, 0),
(3081, '1680939450', 0, 0),
(3082, '289', 0, 0),
(3083, 'lie', 0, 0),
(3084, 'f03e9d53d233a6b8b345c53280194ae0', 0, 0),
(3085, 'bmktkcpu', 0, 0),
(3086, 'hxaui5f9hiksqouidhf13jypbu4wdxzdcdrm4evirlbz6wzwgb', 0, 0),
(3087, 'ohio7', 0, 0),
(3088, '1680941525', 0, 0),
(3089, '1680941508', 0, 0),
(3090, '290', 0, 0),
(3091, '9ebb02e6c21daf75aca52a2b889fb442', 0, 0),
(3092, 'ap7t6xnz', 0, 0),
(3093, 'nxuwwcjmce4yp1uto2c4xjjbgjl8am6nw2yfeuuks0ggitezkx', 0, 0),
(3094, 'ohio8', 0, 0),
(3095, '1680941707', 0, 0),
(3096, '1680941672', 0, 0),
(3097, '291', 0, 0),
(3098, 'c095b7ffcfa38521113f49bed7d437d4', 0, 0),
(3099, 'smcfvmz6', 0, 0),
(3100, 'txr2kappwblfea8sysjrctvvkspgsejstwi9pjnbasriwelgn5', 0, 0),
(3101, 'ohio9', 0, 0),
(3102, '1680941822', 0, 0),
(3103, '292', 0, 0),
(3104, 'meow', 0, 0),
(3105, '6dba93c3a78d3ee99240066769ac2f22', 0, 0),
(3106, 'eudbofhv', 0, 0),
(3107, 'k4ahxugerv8g8hbdzzus6xpjh8wlo3n7aaonlrmuiqlgmvjln9', 0, 0),
(3108, 'ohio10', 0, 0),
(3109, '1680941926', 0, 0),
(3110, '1680941905', 0, 0),
(3111, '293', 0, 0),
(3112, 'reapermurkedyou', 0, 0),
(3113, 'd9758ab8c99da04d856bfb6a4d315fcc', 0, 0),
(3114, 'lsxqbtpk', 0, 0),
(3115, 'h1nmev5kageb3wkpy40j9ndczo6yuzp2nznhstslav5fzygzxo', 0, 0),
(3116, 'reaperclippedyou', 0, 0),
(3117, '1680941972', 0, 0),
(3118, '294', 0, 0),
(3119, 'fedded', 0, 0),
(3120, 'bbfbed8b6423795fbf3604ebb8b93d12', 0, 0),
(3121, 'e8pqgt7f', 0, 0),
(3122, 'kasfsub29hz0jopijqfxpekobn8glp6ddkm35crqfy1fra9wob', 0, 0),
(3123, 'ohio11', 0, 0),
(3124, '1680941977', 0, 0),
(3125, '295', 0, 0),
(3126, '4db5aced6065dcfabcc1f7237de65d71', 0, 0),
(3127, 'yadazwvj', 0, 0),
(3128, 'gj1uvzngh4ub0n2czr2y7pwgsnwnvmqt3bve3nwci1ltjyhzni', 0, 0),
(3129, 'ohio12', 0, 0),
(3130, '1680942180', 0, 0),
(3131, '296', 0, 0),
(3132, 'justice', 0, 2),
(3133, 'cc8bf8118e984f0a4de3b6b9fc3eaba9', 0, 0),
(3134, '5iqk9whn', 0, 0),
(3135, 'zpp8djmkshqqyfindwtxiqnlifjn1ejuscfbuzvkism29ycolb', 0, 0),
(3136, 'ohio13', 0, 0),
(3137, '1680942431', 0, 0),
(3138, '297', 0, 0),
(3139, 'ic3', 0, 0),
(3140, 'f890b0205ec42a7224190eef065e3ac8', 0, 0),
(3141, 'vrp0hyte', 0, 0),
(3142, 'wjnocli5m5mambgjskzoatrgqfl1zyelaqjtuxvph8r9ii0jvi', 0, 0),
(3143, 'ohio14', 0, 0),
(3144, '1680942566', 0, 0),
(3145, '1680989862', 0, 0),
(3146, '298', 0, 0),
(3147, 'b260196e8978738b337d49310f68f54f', 0, 0),
(3148, '5qgylss6', 0, 0),
(3149, 'csvhyqkdbk9cxzfagczycdo5hosbgpwiz9lr08ce9zfalshj5t', 0, 0),
(3150, 'ohio15', 0, 0),
(3151, '1680942664', 0, 0),
(3152, '299', 0, 0),
(3153, 'villain', 0, 0),
(3154, '7775c7fabd6cc58cf98233d2ef6c3982', 0, 0),
(3155, 'i2biumsv', 0, 0),
(3156, 'h5bjpe9lj457d2gmoq0otjjfyzaigq0ahotwkgmjutmats14vg', 0, 0),
(3157, 'ohio16', 0, 0),
(3158, '1680943089', 0, 0),
(3159, '1680942887', 0, 0),
(3160, '300', 0, 0),
(3161, 'inhuman', 0, 0),
(3162, '421500dced5726015170b21355e4d5b1', 0, 0),
(3163, 'v21ddkch', 0, 0),
(3164, 'esyt3ifrnjuhyncmqjoneoisw2zwfpjuboimpgb7ew0rqftqkj', 0, 0),
(3165, 'cryptxzx', 0, 0),
(3166, '1680943148', 0, 0),
(3167, '1680942935', 0, 0),
(3168, '1680943128', 0, 0),
(3169, 'database', 0, 6),
(3170, 'dubs', 0, 1),
(3171, 'logins', 0, 1),
(3172, 'could', 0, 5),
(3173, 'thread', 0, 1),
(3174, 'main', 0, 3),
(3175, 'because', 0, 6),
(3176, 'official', 0, 1),
(3177, 'links', 0, 2),
(3178, 'won', 0, 3),
(3179, 'taken', 0, 1),
(3180, 'down', 0, 4),
(3181, 'purpose', 0, 2),
(3182, 'moved', 0, 1),
(3183, 'highly', 0, 5),
(3184, 'concerning', 0, 2),
(3185, 'skyler', 0, 11),
(3186, 'james', 0, 11),
(3187, 'egert', 0, 11),
(3188, 'scams', 0, 2),
(3189, 'since', 0, 3),
(3190, 'very', 0, 5),
(3191, 'needs', 0, 3),
(3192, 'operating', 0, 3),
(3193, 'far', 0, 3),
(3194, 'managed', 0, 2),
(3195, 'trace', 0, 2),
(3196, 'cooperation', 0, 3),
(3197, 'head', 0, 5),
(3198, 'leader', 0, 2),
(3199, 'goes', 0, 2),
(3200, 'nickname', 0, 2),
(3201, 'hydra', 0, 2),
(3202, 'extorts', 0, 2),
(3203, 'forced', 0, 2),
(3204, 'them', 0, 9),
(3205, 'literally', 0, 6),
(3206, 'act', 0, 3),
(3207, 'pedophile', 0, 2),
(3208, 'took', 0, 4),
(3209, 'bath', 0, 2),
(3210, 'around', 0, 6),
(3211, 'according', 0, 2),
(3212, 'video', 0, 2),
(3213, 'shown', 0, 2),
(3214, 'team', 0, 4),
(3215, 'sent', 0, 6),
(3216, 'group', 0, 5),
(3217, 'currently', 0, 5),
(3218, 'watchlist', 0, 2),
(3219, 'bureau', 0, 2),
(3220, 'investigations', 0, 2),
(3221, 'whose', 0, 4),
(3222, 'dod', 0, 2),
(3223, 'civilian', 0, 2),
(3224, 'contractor', 0, 2),
(3225, 'several', 0, 5),
(3226, 'months', 0, 2),
(3227, 'ago', 0, 4),
(3228, 'feds', 0, 3),
(3229, 'were', 0, 3),
(3230, 'ended', 0, 2),
(3231, 'bio', 0, 2),
(3232, 'give', 0, 2),
(3233, 'symbol', 0, 2),
(3234, 'noticed', 0, 2),
(3235, 'd4rkr4bb1t47', 0, 13),
(3236, 'cooperating', 0, 2),
(3237, 'even', 0, 5),
(3238, 'paid', 0, 2),
(3239, 'via', 0, 4),
(3240, 'purchase', 0, 2),
(3241, 'drugs', 0, 2),
(3242, 'specifically', 0, 2),
(3243, 'crystal', 0, 2),
(3244, 'methamphetamine', 0, 2),
(3245, 'went', 0, 2),
(3246, 'ssn', 0, 2),
(3247, 'travis', 0, 2),
(3248, 'scott', 0, 2),
(3249, 'patterson', 0, 2),
(3250, 'military', 0, 3),
(3251, 'deplorable', 0, 2),
(3252, 'harass', 0, 2),
(3253, 'scammed', 0, 2),
(3254, 'explain', 0, 2),
(3255, 'below', 0, 2),
(3256, 'how', 0, 4),
(3257, 'place', 0, 3),
(3258, 'formed', 0, 2),
(3259, 'together', 0, 5),
(3260, 'communicated', 0, 2),
(3261, 'things', 0, 5),
(3262, 'prove', 0, 2),
(3263, 'apart', 0, 2),
(3264, 'ssns', 0, 2),
(3265, 'did', 0, 9),
(3266, 'quite', 0, 2),
(3267, 'foolish', 0, 2),
(3268, 'yet', 0, 2),
(3269, 'bitcoins', 0, 2),
(3270, 'still', 0, 10),
(3271, 'till', 0, 2),
(3272, 'today', 0, 3),
(3273, 'pedohunters', 0, 2),
(3274, 'aka', 0, 11),
(3275, 'smith', 0, 2),
(3276, '000', 0, 2),
(3277, 'point', 0, 2),
(3278, 'giving', 0, 5),
(3279, 'quotes', 0, 2),
(3280, 'cryptos', 0, 2),
(3281, 'exactly', 0, 3),
(3282, 'making', 0, 4),
(3283, 'originating', 0, 2),
(3284, 'likely', 0, 2),
(3285, 'committing', 0, 2),
(3286, 'fraudulent', 0, 2),
(3287, 'kyc', 0, 2),
(3288, 'verified', 0, 2),
(3289, 'wallet', 0, 2),
(3290, 'transactions', 0, 2),
(3291, 'done', 0, 2),
(3292, 'stolen', 0, 2),
(3293, 'identity', 0, 2),
(3294, 'american', 0, 2),
(3295, 'citizen', 0, 2),
(3296, 'what', 0, 7),
(3297, 'tested', 0, 2),
(3298, 'rico', 0, 2),
(3299, 'same', 0, 7),
(3300, 'thing', 0, 3),
(3301, 'armadyl', 0, 2),
(3302, 'afraid', 0, 2),
(3303, 'away', 0, 2),
(3304, 'few', 0, 5),
(3305, 'escape', 0, 2),
(3306, 'tried', 0, 2),
(3307, 'receiving', 0, 2),
(3308, 'pomporuin', 0, 2),
(3309, 'aware', 0, 3),
(3310, 'trying', 0, 2),
(3311, 'cover', 0, 2),
(3312, 'willing', 0, 2),
(3313, 'fair', 0, 2),
(3314, 'better', 0, 3),
(3315, 'ever', 0, 6),
(3316, 'gets', 0, 2),
(3317, 'arrested', 0, 2),
(3318, 'violating', 0, 2),
(3319, 'understand', 0, 5),
(3320, 'others', 0, 4),
(3321, 'ability', 0, 2),
(3322, 'too', 0, 3),
(3323, 'malicious', 0, 3),
(3324, 'provided', 0, 2),
(3325, 'concern', 0, 2),
(3326, '3hkqjr8bwryyo4y8tbgyw5npmduvzwgdtg', 0, 2),
(3327, 'channel', 0, 2),
(3328, 'cathat', 0, 2),
(3329, 'rt6jc', 0, 2),
(3330, 'performed', 0, 2),
(3331, 'paypal', 0, 2),
(3332, 'recording', 0, 2),
(3333, 'committed', 0, 2),
(3334, 'performing', 0, 2),
(3335, 'includes', 0, 2),
(3336, 'rugpull', 0, 2),
(3337, 'token', 0, 2),
(3338, 'track', 0, 2),
(3339, 'link', 0, 3),
(3340, 'bscscan', 0, 2),
(3341, '0x6f6d2b5fe6b105da3fc1284e7833068d18d02588', 0, 2),
(3342, 'claims', 0, 2),
(3343, 'researcher', 0, 2),
(3344, 'does', 0, 3),
(3345, 'keeps', 0, 2),
(3346, 'hatting', 0, 2),
(3347, 'back', 0, 3),
(3348, 'attack', 0, 3),
(3349, 'against', 0, 6),
(3350, 'either', 0, 4),
(3351, 'framing', 0, 6),
(3352, 'pedophiles', 0, 2),
(3353, 'intent', 0, 2),
(3354, 'intimidate', 0, 2),
(3355, 'victim', 0, 2),
(3356, 'harassment', 0, 2),
(3357, 'doing', 0, 3),
(3358, 'hideous', 0, 2),
(3359, 'infiltrated', 0, 2),
(3360, 'groups', 0, 3),
(3361, 'knew', 0, 3),
(3362, 'multiple', 0, 2),
(3363, 'alts', 0, 2),
(3364, 'russian', 0, 2),
(3365, 'agent', 0, 2),
(3366, 'bob', 0, 2),
(3367, 'bobrov', 0, 2),
(3368, 'muffin', 0, 2),
(3369, 'old', 0, 6),
(3370, 'operate', 0, 2),
(3371, 'would', 0, 9),
(3372, 'sell', 0, 2),
(3373, 'coinbase', 0, 2),
(3374, 'logs', 0, 2),
(3375, 'selix', 0, 2),
(3376, 'lulzandfeelz', 0, 2),
(3377, 'attacks', 0, 2),
(3378, 'doxxed', 0, 2),
(3379, 'started', 0, 2),
(3380, 'kicked', 0, 4),
(3381, 'out', 0, 6),
(3382, 'r4bb1ts', 0, 2),
(3383, 'kept', 0, 3),
(3384, 'going', 0, 5),
(3385, 'harassing', 0, 2),
(3386, 'never', 0, 10),
(3387, 'however', 0, 4),
(3388, 'made', 0, 6),
(3389, 'deal', 0, 2),
(3390, 'recently', 0, 2),
(3391, 'take', 0, 3),
(3392, 'regardless', 0, 2),
(3393, 'now', 0, 9),
(3394, 'helping', 0, 5),
(3395, 'taking', 0, 2),
(3396, 'learn', 0, 3),
(3397, 'between', 0, 3),
(3398, 'url', 0, 2),
(3399, 'alameenkarimmerali', 0, 2),
(3400, 'substack', 0, 2),
(3401, 'coming', 0, 4),
(3402, 'soon', 0, 6),
(3403, 'ways', 0, 3),
(3404, 'include', 0, 5),
(3405, 'impersonation', 0, 2),
(3406, 'level', 0, 3),
(3407, 'both', 0, 2),
(3408, 'ukrainian', 0, 2),
(3409, 'nationals', 0, 2),
(3410, 'check', 0, 3),
(3411, 'scambook', 0, 2),
(3412, 'exposing', 0, 2),
(3413, 'd4rkr4bb1t', 0, 2),
(3414, 'frauds', 0, 2),
(3415, 'sweden', 0, 2),
(3416, 'countries', 0, 3),
(3417, 'impersonate', 0, 2),
(3418, 'enforcement', 0, 3),
(3419, 'department', 0, 2),
(3420, 'firms', 0, 2),
(3421, 'swiss', 0, 2),
(3422, 'police', 0, 2),
(3423, 'europol', 0, 2),
(3424, 'interpol', 0, 2),
(3425, 'bigfatotp', 0, 2),
(3426, 'scandal', 0, 2),
(3427, 'filled', 0, 6),
(3428, 'claimed', 0, 2),
(3429, 'alt', 0, 2),
(3430, 'whoring', 0, 2),
(3431, 'romance', 0, 2),
(3432, 'pretending', 0, 2),
(3433, 'actual', 0, 2),
(3434, 'supposed', 0, 2),
(3435, 'pay', 0, 2),
(3436, 'website', 0, 6),
(3437, 'collaboration', 0, 2),
(3438, 'martin', 0, 2),
(3439, 'wrombel', 0, 2),
(3440, 'exposed', 0, 3),
(3441, 'connection', 0, 2),
(3442, 'added', 0, 3),
(3443, 'hall', 0, 2),
(3444, 'autism', 0, 2),
(3445, 'sending', 0, 2),
(3446, 'again', 0, 5),
(3447, 'article', 0, 2),
(3448, 'top', 0, 2),
(3449, 'collaborated', 0, 2),
(3450, 'evidence', 0, 3),
(3451, 'told', 0, 2),
(3452, 'hoa', 0, 2),
(3453, 'dodged', 0, 2),
(3454, 'promised', 0, 2),
(3455, 'united', 0, 3),
(3456, 'states', 0, 3),
(3457, 'helped', 0, 2),
(3458, 'investigate', 0, 2),
(3459, 'further', 0, 2),
(3460, 'attention', 0, 4),
(3461, 'defraud', 0, 2),
(3462, 'close', 0, 6),
(3463, 'big', 0, 2),
(3464, 'join', 0, 6),
(3465, 'fight', 0, 2),
(3466, 'victims', 0, 2),
(3467, 'weight', 0, 2),
(3468, 'reports', 0, 2),
(3469, 'higher', 0, 2),
(3470, 'external', 0, 7),
(3471, 'report', 0, 8),
(3472, 'pavel', 0, 7),
(3473, 'kravchenko', 0, 7),
(3474, 'trusted', 0, 2),
(3475, 'pinned', 0, 2),
(3476, 'week', 0, 3),
(3477, 'dodge', 0, 2),
(3478, 'happen', 0, 2),
(3479, 'leaked', 0, 2),
(3480, 'think', 0, 2),
(3481, 'pissed', 0, 1),
(3482, 'pretty', 0, 5),
(3483, 'fake', 0, 1),
(3484, 'ohh', 0, 1),
(3485, 'shift', 0, 2),
(3486, 'anymore', 0, 3),
(3487, 'changed', 0, 1),
(3488, 'honest', 0, 5),
(3489, 'surprised', 0, 4),
(3490, 'surprise', 0, 4),
(3491, 'pisses', 0, 4),
(3492, 'fucking', 0, 7),
(3493, 'cults', 0, 5),
(3494, '1692800513', 0, 3),
(3495, 'pieces', 0, 4),
(3496, 'trash', 0, 4),
(3497, 'heads', 0, 4),
(3498, 'heard', 0, 4),
(3499, 'homeless', 0, 4),
(3500, 'aterny', 0, 0),
(3501, 'ctf', 0, 0),
(3502, '1692801711', 0, 3),
(3503, 'person', 0, 3),
(3504, 'tobbz764', 0, 3),
(3505, 'tobbz6996', 0, 3),
(3506, 'obsessed', 0, 3),
(3507, 'murdered', 0, 3),
(3508, 'cult', 0, 3),
(3509, 'called', 0, 3),
(3510, 'mky', 0, 3),
(3511, 'joined', 0, 3),
(3512, 'bastard', 0, 3),
(3513, 'thankfully', 0, 3),
(3514, 'extortion', 0, 3),
(3515, 'ordination', 0, 3),
(3516, 'ass', 0, 3),
(3517, 'claim', 0, 3),
(3518, 'lot', 0, 3),
(3519, 'idolising', 0, 3),
(3520, 'virigns', 0, 3),
(3521, 'legend', 0, 3),
(3522, 'says', 0, 3),
(3523, 'doubt', 0, 3),
(3524, 'anywhere', 0, 3),
(3525, 'actually', 0, 3),
(3526, 'probably', 0, 3),
(3527, 'seem', 0, 3),
(3528, 'amongst', 0, 3),
(3529, 'extortionist', 0, 3),
(3530, 'friends', 0, 7),
(3531, '1692802741', 0, 2),
(3532, 'existence', 0, 2),
(3533, 'cvlt', 0, 2),
(3534, 'aspired', 0, 2),
(3535, 'bunch', 0, 2),
(3536, 'virgins', 0, 2),
(3537, '1692802922', 0, 1),
(3538, 'kinda', 0, 1),
(3539, 'makes', 0, 1),
(3540, 'sense', 0, 1),
(3541, 'mostly', 0, 1),
(3542, 'turned', 0, 1),
(3543, 'attachments', 0, 1),
(3544, 'parts', 0, 2),
(3545, 'redacted', 0, 1),
(3546, 'privacy', 0, 1),
(3547, 'agents', 0, 1),
(3548, 'left', 0, 1),
(3549, 'show', 0, 1),
(3550, 'emailed', 0, 1),
(3551, 'legion', 0, 1),
(3552, 'offer', 0, 1),
(3553, 'protection', 0, 2),
(3554, 'surveillance', 0, 1),
(3555, 'laws', 0, 1),
(3556, 'eyes', 0, 1),
(3557, 'tracked', 0, 1),
(3558, 'decrypted', 0, 1),
(3559, 'submitted', 0, 1),
(3560, 'upon', 0, 2),
(3561, 'request', 0, 1),
(3562, 'ips', 0, 1),
(3563, 'methods', 0, 1),
(3564, 'catch', 0, 1),
(3565, 'pompompurin', 0, 1),
(3566, 'requested', 0, 1),
(3567, 'apple', 0, 1),
(3568, 'matched', 0, 1),
(3569, 'found', 0, 4),
(3570, 'intelx', 0, 1),
(3571, 'breach', 0, 1),
(3572, 'botting', 0, 1),
(3573, 'views', 0, 2),
(3574, 'possibility', 0, 2),
(3575, 'those', 0, 2),
(3576, 'activate', 0, 1),
(3577, 'activated', 0, 1),
(3578, 'limited', 0, 1),
(3579, 'accounts', 0, 1),
(3580, 'receive', 0, 2),
(3581, 'reminder', 0, 1),
(3582, 'inactivity', 0, 1),
(3583, 'bottable', 0, 1),
(3584, 'planning', 0, 1),
(3585, 'adding', 0, 1),
(3586, 'detect', 0, 1),
(3587, 'botted', 0, 2),
(3588, 'warning', 0, 1),
(3589, 'deletion', 0, 1),
(3590, 'decide', 0, 1),
(3591, 'violate', 0, 1),
(3592, 'blacklisted', 0, 1),
(3593, 'accessing', 0, 1),
(3594, 'please', 0, 1),
(3595, 'alongside', 0, 1),
(3596, 'many', 0, 2),
(3597, 'eternity', 0, 0),
(3598, 'network', 0, 0),
(3599, 'towny', 0, 0),
(3600, 'based', 0, 1),
(3601, 'server', 0, 0),
(3602, 'custom', 0, 0),
(3603, 'generations', 0, 0),
(3604, 'structures', 0, 1),
(3605, 'bosses', 0, 0),
(3606, 'focus', 0, 0),
(3607, 'aspects', 0, 0),
(3608, 'than', 0, 1),
(3609, 'pvp', 0, 0),
(3610, 'whilst', 0, 0),
(3611, 'vast', 0, 0),
(3612, 'amounts', 0, 0),
(3613, 'koth', 0, 0),
(3614, 'king', 0, 0),
(3615, 'hill', 0, 0),
(3616, 'lore', 0, 0),
(3617, 'system', 0, 1),
(3618, 'upcoming', 0, 0),
(3619, 'continents', 0, 0),
(3620, 'dungeons', 0, 0),
(3621, 'drops', 0, 0),
(3622, 'daily', 0, 0),
(3623, 'touraments', 0, 0),
(3624, 'releases', 0, 0),
(3625, 'season', 0, 0),
(3626, 'meaning', 0, 0),
(3627, 'players', 0, 0),
(3628, 'start', 0, 0),
(3629, 'fresh', 0, 0),
(3630, 'small', 0, 0),
(3631, 'gamemode', 0, 0),
(3632, 'open', 0, 0),
(3633, 'sieges', 0, 0),
(3634, 'aimed', 0, 0),
(3635, 'recreate', 0, 0),
(3636, 'eternitycraft', 0, 0),
(3637, '8hp74g79vx', 0, 0),
(3638, 'databreach', 0, 0),
(3639, 'doesn', 0, 0),
(3640, 'contain', 0, 0),
(3641, 'contains', 0, 0),
(3642, 'sensetive', 0, 0),
(3643, 'aproximate', 0, 0),
(3644, 'etc', 0, 0),
(3645, 'uploaded', 0, 0),
(3646, '1692807040', 0, 0),
(3647, 'guess', 0, 1),
(3648, 'list', 0, 1),
(3649, 'amir9089', 0, 1),
(3650, 'ccan7va0', 0, 1),
(3651, 'a2wauinj', 0, 1),
(3652, 'z3x4ebsc', 0, 1),
(3653, 'mega', 0, 1),
(3654, 'folder', 0, 1),
(3655, 'za4xfral', 0, 1),
(3656, 'hu0uvp', 0, 1),
(3657, 'ri2ayj0hhgmsm5a', 0, 1),
(3658, 'jrqgwcak', 0, 1),
(3659, '1a6gll3m8bv046zkw7wqaq', 0, 1),
(3660, 'vnpxzbbb', 0, 1),
(3661, 'sztlfvfwissjlmwlhfzwiq', 0, 1),
(3662, '3tbwtjlc', 0, 1),
(3663, 'ibvsrhrn5yudx09yxaf56w', 0, 1),
(3664, 'bpmayzas', 0, 1),
(3665, 'csdpcnrprgo6rt8ssnradw', 0, 1),
(3666, '30t3niij', 0, 1),
(3667, 'snlliyhc', 0, 1),
(3668, 'aed0wlcb', 0, 1),
(3669, 'ikkhhkp8yn8v9ln', 0, 1),
(3670, 't7jcra', 0, 1),
(3671, '3q40ws5d', 0, 1),
(3672, 'r81mbb01rztdbfcesyb48g', 0, 1),
(3673, 'fqhtmspy', 0, 1),
(3674, 'g1shdxt', 0, 1),
(3675, 'vymlwyi4d', 0, 1),
(3676, 'uoaq', 0, 1),
(3677, 'method', 0, 3),
(3678, 'dump', 0, 3),
(3679, 'giveaway', 0, 1),
(3680, 'suitable', 0, 1),
(3681, 'want', 0, 1),
(3682, 'buy', 0, 0),
(3683, 'hit', 0, 0),
(3684, 'display', 0, 4),
(3685, '1088897138907426967', 0, 0),
(3686, 'refer', 0, 0),
(3687, 'seen', 0, 1),
(3688, 'brother', 0, 0),
(3689, 'sellind', 0, 0),
(3690, 'netforum', 0, 2),
(3691, 'obv', 0, 0),
(3692, 'hope', 0, 1),
(3693, 'everyone', 0, 3),
(3694, 'day', 0, 0),
(3695, 'sale', 0, 0),
(3696, 'whoever', 0, 0),
(3697, 'wants', 0, 0),
(3698, 'invited', 0, 5),
(3699, 'ngl', 0, 1),
(3700, 'showed', 0, 1),
(3701, 'tryna', 0, 1),
(3702, 'ion', 0, 1),
(3703, 'talk', 0, 2),
(3704, 'alright', 0, 1),
(3705, 'worse', 0, 1),
(3706, 'game', 0, 1),
(3707, 'leaks', 0, 1),
(3708, 'its', 0, 2),
(3709, 'work', 0, 7),
(3710, 'freebies', 0, 1),
(3711, 'beautiful', 0, 3),
(3712, 'appreciation', 0, 5),
(3713, 'zombie', 0, 2),
(3714, '1693122434', 0, 2),
(3715, 'appreciated', 0, 2),
(3716, 'metion', 0, 2),
(3717, 'administering', 0, 4),
(3718, 'administration', 0, 5),
(3719, 'transferred', 0, 4),
(3720, 'margarita', 0, 5),
(3721, 'rodriguez', 0, 5),
(3722, 'completely', 0, 2),
(3723, 'order', 0, 3),
(3724, 'save', 0, 2),
(3725, 'reputation', 0, 4),
(3726, 'considering', 0, 2),
(3727, 'star', 0, 4),
(3728, 'past', 0, 2),
(3729, 'framed', 0, 3),
(3730, 'attacked', 0, 2),
(3731, 'crimes', 0, 4),
(3732, 'frames', 0, 2),
(3733, 'though', 0, 3),
(3734, 'grow', 0, 2),
(3735, 'considring', 0, 2),
(3736, 'defaming', 0, 4),
(3737, 'reasons', 0, 2),
(3738, 'xvideos', 0, 2),
(3739, 'replaced', 0, 2),
(3740, 'setting', 0, 2),
(3741, 'regarding', 0, 2),
(3742, 'sake', 0, 2),
(3743, 'reason', 0, 2),
(3744, 'handled', 0, 2),
(3745, 'replacing', 0, 2),
(3746, 'seeing', 0, 2),
(3747, 'she', 0, 2),
(3748, 'behind', 0, 3),
(3749, 'handling', 0, 2),
(3750, 'sites', 0, 2),
(3751, 'backend', 0, 2),
(3752, 'leaving', 0, 2),
(3753, '1693136703', 0, 1),
(3754, 'welcoming', 0, 2),
(3755, 'run', 0, 2),
(3756, '1693132079', 0, 1),
(3757, 'sorry', 0, 1),
(3758, 'hear', 0, 1),
(3759, 'spain', 0, 2),
(3760, 'moderator', 0, 1),
(3761, 'analyst', 0, 1),
(3762, 'whenever', 0, 1),
(3763, 'english', 0, 1),
(3764, 'spanish', 0, 1),
(3765, 'bombastic', 0, 1),
(3766, 'worry', 0, 1),
(3767, '1692795395', 0, 1),
(3768, 'ataque', 0, 1),
(3769, 'remarks', 0, 1),
(3770, 'launching', 0, 1),
(3771, 'policy', 0, 1),
(3772, 'agenda', 0, 1),
(3773, 'peace', 0, 1),
(3774, 'york', 0, 1),
(3775, 'excellencies', 0, 1),
(3776, 'ladies', 0, 1),
(3777, 'gentlemen', 0, 1),
(3778, 'distinguished', 0, 1),
(3779, 'present', 0, 1),
(3780, 'latest', 0, 1),
(3781, 'series', 0, 1),
(3782, 'briefs', 0, 1),
(3783, 'expanding', 0, 1),
(3784, 'recommendations', 0, 1),
(3785, 'common', 0, 1),
(3786, 'verge', 0, 1),
(3787, 'era', 0, 1),
(3788, 'cold', 0, 1),
(3789, 'period', 0, 1),
(3790, 'moving', 0, 1),
(3791, 'towards', 0, 1),
(3792, 'multipolar', 0, 1),
(3793, 'outlines', 0, 1),
(3794, 'vision', 0, 1),
(3795, 'multilateral', 0, 1),
(3796, 'efforts', 0, 1),
(3797, 'international', 0, 1),
(3798, 'transition', 0, 1),
(3799, 'marked', 0, 1),
(3800, 'geopolitical', 0, 1),
(3801, 'tensions', 0, 1),
(3802, 'major', 0, 1),
(3803, 'competition', 0, 1),
(3804, 'decades', 0, 1),
(3805, 'growing', 0, 1),
(3806, 'skeptical', 0, 1),
(3807, 'whether', 0, 1),
(3808, 'violations', 0, 1),
(3809, 'deep', 0, 1),
(3810, 'cases', 0, 1),
(3811, 'justified', 0, 1),
(3812, 'grievances', 0, 1),
(3813, 'double', 0, 1),
(3814, 'standards', 0, 1),
(3815, 'unmet', 0, 1),
(3816, 'commitments', 0, 1),
(3817, 'undermining', 0, 1),
(3818, 'faces', 0, 1),
(3819, 'developing', 0, 1),
(3820, 'threats', 0, 1),
(3821, 'require', 0, 1),
(3822, 'urgent', 0, 1),
(3823, 'action', 0, 1),
(3824, 'conflicts', 0, 1),
(3825, 'become', 0, 1),
(3826, 'complex', 0, 1),
(3827, 'deadly', 0, 1),
(3828, 'harder', 0, 1),
(3829, 'resolve', 0, 1),
(3830, 'conflict', 0, 1),
(3831, 'deaths', 0, 1),
(3832, 'almost', 0, 1),
(3833, 'three', 0, 1),
(3834, 'concerns', 0, 1),
(3835, 'emerged', 0, 1),
(3836, 'potential', 0, 1),
(3837, 'weapons', 0, 1),
(3838, 'humanity', 0, 1),
(3839, 'annihilate', 0, 1),
(3840, 'itself', 0, 1),
(3841, 'inequalities', 0, 1),
(3842, 'within', 0, 1),
(3843, 'exacerbated', 0, 1),
(3844, 'covid', 0, 1),
(3845, 'pandemic', 0, 1),
(3846, 'human', 0, 1),
(3847, 'rights', 0, 1),
(3848, 'pernicious', 0, 1),
(3849, 'pushback', 0, 1),
(3850, 'women', 0, 1),
(3851, 'distrust', 0, 1),
(3852, 'institutions', 0, 1),
(3853, 'mounting', 0, 1),
(3854, 'fueled', 0, 1),
(3855, 'exclusion', 0, 1),
(3856, 'marginalization', 0, 1),
(3857, 'terrorism', 0, 1),
(3858, 'scourge', 0, 1),
(3859, 'climate', 0, 1),
(3860, 'emergency', 0, 1),
(3861, 'intensifying', 0, 1),
(3862, 'resources', 0, 1),
(3863, 'exacerbating', 0, 1),
(3864, 'russia', 0, 1),
(3865, 'invasion', 0, 1),
(3866, 'ukraine', 0, 1),
(3867, 'difficult', 0, 1),
(3868, 'challenges', 0, 1),
(3869, 'fulfilled', 0, 1),
(3870, 'obligations', 0, 1),
(3871, 'charter', 0, 1),
(3872, 'right', 0, 1),
(3873, 'guaranteed', 0, 1),
(3874, 'break', 0, 1),
(3875, 'pledges', 0, 1),
(3876, 'insecurity', 0, 1),
(3877, 'tenets', 0, 1),
(3878, 'multilateralism', 0, 1),
(3879, 'collective', 0, 1),
(3880, 'questioned', 0, 1),
(3881, 'regional', 0, 1),
(3882, 'architectures', 0, 1),
(3883, 'disarmament', 0, 1),
(3884, 'escalation', 0, 1),
(3885, 'frameworks', 0, 1),
(3886, 'pace', 0, 1),
(3887, 'landscape', 0, 1),
(3888, 'un75', 0, 1),
(3889, 'declaration', 0, 1),
(3890, 'asked', 0, 1),
(3891, 'consider', 0, 1),
(3892, 'concrete', 0, 1),
(3893, 'extensive', 0, 1),
(3894, 'ambitious', 0, 1),
(3895, 'recognize', 0, 1),
(3896, 'inter', 0, 1),
(3897, 'linked', 0, 1),
(3898, 'nature', 0, 1),
(3899, 'core', 0, 1),
(3900, 'principles', 0, 1),
(3901, 'solidarity', 0, 1),
(3902, 'universality', 0, 1),
(3903, 'foundational', 0, 1),
(3904, 'stable', 0, 1),
(3905, 'commitment', 0, 1),
(3906, 'sustainable', 0, 2),
(3907, 'goals', 0, 1),
(3908, 'achieve', 0, 1),
(3909, '2030', 0, 1),
(3910, 'peaceful', 0, 1),
(3911, 'secure', 0, 1),
(3912, 'presents', 0, 1),
(3913, 'twelve', 0, 1),
(3914, 'sets', 0, 1),
(3915, 'proposals', 0, 1),
(3916, 'areas', 0, 1),
(3917, 'priorities', 0, 1),
(3918, 'briefly', 0, 1),
(3919, 'strong', 0, 1),
(3920, 'measures', 0, 1),
(3921, 'bolster', 0, 1),
(3922, 'prevention', 0, 1),
(3923, 'addressing', 0, 1),
(3924, 'strategic', 0, 1),
(3925, 'risks', 0, 1),
(3926, 'divisions', 0, 1),
(3927, 'arms', 0, 1),
(3928, 'control', 0, 1),
(3929, 'regime', 0, 1),
(3930, 'eroding', 0, 1),
(3931, 'proliferation', 0, 1),
(3932, 'challenged', 0, 1),
(3933, 'qualitative', 0, 1),
(3934, 'race', 0, 1),
(3935, 'armaments', 0, 1),
(3936, 'underway', 0, 1),
(3937, 'reducing', 0, 1),
(3938, 'existential', 0, 1),
(3939, 'risk', 0, 1),
(3940, 'posed', 0, 1),
(3941, 'possible', 0, 1),
(3942, 'eliminate', 0, 1),
(3943, 'eliminating', 0, 1),
(3944, 'boil', 0, 0),
(3945, 'bunnies', 0, 0),
(3946, 'aug', 0, 0),
(3947, 'calls', 0, 1),
(3948, 'urgently', 0, 1),
(3949, 'recommit', 0, 1),
(3950, 'pursuing', 0, 1),
(3951, 'norms', 0, 1),
(3952, 'pending', 0, 1),
(3953, 'elimination', 0, 1),
(3954, 'possessing', 0, 1),
(3955, 'commit', 0, 1),
(3956, 'step', 0, 1),
(3957, 'preventive', 0, 1),
(3958, 'diplomacy', 0, 1),
(3959, 'face', 0, 1),
(3960, 'fragmentation', 0, 1),
(3961, 'emergence', 0, 1),
(3962, 'blocs', 0, 1),
(3963, 'supply', 0, 1),
(3964, 'chains', 0, 1),
(3965, 'currencies', 0, 1),
(3966, 'internets', 0, 1),
(3967, 'prioritize', 0, 1),
(3968, 'particularly', 0, 1),
(3969, 'disagree', 0, 1),
(3970, 'full', 0, 1),
(3971, 'offices', 0, 1),
(3972, 'bridge', 0, 1),
(3973, 'divides', 0, 1),
(3974, 'collateral', 0, 1),
(3975, 'powers', 0, 1),
(3976, 'nations', 0, 1),
(3977, 'universal', 0, 1),
(3978, 'centre', 0, 1),
(3979, 'investment', 0, 1),
(3980, 'rebuild', 0, 1),
(3981, 'second', 0, 1),
(3982, 'preventing', 0, 1),
(3983, 'violence', 0, 1),
(3984, 'sustaining', 0, 1),
(3985, 'applies', 0, 1),
(3986, 'times', 0, 1),
(3987, 'paradigm', 0, 1),
(3988, 'forms', 0, 1),
(3989, 'focuses', 0, 1),
(3990, 'mediation', 0, 1),
(3991, 'promotes', 0, 1),
(3992, 'cohesion', 0, 1),
(3993, 'prioritizes', 0, 1),
(3994, 'anchored', 0, 1),
(3995, 'respect', 0, 1),
(3996, 'civil', 0, 1),
(3997, 'political', 0, 1),
(3998, 'economic', 0, 1),
(3999, 'cultural', 0, 1),
(4000, 'requires', 0, 1),
(4001, 'comprehensive', 0, 1),
(4002, 'view', 0, 1),
(4003, 'continuum', 0, 1),
(4004, 'holistic', 0, 1),
(4005, 'approach', 0, 1),
(4006, 'identifies', 0, 1),
(4007, 'causes', 0, 1),
(4008, 'prevents', 0, 1),
(4009, 'seeds', 0, 1),
(4010, 'sprouting', 0, 1),
(4011, 'stagnation', 0, 1),
(4012, 'reversal', 0, 1),
(4013, 'progress', 0, 1),
(4014, 'half', 0, 1),
(4015, 'sdg', 0, 1),
(4016, 'targets', 0, 1),
(4017, 'serious', 0, 1),
(4018, 'implications', 0, 1),
(4019, 'coincidence', 0, 1),
(4020, 'affected', 0, 1),
(4021, 'farthest', 0, 1),
(4022, 'sdgs', 0, 1),
(4023, 'accelerate', 0, 1),
(4024, 'implementation', 0, 1),
(4025, 'recognizing', 0, 1),
(4026, 'interdependent', 0, 1),
(4027, 'mutually', 0, 1),
(4028, 'reinforcing', 0, 1),
(4029, 'education', 0, 1),
(4030, 'healthcare', 0, 1),
(4031, 'proven', 0, 1),
(4032, 'pathways', 0, 1),
(4033, 'strengthen', 0, 1),
(4034, 'contract', 0, 1),
(4035, 'transformation', 0, 1),
(4036, 'gendered', 0, 1),
(4037, 'dynamics', 0, 1),
(4038, 'incrementalism', 0, 1),
(4039, 'delivered', 0, 1),
(4040, 'governments', 0, 1),
(4041, 'targeted', 0, 1),
(4042, 'steps', 0, 1),
(4043, 'quotas', 0, 1),
(4044, 'ensure', 0, 1),
(4045, 'meaningful', 0, 1),
(4046, 'leadership', 0, 1),
(4047, 'decision', 0, 1),
(4048, 'eradicate', 0, 1),
(4049, 'uphold', 0, 1),
(4050, 'reduce', 0, 1),
(4051, 'spending', 0, 1),
(4052, 'inhumane', 0, 1),
(4053, 'indiscriminate', 0, 1),
(4054, 'third', 0, 1),
(4055, 'area', 0, 1),
(4056, 'operations', 0, 1),
(4057, 'realities', 0, 1),
(4058, 'peacekeeping', 0, 1),
(4059, 'represents', 0, 1),
(4060, 'contribute', 0, 2),
(4061, 'direct', 0, 1),
(4062, 'stake', 0, 1),
(4063, 'contributed', 0, 1),
(4064, 'saving', 0, 1),
(4065, 'lives', 0, 1),
(4066, 'preserve', 0, 1),
(4067, 'ceasefires', 0, 1),
(4068, 'protect', 0, 1),
(4069, 'civilians', 0, 1),
(4070, 'supporting', 0, 1),
(4071, 'parties', 0, 1),
(4072, 'return', 0, 1),
(4073, 'table', 0, 1),
(4074, 'longstanding', 0, 1),
(4075, 'unresolved', 0, 1),
(4076, 'driven', 0, 1),
(4077, 'domestic', 0, 1),
(4078, 'transnational', 0, 1),
(4079, 'factors', 0, 1),
(4080, 'persistent', 0, 1),
(4081, 'mismatch', 0, 1),
(4082, 'mandates', 0, 1),
(4083, 'limitations', 0, 1),
(4084, 'succeed', 0, 1),
(4085, 'nor', 0, 1),
(4086, 'clear', 0, 1),
(4087, 'prioritized', 0, 1),
(4088, 'realistic', 0, 1),
(4089, 'council', 0, 1),
(4090, 'centred', 0, 1),
(4091, 'solutions', 0, 1),
(4092, 'missions', 0, 1),
(4093, 'adequate', 0, 1),
(4094, 'continuous', 0, 1),
(4095, 'engagement', 0, 1),
(4096, 'broad', 0, 1),
(4097, 'reflection', 0, 1),
(4098, 'nimble', 0, 1),
(4099, 'adaptable', 0, 1),
(4100, 'models', 0, 1),
(4101, 'exit', 0, 1),
(4102, 'strategies', 0, 1),
(4103, 'often', 0, 1),
(4104, 'armed', 0, 1),
(4105, 'gangs', 0, 1),
(4106, 'opportunists', 0, 1),
(4107, 'increased', 0, 1),
(4108, 'multinational', 0, 1),
(4109, 'counter', 0, 1),
(4110, 'insurgency', 0, 1),
(4111, 'urges', 0, 1),
(4112, 'authorize', 0, 1),
(4113, 'sub', 0, 1),
(4114, 'organizations', 0, 1),
(4115, 'fully', 0, 1),
(4116, 'line', 0, 1),
(4117, 'humanitarian', 0, 1),
(4118, 'backed', 0, 1),
(4119, 'inclusive', 0, 1),
(4120, 'advance', 0, 1),
(4121, 'continent', 0, 1),
(4122, 'greater', 0, 1),
(4123, 'generation', 0, 1),
(4124, 'africa', 0, 2),
(4125, 'borders', 0, 1),
(4126, 'reiterates', 0, 1),
(4127, 'african', 0, 1),
(4128, 'partners', 0, 1),
(4129, 'mandate', 0, 1),
(4130, 'chapters', 0, 1),
(4131, 'vii', 0, 1),
(4132, 'viii', 0, 1),
(4133, 'funding', 0, 1),
(4134, 'assessed', 0, 1),
(4135, 'contributions', 0, 1),
(4136, 'decisions', 0, 1),
(4137, 'overdue', 0, 1),
(4138, 'critical', 0, 1),
(4139, 'opportunity', 0, 1),
(4140, 'begin', 0, 1),
(4141, 'updating', 0, 1),
(4142, 'fourth', 0, 1),
(4143, 'prevent', 0, 1),
(4144, 'weaponization', 0, 1),
(4145, 'emerging', 0, 1),
(4146, 'technologies', 0, 1),
(4147, 'promote', 0, 1),
(4148, 'innovation', 0, 1),
(4149, 'artificial', 0, 1),
(4150, 'biological', 0, 1),
(4151, 'interaction', 0, 1),
(4152, 'host', 0, 1),
(4153, 'beyond', 0, 1),
(4154, 'governing', 0, 1),
(4155, 'agreement', 0, 1),
(4156, 'cyberspace', 0, 1),
(4157, 'lack', 0, 1),
(4158, 'clarity', 0, 1),
(4159, 'dimensions', 0, 1),
(4160, 'puts', 0, 1),
(4161, 'detailed', 0, 1),
(4162, 'tackle', 0, 1),
(4163, 'extension', 0, 1),
(4164, 'hostilities', 0, 1),
(4165, 'outer', 0, 1),
(4166, 'space', 0, 1),
(4167, 'infrastructure', 0, 1),
(4168, 'essential', 0, 1),
(4169, 'services', 0, 1),
(4170, 'functioning', 0, 1),
(4171, 'society', 0, 1),
(4172, 'declared', 0, 1),
(4173, 'limits', 0, 1),
(4174, 'activity', 0, 1),
(4175, 'adopt', 0, 1),
(4176, '2026', 0, 1),
(4177, 'legally', 0, 1),
(4178, 'binding', 0, 1),
(4179, 'instrument', 0, 1),
(4180, 'prohibit', 0, 1),
(4181, 'lethal', 0, 1),
(4182, 'autonomous', 0, 1),
(4183, 'function', 0, 1),
(4184, 'highlights', 0, 1),
(4185, 'national', 0, 1),
(4186, 'mitigate', 0, 1),
(4187, 'develop', 0, 1),
(4188, 'applications', 0, 1),
(4189, 'ensuring', 0, 1),
(4190, 'stakeholders', 0, 1),
(4191, 'industry', 0, 1),
(4192, 'sectors', 0, 1),
(4193, 'experts', 0, 1),
(4194, 'scientific', 0, 1),
(4195, 'body', 0, 1),
(4196, 'harnessing', 0, 1),
(4197, 'benefits', 0, 1),
(4198, 'convening', 0, 1),
(4199, 'advisory', 0, 1),
(4200, 'outline', 0, 1),
(4201, 'options', 0, 1),
(4202, 'governance', 0, 1),
(4203, 'fifth', 0, 1),
(4204, 'machinery', 0, 1),
(4205, 'restore', 0, 1),
(4206, 'legitimacy', 0, 1),
(4207, 'effectiveness', 0, 1),
(4208, 'regions', 0, 1),
(4209, 'provides', 0, 1),
(4210, 'generational', 0, 1),
(4211, 'recommends', 0, 1),
(4212, 'reforms', 0, 1),
(4213, 'representative', 0, 1),
(4214, 'democratization', 0, 1),
(4215, 'procedures', 0, 1),
(4216, 'proposes', 0, 1),
(4217, 'revitalizing', 0, 1),
(4218, 'assembly', 0, 1),
(4219, 'reforming', 0, 1),
(4220, 'enhancing', 0, 1),
(4221, 'role', 0, 1),
(4222, 'peacebuilding', 0, 1),
(4223, 'commission', 0, 1),
(4224, 'particular', 0, 1),
(4225, 'systematically', 0, 1),
(4226, 'seek', 0, 1),
(4227, 'advice', 0, 1),
(4228, 'injustices', 0, 1),
(4229, 'inequities', 0, 1),
(4230, 'built', 0, 1),
(4231, 'architecture', 0, 1),
(4232, 'dedicated', 0, 1),
(4233, 'allow', 0, 1),
(4234, 'final', 0, 1),
(4235, 'transforming', 0, 1),
(4236, 'propose', 0, 1),
(4237, 'overhaul', 0, 1),
(4238, 'equip', 0, 1),
(4239, 'individuals', 0, 1),
(4240, 'societies', 0, 1),
(4241, 'capacities', 0, 1),
(4242, 'mindsets', 0, 1),
(4243, 'rapidly', 0, 1),
(4244, 'changing', 0, 1),
(4245, 'lifelong', 0, 1),
(4246, 'rethink', 0, 1),
(4247, 'scaled', 0, 1),
(4248, 'modernized', 0, 1),
(4249, 'harnesses', 0, 1),
(4250, 'approaches', 0, 1),
(4251, 'empower', 0, 1),
(4252, 'accelerating', 0, 1),
(4253, 'intend', 0, 1),
(4254, 'expertise', 0, 1),
(4255, 'vital', 0, 1),
(4256, '21st', 0, 1),
(4257, 'century', 0, 1),
(4258, 'digital', 0, 1),
(4259, 'foresight', 0, 1),
(4260, 'behavioural', 0, 1),
(4261, 'science', 0, 1),
(4262, 'thinking', 0, 1),
(4263, 'culture', 0, 1),
(4264, 'increasing', 0, 1),
(4265, 'creativity', 0, 1),
(4266, 'agility', 0, 1),
(4267, 'geographic', 0, 1),
(4268, 'diversity', 0, 1),
(4269, 'equality', 0, 1),
(4270, 'youth', 0, 1),
(4271, 'empowerment', 0, 1),
(4272, 'deliberations', 0, 1),
(4273, 'preparation', 0, 1),
(4274, 'summit', 0, 1),
(4275, 'next', 0, 1),
(4276, 'occasion', 0, 1),
(4277, 'significant', 0, 1),
(4278, 'opportunities', 0, 1),
(4279, 'deliver', 0, 1),
(4280, 'rising', 0, 1),
(4281, 'each', 0, 1),
(4282, 'pact', 0, 1),
(4283, 'updates', 0, 1),
(4284, 'fit', 0, 1),
(4285, 'tomorrow', 0, 1),
(4286, 'agree', 0, 1),
(4287, 'scope', 0, 1),
(4288, 'streamlined', 0, 1),
(4289, 'focused', 0, 1),
(4290, 'filling', 0, 1),
(4291, 'gaps', 0, 1),
(4292, 'driving', 0, 1),
(4293, 'force', 0, 1),
(4294, 'demands', 0, 1),
(4295, 'meet', 0, 1),
(4296, 'debate', 0, 1),
(4297, 'engage', 0, 1),
(4298, 'demonstrated', 0, 1),
(4299, 'coalitions', 0, 1),
(4300, 'effective', 0, 1),
(4301, 'disagreements', 0, 1),
(4302, 'transcended', 0, 1),
(4303, 'organization', 0, 1),
(4304, 'central', 0, 1),
(4305, 'fractured', 0, 1),
(4306, 'troubled', 0, 1),
(4307, 'incumbent', 0, 1),
(4308, 'institution', 0, 1),
(4309, 'fractures', 0, 1),
(4310, 'engulfed', 0, 1),
(4311, 'tunisian', 0, 1),
(4312, 'wsg', 0, 1),
(4313, 'guys', 0, 1),
(4314, 'twisted', 0, 1),
(4315, 'wave', 0, 1),
(4316, 'wheres', 0, 1),
(4317, 'rank', 0, 2),
(4318, 'mrgreen', 0, 1),
(4319, 'wallets', 0, 2),
(4320, 'perk', 0, 1),
(4321, 'ranks', 0, 3),
(4322, 'roles', 0, 1),
(4323, 'instruction', 0, 1),
(4324, 'simple', 0, 1),
(4325, 'transaction', 0, 1),
(4326, 'send', 0, 1),
(4327, 'receipt', 0, 1),
(4328, 'margrognetforums', 0, 1),
(4329, 'bc1qyzakrakjae47kank4fpfp3d0kmqxf35u5nx9a7', 0, 0),
(4330, 'ltc', 0, 1),
(4331, 'ltc1qunmtt25dnsrhf678cw3dzx50d8x46xtf2dkm2x', 0, 0),
(4332, '0xa6211ee2ace96db0b897ce220cf6305102aa29bf', 0, 0),
(4333, 'bnb', 0, 0),
(4334, 'binance', 0, 0),
(4335, 'smart', 0, 0),
(4336, 'chain', 0, 0),
(4337, 'screenshot', 0, 1),
(4338, 'perks', 0, 2),
(4339, 'payment', 0, 1),
(4340, 'viewtopic', 0, 1),
(4341, 'scythedea', 0, 1),
(4342, 'talking', 0, 1),
(4343, 'linux', 0, 1),
(4344, 'penetration', 0, 1),
(4345, 'testing', 0, 1),
(4346, 'finding', 0, 1),
(4347, 'exploits', 0, 1),
(4348, 'chilling', 0, 1),
(4349, 'pass', 0, 1),
(4350, '11th', 0, 1),
(4351, 'grade', 0, 1),
(4352, 'projects', 0, 1),
(4353, 'bc1qh83kvxxc6s24xy60ndxsxk6ps55am4pp6fvha5', 0, 1),
(4354, 'lvq5vykvvpxgmpwgbghf2ceiuhjmqz98uo', 0, 1),
(4355, '0x5ef2c144929f1f7ff143574b8ccf42c474578b0a', 0, 1),
(4356, 'xmr', 0, 1),
(4357, '47oj3z45f3sn5ehjrts9av4imsqueywhi78jryk7gkpt3jan7es9km6pn23yfrfrrvezqok84kkmy7e1q5smctze6tnaah7', 0, 1),
(4358, 'price', 0, 1),
(4359, 'clique', 0, 1),
(4360, 'vip', 0, 1),
(4361, 'feature', 0, 1),
(4362, 'color', 0, 1),
(4363, 'featured', 0, 1),
(4364, 'section', 0, 1),
(4365, 'legends', 0, 1),
(4366, 'noticable', 0, 1),
(4367, 'unlimited', 0, 1),
(4368, 'folders', 0, 1),
(4369, 'receipients', 0, 1),
(4370, 'per', 0, 1),
(4371, 'pink', 0, 1),
(4372, 'maximum', 0, 1),
(4373, 'receipts', 0, 1),
(4374, 'purple', 0, 1),
(4375, 'able', 0, 1),
(4376, 'select', 0, 1),
(4377, 'ulimited', 0, 1),
(4378, 'dms', 0, 1),
(4379, 'removal', 0, 0),
(4380, 'due', 0, 0),
(4381, 'refund', 0, 0);

-- --------------------------------------------------------

--
-- Table structure for table `phpbbtc_search_wordmatch`
--

CREATE TABLE `phpbbtc_search_wordmatch` (
  `post_id` int(10) unsigned NOT NULL DEFAULT 0,
  `word_id` int(10) unsigned NOT NULL DEFAULT 0,
  `title_match` tinyint(1) unsigned NOT NULL DEFAULT 0,
  UNIQUE KEY `un_mtch` (`word_id`,`post_id`,`title_match`),
  KEY `word_id` (`word_id`),
  KEY `post_id` (`post_id`)
) ENGINE=InnoDB DEFAULT CHARSET=utf8 COLLATE=utf8_bin;

--
-- Dumping data for table `phpbbtc_search_wordmatch`
--

INSERT INTO `phpbbtc_search_wordmatch` VALUES
(5, 1, 0),
(10, 1, 0),
(11, 1, 0),
(16, 1, 0),
(17, 1, 0),
(21, 1, 0),
(22, 1, 0),
(31, 1, 0),
(36, 1, 0),
(43, 1, 0),
(44, 1, 0),
(44, 1, 1),
(48, 1, 0),
(49, 1, 0),
(50, 1, 0),
(51, 1, 0),
(52, 1, 0),
(53, 1, 0),
(54, 1, 0),
(56, 1, 0),
(65, 1, 0),
(2, 5, 0),
(11, 5, 0),
(13, 5, 0),
(22, 5, 0),
(26, 5, 0),
(28, 5, 0),
(29, 5, 0),
(30, 5, 0),
(44, 5, 0),
(49, 5, 0),
(51, 5, 0),
(52, 5, 0),
(54, 5, 0),
(56, 5, 0),
(2, 7, 0),
(7, 7, 0),
(9, 7, 0),
(17, 7, 0),
(56, 7, 0),
(22, 10, 0),
(50, 10, 0),
(51, 10, 0),
(54, 10, 0),
(56, 10, 0),
(7, 14, 0),
(22, 14, 0),
(50, 14, 0),
(51, 14, 0),
(54, 14, 0),
(56, 14, 0),
(2, 15, 0),
(5, 15, 0),
(6, 15, 0),
(7, 15, 0),
(9, 15, 0),
(16, 15, 0),
(17, 15, 0),
(21, 15, 0),
(22, 15, 0),
(24, 15, 0),
(30, 15, 0),
(31, 15, 0),
(36, 15, 0),
(50, 15, 0),
(51, 15, 0),
(52, 15, 0),
(53, 15, 0),
(54, 15, 0),
(56, 15, 0),
(62, 15, 0),
(2, 16, 0),
(30, 16, 0),
(50, 16, 0),
(51, 16, 0),
(5, 19, 0),
(7, 19, 0),
(16, 19, 0),
(44, 19, 0),
(49, 19, 0),
(52, 19, 0),
(61, 19, 0),
(62, 19, 0),
(2, 20, 0),
(5, 20, 0),
(6, 20, 0),
(7, 20, 0),
(9, 20, 0),
(16, 20, 0),
(17, 20, 0),
(22, 20, 0),
(23, 20, 0),
(25, 20, 0),
(26, 20, 0),
(28, 20, 0),
(29, 20, 0),
(30, 20, 0),
(31, 20, 0),
(49, 20, 0),
(50, 20, 0),
(51, 20, 0),
(52, 20, 0),
(53, 20, 0),
(54, 20, 0),
(56, 20, 0),
(62, 20, 0),
(62, 20, 1),
(63, 20, 0),
(65, 20, 0),
(22, 22, 0),
(54, 22, 0),
(56, 22, 0),
(56, 24, 0),
(22, 25, 0),
(54, 25, 0),
(2, 26, 0),
(5, 26, 0),
(6, 26, 0),
(7, 26, 0),
(9, 26, 0),
(16, 26, 0),
(17, 26, 0),
(21, 26, 0),
(22, 26, 0),
(23, 26, 0),
(24, 26, 0),
(28, 26, 0),
(29, 26, 0),
(30, 26, 0),
(31, 26, 0),
(44, 26, 0),
(49, 26, 0),
(50, 26, 0),
(50, 26, 1),
(51, 26, 0),
(51, 26, 1),
(52, 26, 0),
(54, 26, 0),
(56, 26, 0),
(65, 26, 0),
(56, 27, 0),
(56, 28, 0),
(2, 29, 0),
(36, 29, 0),
(2, 30, 0),
(5, 30, 0),
(5, 30, 1),
(6, 30, 0),
(9, 30, 0),
(21, 30, 0),
(49, 30, 0),
(50, 30, 0),
(50, 30, 1),
(51, 30, 0),
(51, 30, 1),
(52, 30, 0),
(2, 31, 0),
(5, 31, 0),
(21, 31, 0),
(22, 31, 0),
(24, 31, 0),
(26, 31, 0),
(28, 31, 0),
(29, 31, 0),
(30, 31, 0),
(31, 31, 0),
(50, 31, 0),
(51, 31, 0),
(54, 31, 0),
(56, 31, 0),
(62, 31, 0),
(56, 33, 0),
(2, 36, 0),
(5, 36, 0),
(6, 36, 0),
(7, 36, 0),
(9, 36, 0),
(16, 36, 0),
(21, 36, 0),
(22, 36, 0),
(30, 36, 0),
(31, 36, 0),
(44, 36, 0),
(49, 36, 0),
(50, 36, 0),
(51, 36, 0),
(52, 36, 0),
(53, 36, 0),
(54, 36, 0),
(56, 36, 0),
(56, 36, 1),
(62, 36, 0),
(62, 36, 1),
(63, 36, 0),
(56, 41, 0),
(56, 43, 0),
(17, 44, 0),
(9, 45, 0),
(31, 45, 1),
(22, 47, 0),
(54, 47, 0),
(56, 47, 0),
(2, 50, 0),
(5, 50, 0),
(16, 50, 0),
(17, 50, 0),
(25, 50, 0),
(26, 50, 0),
(28, 50, 0),
(29, 50, 0),
(31, 50, 0),
(49, 50, 0),
(52, 50, 0),
(53, 50, 0),
(56, 50, 0),
(62, 50, 0),
(5, 53, 0),
(6, 53, 0),
(9, 53, 0),
(16, 53, 0),
(22, 53, 0),
(25, 53, 0),
(26, 53, 0),
(28, 53, 0),
(29, 53, 0),
(30, 53, 0),
(49, 53, 0),
(50, 53, 0),
(51, 53, 0),
(52, 53, 0),
(54, 53, 0),
(56, 53, 0),
(57, 53, 1),
(62, 53, 0),
(21, 54, 0),
(22, 54, 0),
(30, 54, 0),
(54, 54, 0),
(56, 54, 0),
(62, 54, 0),
(28, 55, 0),
(29, 55, 0),
(30, 55, 0),
(31, 55, 0),
(43, 55, 0),
(50, 55, 0),
(51, 55, 0),
(53, 55, 0),
(56, 55, 0),
(49, 57, 0),
(50, 57, 0),
(51, 57, 0),
(52, 57, 0),
(56, 58, 0),
(2, 63, 0),
(7, 63, 0),
(9, 63, 0),
(11, 63, 0),
(17, 63, 0),
(22, 63, 0),
(24, 63, 0),
(29, 63, 0),
(30, 63, 0),
(31, 63, 0),
(50, 63, 0),
(51, 63, 0),
(52, 63, 0),
(53, 63, 0),
(54, 63, 0),
(56, 63, 0),
(5, 64, 0),
(22, 64, 0),
(50, 64, 0),
(51, 64, 0),
(54, 64, 0),
(56, 64, 0),
(56, 65, 0),
(5, 66, 0),
(6, 66, 0),
(7, 66, 0),
(22, 66, 0),
(28, 66, 0),
(29, 66, 0),
(30, 66, 0),
(31, 66, 0),
(49, 66, 0),
(50, 66, 0),
(51, 66, 0),
(52, 66, 0),
(54, 66, 0),
(56, 66, 0),
(65, 66, 0),
(45, 68, 0),
(56, 68, 0),
(1, 69, 0),
(1, 70, 0),
(1, 71, 1),
(16, 71, 0),
(56, 71, 0),
(1, 72, 1),
(2, 72, 0),
(2, 72, 1),
(6, 72, 0),
(9, 72, 0),
(31, 72, 0),
(50, 72, 0),
(51, 72, 0),
(62, 72, 0),
(63, 72, 0),
(63, 72, 1),
(2, 73, 0),
(2, 74, 0),
(56, 74, 0),
(2, 75, 0),
(2, 76, 0),
(31, 76, 0),
(31, 76, 1),
(2, 77, 0),
(2, 78, 0),
(2, 79, 0),
(2, 80, 0),
(56, 80, 0),
(2, 81, 0),
(2, 82, 0),
(5, 82, 0),
(6, 82, 0),
(7, 82, 0),
(17, 82, 0),
(22, 82, 0),
(26, 82, 0),
(28, 82, 0),
(29, 82, 0),
(30, 82, 0),
(31, 82, 0),
(49, 82, 0),
(50, 82, 0),
(51, 82, 0),
(52, 82, 0),
(54, 82, 0),
(56, 82, 0),
(2, 83, 0),
(5, 83, 0),
(2, 84, 0),
(2, 85, 0),
(2, 86, 0),
(22, 86, 0),
(54, 86, 0),
(62, 86, 0),
(2, 87, 0),
(5, 87, 0),
(6, 87, 0),
(7, 87, 0),
(22, 87, 0),
(31, 87, 0),
(49, 87, 0),
(50, 87, 0),
(51, 87, 0),
(52, 87, 0),
(53, 87, 0),
(54, 87, 0),
(56, 87, 0),
(2, 88, 0),
(17, 88, 0),
(22, 88, 0),
(54, 88, 0),
(2, 89, 0),
(9, 89, 0),
(22, 89, 0),
(23, 89, 0),
(25, 89, 0),
(26, 89, 0),
(28, 89, 0),
(29, 89, 0),
(30, 89, 0),
(49, 89, 0),
(52, 89, 0),
(54, 89, 0),
(56, 89, 0),
(2, 90, 0),
(24, 90, 0),
(2, 91, 0),
(9, 91, 0),
(9, 91, 1),
(22, 91, 0),
(54, 91, 0),
(2, 92, 0),
(7, 92, 0),
(22, 92, 0),
(54, 92, 0),
(2, 93, 0),
(22, 93, 0),
(54, 93, 0),
(2, 94, 0),
(9, 94, 0),
(11, 94, 0),
(65, 94, 0),
(2, 95, 0),
(5, 95, 0),
(22, 95, 0),
(25, 95, 0),
(26, 95, 0),
(28, 95, 0),
(29, 95, 0),
(30, 95, 0),
(54, 95, 0),
(56, 95, 0),
(2, 96, 0),
(2, 97, 0),
(5, 97, 0),
(6, 97, 0),
(7, 97, 0),
(9, 97, 0),
(10, 97, 0),
(11, 97, 0),
(16, 97, 0),
(22, 97, 0),
(28, 97, 0),
(29, 97, 0),
(30, 97, 0),
(31, 97, 0),
(49, 97, 0),
(50, 97, 0),
(51, 97, 0),
(52, 97, 0),
(54, 97, 0),
(56, 97, 0),
(2, 98, 0),
(2, 99, 0),
(2, 100, 0),
(2, 101, 0),
(2, 102, 0),
(2, 103, 0),
(56, 103, 0),
(2, 104, 0),
(2, 105, 0),
(2, 106, 0),
(2, 107, 0),
(56, 107, 0),
(2, 108, 0),
(2, 109, 0),
(22, 109, 0),
(25, 109, 0),
(26, 109, 0),
(28, 109, 0),
(29, 109, 0),
(54, 109, 0),
(2, 110, 0),
(17, 110, 0),
(22, 110, 0),
(46, 110, 0),
(54, 110, 0),
(56, 110, 0),
(2, 111, 0),
(7, 111, 0),
(16, 111, 0),
(17, 111, 0),
(22, 111, 0),
(54, 111, 0),
(2, 112, 0),
(2, 113, 0),
(9, 113, 0),
(2, 114, 0),
(2, 115, 0),
(24, 115, 0),
(2, 116, 0),
(2, 117, 0),
(2, 118, 0),
(7, 118, 0),
(16, 118, 0),
(31, 118, 0),
(53, 118, 0),
(56, 118, 0),
(62, 118, 0),
(2, 119, 0),
(16, 119, 0),
(21, 119, 0),
(23, 119, 0),
(2, 120, 0),
(2, 121, 0),
(56, 121, 0),
(2, 122, 0),
(5, 122, 0),
(11, 122, 0),
(22, 122, 0),
(49, 122, 0),
(50, 122, 0),
(51, 122, 0),
(52, 122, 0),
(54, 122, 0),
(56, 122, 0),
(2, 123, 0),
(22, 123, 0),
(54, 123, 0),
(2, 124, 0),
(25, 124, 0),
(26, 124, 0),
(28, 124, 0),
(29, 124, 0),
(56, 124, 0),
(2, 125, 0),
(2, 126, 0),
(11, 126, 0),
(62, 126, 0),
(2, 127, 0),
(2, 128, 0),
(2, 129, 0),
(2, 130, 0),
(7, 130, 0),
(2, 131, 0),
(2, 132, 0),
(2, 133, 0),
(2, 134, 0),
(2, 135, 0),
(2, 136, 0),
(2, 137, 0),
(29, 137, 0),
(30, 137, 0),
(31, 137, 0),
(36, 137, 0),
(2, 138, 0),
(11, 138, 0),
(13, 138, 0),
(26, 138, 0),
(28, 138, 0),
(29, 138, 0),
(30, 138, 0),
(49, 138, 0),
(51, 138, 0),
(52, 138, 0),
(54, 138, 0),
(2, 139, 0),
(2, 140, 0),
(2, 141, 0),
(30, 141, 0),
(56, 141, 0),
(2, 142, 0),
(5, 142, 0),
(7, 142, 0),
(56, 142, 0),
(2, 143, 0),
(2, 144, 0),
(17, 144, 0),
(2, 145, 0),
(2, 146, 0),
(7, 146, 0),
(2, 147, 0),
(17, 147, 0),
(56, 147, 0),
(2, 148, 0),
(2, 149, 0),
(2, 150, 0),
(2, 151, 0),
(2, 152, 0),
(2, 153, 0),
(2, 154, 0),
(5, 154, 0),
(7, 154, 0),
(11, 154, 0),
(2, 155, 0),
(2, 156, 1),
(56, 156, 0),
(63, 156, 1),
(2, 157, 0),
(56, 157, 0),
(2, 158, 0),
(2, 159, 0),
(2, 160, 0),
(2, 161, 0),
(22, 161, 0),
(24, 161, 0),
(28, 161, 0),
(29, 161, 0),
(30, 161, 0),
(54, 161, 0),
(2, 162, 0),
(2, 163, 0),
(2, 164, 0),
(2, 165, 0),
(22, 165, 0),
(54, 165, 0),
(2, 166, 0),
(2, 167, 0),
(22, 167, 0),
(49, 167, 0),
(52, 167, 0),
(54, 167, 0),
(56, 167, 0),
(2, 168, 0),
(22, 168, 0),
(49, 168, 0),
(52, 168, 0),
(54, 168, 0),
(65, 168, 0),
(2, 169, 0),
(56, 169, 0),
(2, 170, 0),
(56, 170, 0),
(2, 171, 0),
(2, 172, 0),
(17, 172, 0),
(22, 172, 0),
(54, 172, 0),
(2, 173, 0),
(56, 173, 0),
(5, 174, 0),
(50, 174, 0),
(51, 174, 0),
(56, 174, 0),
(9, 176, 0),
(9, 177, 0),
(22, 177, 0),
(54, 177, 0),
(56, 177, 0),
(22, 178, 0),
(54, 178, 0),
(55, 180, 1),
(58, 180, 1),
(61, 180, 1),
(16, 181, 0),
(64, 182, 0),
(7, 183, 0),
(5, 184, 0),
(22, 184, 0),
(24, 184, 0),
(30, 184, 0),
(49, 184, 0),
(52, 184, 0),
(53, 184, 0),
(54, 184, 0),
(56, 184, 0),
(62, 184, 0),
(5, 185, 0),
(22, 185, 0),
(29, 185, 0),
(30, 185, 0),
(54, 185, 0),
(56, 185, 0),
(65, 185, 0),
(5, 186, 0),
(16, 186, 0),
(17, 186, 0),
(22, 186, 0),
(28, 186, 0),
(29, 186, 0),
(30, 186, 0),
(43, 186, 1),
(44, 186, 0),
(45, 186, 1),
(47, 186, 0),
(54, 186, 0),
(5, 187, 0),
(28, 187, 0),
(29, 187, 0),
(30, 187, 0),
(51, 187, 0),
(52, 187, 0),
(54, 187, 0),
(5, 188, 0),
(22, 188, 0),
(49, 188, 0),
(50, 188, 0),
(51, 188, 0),
(52, 188, 0),
(53, 188, 0),
(54, 188, 0),
(56, 188, 0),
(5, 189, 0),
(7, 189, 0),
(16, 189, 0),
(22, 189, 0),
(49, 189, 0),
(50, 189, 0),
(51, 189, 0),
(52, 189, 0),
(53, 189, 0),
(54, 189, 0),
(56, 189, 0),
(5, 190, 0),
(5, 191, 0),
(7, 191, 0),
(10, 191, 0),
(11, 191, 0),
(22, 191, 0),
(26, 191, 0),
(28, 191, 0),
(29, 191, 0),
(30, 191, 0),
(48, 191, 0),
(49, 191, 0),
(50, 191, 0),
(51, 191, 0),
(52, 191, 0),
(54, 191, 0),
(56, 191, 0),
(5, 192, 0),
(6, 192, 0),
(7, 192, 0),
(22, 192, 0),
(49, 192, 0),
(50, 192, 0),
(51, 192, 0),
(52, 192, 0),
(54, 192, 0),
(56, 192, 0),
(5, 193, 0),
(7, 193, 0),
(22, 193, 0),
(50, 193, 0),
(51, 193, 0),
(54, 193, 0),
(65, 193, 0),
(5, 194, 0),
(5, 195, 0),
(22, 195, 0),
(54, 195, 0),
(56, 195, 0),
(5, 196, 0),
(22, 196, 0),
(54, 196, 0),
(56, 196, 0),
(65, 196, 0),
(5, 197, 0),
(5, 198, 0),
(5, 199, 0),
(5, 200, 0),
(5, 201, 0),
(5, 202, 0),
(7, 202, 0),
(16, 202, 0),
(17, 202, 0),
(56, 202, 0),
(5, 203, 0),
(5, 204, 0),
(5, 205, 0),
(16, 205, 0),
(44, 205, 0),
(5, 206, 0),
(7, 206, 0),
(5, 207, 0),
(49, 207, 0),
(52, 207, 0),
(5, 208, 0),
(5, 209, 0),
(22, 209, 0),
(26, 209, 0),
(28, 209, 0),
(29, 209, 0),
(30, 209, 0),
(51, 209, 0),
(52, 209, 0),
(54, 209, 0),
(56, 209, 0),
(5, 210, 0),
(5, 211, 0),
(7, 211, 0),
(11, 211, 0),
(17, 211, 0),
(22, 211, 0),
(24, 211, 0),
(30, 211, 0),
(54, 211, 0),
(5, 212, 0),
(7, 212, 0),
(5, 213, 0),
(5, 214, 0),
(6, 214, 0),
(53, 214, 1),
(5, 215, 0),
(6, 215, 0),
(22, 215, 0),
(54, 215, 0),
(5, 216, 0),
(22, 216, 0),
(49, 216, 0),
(50, 216, 0),
(51, 216, 0),
(52, 216, 0),
(54, 216, 0),
(56, 216, 0),
(5, 217, 0),
(22, 217, 0),
(30, 217, 0),
(50, 217, 0),
(51, 217, 0),
(54, 217, 0),
(5, 218, 0),
(22, 218, 0),
(54, 218, 0),
(5, 219, 0),
(49, 219, 0),
(52, 219, 0),
(5, 220, 0),
(6, 220, 0),
(50, 220, 0),
(51, 220, 0),
(56, 220, 0),
(56, 220, 1),
(5, 221, 0),
(5, 222, 0),
(5, 223, 0),
(5, 224, 0),
(7, 224, 0),
(49, 224, 0),
(51, 224, 0),
(52, 224, 0),
(5, 225, 0),
(22, 225, 0),
(54, 225, 0),
(5, 226, 0),
(5, 227, 0),
(17, 227, 0),
(22, 227, 0),
(30, 227, 0),
(54, 227, 0),
(5, 228, 0),
(7, 228, 0),
(5, 229, 0),
(56, 229, 0),
(5, 230, 0),
(7, 230, 0),
(56, 230, 0),
(5, 231, 0),
(5, 232, 0),
(50, 232, 0),
(51, 232, 0),
(5, 233, 0),
(7, 233, 0),
(22, 233, 0),
(36, 233, 0),
(54, 233, 0),
(56, 233, 0),
(5, 234, 0),
(5, 235, 0),
(5, 236, 0),
(5, 237, 0),
(5, 238, 0),
(17, 238, 0),
(30, 238, 0),
(5, 239, 0),
(6, 239, 0),
(21, 239, 0),
(22, 239, 0),
(49, 239, 0),
(52, 239, 0),
(54, 239, 0),
(65, 239, 0),
(5, 240, 0),
(6, 240, 0),
(10, 240, 0),
(11, 240, 0),
(22, 240, 0),
(44, 240, 0),
(50, 240, 0),
(51, 240, 0),
(54, 240, 0),
(5, 241, 0),
(22, 241, 0),
(36, 241, 0),
(49, 241, 0),
(52, 241, 0),
(54, 241, 0),
(56, 241, 0),
(62, 241, 0),
(5, 242, 0),
(22, 242, 0),
(23, 242, 0),
(44, 242, 0),
(52, 242, 0),
(54, 242, 0),
(56, 242, 0),
(5, 243, 0),
(50, 243, 0),
(51, 243, 0),
(5, 244, 0),
(62, 244, 0),
(5, 245, 0),
(6, 245, 0),
(6, 245, 1),
(8, 245, 1),
(31, 245, 0),
(44, 245, 0),
(44, 245, 1),
(49, 245, 0),
(52, 245, 0),
(53, 245, 0),
(62, 245, 0),
(5, 246, 0),
(22, 246, 0),
(49, 246, 0),
(52, 246, 0),
(54, 246, 0),
(56, 246, 0),
(5, 247, 0),
(5, 248, 0),
(9, 248, 0),
(31, 248, 0),
(5, 249, 0),
(7, 249, 0),
(21, 249, 0),
(22, 249, 0),
(28, 249, 0),
(29, 249, 0),
(30, 249, 0),
(36, 249, 0),
(53, 249, 0),
(54, 249, 0),
(5, 250, 0),
(22, 250, 0),
(54, 250, 0),
(56, 250, 0),
(5, 251, 0),
(22, 251, 0),
(25, 251, 0),
(26, 251, 0),
(28, 251, 0),
(29, 251, 0),
(54, 251, 0),
(5, 252, 0),
(5, 253, 0),
(5, 254, 0),
(5, 255, 0),
(31, 255, 0),
(49, 255, 0),
(50, 255, 0),
(51, 255, 0),
(52, 255, 0),
(5, 256, 1),
(49, 256, 0),
(50, 256, 0),
(51, 256, 0),
(52, 256, 0),
(53, 256, 0),
(5, 257, 0),
(7, 257, 0),
(10, 257, 0),
(11, 257, 0),
(16, 257, 0),
(22, 257, 0),
(28, 257, 0),
(29, 257, 0),
(30, 257, 0),
(44, 257, 0),
(53, 257, 0),
(54, 257, 0),
(56, 257, 0),
(65, 257, 0),
(5, 258, 0),
(56, 258, 0),
(5, 259, 0),
(22, 259, 0),
(54, 259, 0),
(5, 260, 0),
(22, 260, 0),
(54, 260, 0),
(5, 261, 0),
(56, 261, 0),
(5, 262, 0),
(50, 262, 0),
(51, 262, 0),
(56, 262, 0),
(62, 262, 0),
(5, 263, 0),
(5, 264, 0),
(5, 265, 0),
(5, 266, 0),
(22, 266, 0),
(54, 266, 0),
(5, 267, 0),
(5, 268, 0),
(5, 269, 0),
(5, 270, 0),
(7, 270, 0),
(22, 270, 0),
(28, 270, 0),
(29, 270, 0),
(30, 270, 0),
(54, 270, 0),
(56, 270, 0),
(5, 271, 0),
(5, 272, 0),
(5, 273, 0),
(5, 274, 0),
(5, 275, 0),
(5, 276, 0),
(5, 277, 0),
(11, 277, 0),
(5, 278, 0),
(5, 279, 0),
(5, 280, 0),
(7, 280, 0),
(22, 280, 0),
(54, 280, 0),
(5, 281, 0),
(5, 282, 0),
(6, 283, 0),
(6, 284, 0),
(6, 284, 1),
(8, 284, 1),
(11, 284, 0),
(13, 284, 0),
(16, 284, 0),
(22, 284, 0),
(26, 284, 0),
(28, 284, 0),
(29, 284, 0),
(30, 284, 0),
(31, 284, 0),
(54, 284, 0),
(6, 285, 0),
(9, 285, 0),
(16, 285, 0),
(22, 285, 0),
(26, 285, 0),
(28, 285, 0),
(29, 285, 0),
(30, 285, 0),
(44, 285, 0),
(50, 285, 0),
(51, 285, 0),
(52, 285, 0),
(54, 285, 0),
(65, 285, 0),
(6, 286, 0),
(6, 287, 0),
(6, 288, 0),
(6, 288, 1),
(7, 288, 0),
(8, 288, 1),
(23, 288, 0),
(50, 288, 0),
(51, 288, 0),
(6, 289, 0),
(62, 289, 0),
(63, 289, 0),
(6, 290, 0),
(6, 291, 0),
(7, 291, 0),
(6, 292, 0),
(6, 293, 0),
(6, 294, 0),
(6, 295, 0),
(65, 295, 0),
(6, 296, 0),
(6, 297, 0),
(6, 298, 0),
(22, 298, 0),
(52, 298, 0),
(54, 298, 0),
(6, 299, 0),
(6, 300, 0),
(56, 300, 0),
(6, 301, 0),
(6, 302, 0),
(7, 302, 0),
(9, 302, 0),
(22, 302, 0),
(54, 302, 0),
(56, 302, 0),
(6, 303, 0),
(56, 303, 0),
(6, 304, 0),
(9, 304, 0),
(6, 305, 0),
(9, 305, 0),
(56, 305, 0),
(6, 306, 0),
(6, 307, 0),
(9, 307, 0),
(17, 307, 0),
(56, 307, 0),
(6, 308, 0),
(22, 308, 0),
(23, 308, 0),
(26, 308, 0),
(28, 308, 0),
(29, 308, 0),
(30, 308, 0),
(49, 308, 0),
(50, 308, 0),
(51, 308, 0),
(52, 308, 0),
(54, 308, 0),
(6, 309, 0),
(6, 310, 0),
(44, 310, 0),
(6, 311, 0),
(7, 311, 0),
(22, 311, 0),
(26, 311, 0),
(28, 311, 0),
(29, 311, 0),
(30, 311, 0),
(50, 311, 0),
(51, 311, 0),
(54, 311, 0),
(56, 311, 0),
(6, 312, 0),
(6, 313, 0),
(6, 314, 0),
(6, 315, 0),
(6, 316, 0),
(6, 317, 0),
(6, 318, 0),
(6, 319, 0),
(6, 320, 0),
(6, 321, 0),
(6, 322, 0),
(6, 323, 0),
(6, 324, 0),
(6, 325, 0),
(6, 326, 0),
(9, 326, 0),
(6, 327, 0),
(22, 327, 0),
(54, 327, 0),
(6, 328, 0),
(49, 328, 0),
(50, 328, 0),
(51, 328, 0),
(52, 328, 0),
(6, 329, 0),
(6, 330, 0),
(7, 331, 0),
(7, 332, 0),
(7, 333, 0),
(7, 334, 0),
(7, 335, 0),
(9, 335, 0),
(22, 335, 0),
(23, 335, 0),
(24, 335, 0),
(25, 335, 0),
(26, 335, 0),
(28, 335, 0),
(29, 335, 0),
(30, 335, 0),
(44, 335, 0),
(49, 335, 0),
(50, 335, 0),
(51, 335, 0),
(52, 335, 0),
(54, 335, 0),
(7, 336, 0),
(22, 336, 0),
(31, 336, 0),
(54, 336, 0),
(7, 337, 0),
(22, 337, 0),
(30, 337, 0),
(54, 337, 0),
(7, 338, 0),
(22, 338, 0),
(23, 338, 0),
(28, 338, 0),
(29, 338, 0),
(30, 338, 0),
(54, 338, 0),
(7, 339, 0),
(7, 340, 0),
(7, 341, 0),
(7, 342, 0),
(7, 343, 0),
(56, 343, 0),
(7, 344, 0),
(11, 344, 0),
(28, 344, 0),
(29, 344, 0),
(30, 344, 0),
(7, 345, 0),
(7, 346, 0),
(22, 346, 0),
(49, 346, 0),
(52, 346, 0),
(54, 346, 0),
(7, 347, 0),
(22, 347, 0),
(54, 347, 0),
(7, 348, 0),
(56, 348, 0),
(7, 349, 0),
(22, 349, 0),
(54, 349, 0),
(56, 349, 0),
(7, 350, 0),
(22, 350, 0),
(54, 350, 0),
(7, 351, 0),
(7, 352, 0),
(7, 353, 0),
(22, 353, 0),
(31, 353, 0),
(49, 353, 0),
(52, 353, 0),
(54, 353, 0),
(7, 354, 0),
(11, 354, 0),
(17, 354, 0),
(22, 354, 0),
(30, 354, 0),
(49, 354, 0),
(50, 354, 0),
(51, 354, 0),
(52, 354, 0),
(54, 354, 0),
(7, 355, 0),
(7, 356, 0),
(7, 357, 0),
(7, 358, 0),
(22, 358, 0),
(54, 358, 0),
(7, 359, 0),
(56, 359, 0),
(7, 360, 0),
(7, 361, 0),
(10, 361, 0),
(11, 361, 0),
(22, 361, 0),
(54, 361, 0),
(7, 362, 0),
(22, 362, 0),
(54, 362, 0),
(7, 363, 0),
(65, 363, 0),
(7, 364, 0),
(7, 365, 0),
(7, 366, 0),
(7, 367, 0),
(7, 368, 0),
(22, 368, 0),
(24, 368, 0),
(54, 368, 0),
(56, 368, 0),
(7, 369, 0),
(7, 370, 0),
(7, 371, 0),
(7, 372, 0),
(29, 372, 0),
(30, 372, 0),
(7, 373, 0),
(7, 374, 0),
(7, 375, 0),
(7, 376, 0),
(7, 377, 0),
(7, 378, 0),
(7, 379, 0),
(7, 380, 0),
(17, 380, 0),
(7, 381, 0),
(7, 382, 0),
(7, 383, 0),
(7, 384, 0),
(7, 385, 0),
(7, 386, 0),
(7, 387, 0),
(7, 388, 0),
(7, 389, 0),
(7, 390, 0),
(16, 390, 0),
(7, 391, 0),
(7, 392, 0),
(7, 393, 0),
(7, 394, 0),
(36, 394, 0),
(56, 394, 0),
(7, 395, 0),
(22, 395, 0),
(54, 395, 0),
(56, 395, 1),
(7, 396, 0),
(7, 397, 0),
(7, 398, 0),
(22, 398, 0),
(54, 398, 0),
(56, 398, 0),
(7, 399, 0),
(7, 400, 0),
(7, 401, 0),
(7, 402, 0),
(30, 402, 0),
(56, 402, 0),
(7, 403, 0),
(7, 404, 0),
(22, 404, 0),
(54, 404, 0),
(7, 405, 0),
(7, 406, 0),
(7, 407, 0),
(7, 408, 0),
(17, 408, 0),
(7, 409, 0),
(56, 409, 0),
(7, 410, 0),
(17, 410, 0),
(56, 410, 0),
(7, 411, 0),
(7, 412, 0),
(16, 412, 0),
(17, 412, 0),
(22, 412, 0),
(49, 412, 0),
(52, 412, 0),
(54, 412, 0),
(7, 413, 0),
(7, 414, 0),
(7, 415, 0),
(7, 416, 0),
(56, 416, 0),
(7, 417, 0),
(56, 417, 0),
(7, 418, 0),
(16, 418, 0),
(22, 418, 0),
(54, 418, 0),
(7, 419, 0),
(7, 420, 0),
(7, 421, 0),
(56, 421, 0),
(7, 422, 0),
(7, 423, 0),
(7, 424, 0),
(56, 424, 0),
(7, 425, 0),
(7, 426, 0),
(22, 426, 0),
(54, 426, 0),
(7, 427, 0),
(22, 427, 0),
(54, 427, 0),
(7, 428, 0),
(7, 429, 0),
(7, 430, 0),
(7, 431, 0),
(7, 432, 0),
(22, 432, 0),
(49, 432, 0),
(52, 432, 0),
(54, 432, 0),
(7, 433, 0),
(22, 433, 0),
(31, 433, 0),
(54, 433, 0),
(56, 433, 0),
(7, 434, 0),
(56, 434, 0),
(7, 435, 0),
(7, 436, 0),
(7, 437, 0),
(56, 437, 0),
(7, 438, 0),
(22, 438, 0),
(54, 438, 0),
(7, 439, 0),
(7, 440, 0),
(7, 441, 0),
(7, 442, 0),
(7, 443, 0),
(7, 444, 0),
(56, 444, 0),
(7, 445, 0),
(7, 446, 0),
(7, 447, 0),
(56, 447, 0),
(7, 448, 0),
(7, 449, 0),
(23, 449, 0),
(25, 449, 0),
(26, 449, 0),
(28, 449, 0),
(29, 449, 0),
(49, 449, 0),
(52, 449, 0),
(7, 450, 0),
(7, 451, 0),
(7, 452, 0),
(7, 453, 0),
(7, 454, 0),
(56, 454, 0),
(7, 455, 0),
(7, 456, 0),
(7, 457, 0),
(7, 458, 0),
(7, 459, 0),
(7, 460, 0),
(7, 461, 0),
(7, 462, 0),
(7, 463, 0),
(7, 464, 0),
(56, 464, 0),
(7, 465, 0),
(7, 466, 0),
(7, 467, 0),
(7, 468, 0),
(7, 469, 0),
(7, 470, 0),
(7, 471, 0),
(7, 472, 0),
(7, 473, 0),
(56, 473, 0),
(7, 474, 0),
(7, 475, 0),
(7, 476, 0),
(30, 476, 0),
(56, 476, 0),
(7, 477, 0),
(7, 478, 0),
(7, 479, 0),
(7, 480, 0),
(7, 481, 0),
(7, 482, 0),
(7, 483, 0),
(7, 484, 0),
(7, 485, 0),
(7, 486, 0),
(7, 487, 0),
(22, 487, 0),
(54, 487, 0),
(7, 488, 0),
(7, 489, 0),
(7, 490, 0),
(7, 491, 0),
(22, 491, 0),
(54, 491, 0),
(7, 492, 0),
(9, 492, 0),
(17, 492, 0),
(21, 492, 1),
(23, 492, 1),
(24, 492, 1),
(28, 492, 0),
(29, 492, 0),
(30, 492, 0),
(56, 492, 0),
(7, 493, 0),
(7, 494, 0),
(7, 495, 0),
(7, 496, 0),
(7, 497, 0),
(7, 498, 0),
(7, 499, 0),
(56, 499, 0),
(7, 500, 0),
(7, 501, 0),
(7, 502, 0),
(7, 503, 0),
(7, 504, 0),
(7, 505, 0),
(7, 506, 0),
(7, 507, 0),
(7, 508, 0),
(12, 508, 0),
(13, 508, 0),
(22, 508, 0),
(24, 508, 0),
(54, 508, 0),
(7, 509, 0),
(7, 510, 0),
(7, 511, 0),
(8, 512, 0),
(16, 512, 0),
(57, 512, 1),
(65, 512, 0),
(65, 512, 1),
(9, 513, 0),
(50, 513, 0),
(51, 513, 0),
(9, 514, 0),
(9, 515, 0),
(17, 515, 0),
(22, 515, 0),
(30, 515, 0),
(31, 515, 0),
(54, 515, 0),
(9, 516, 0),
(56, 516, 0),
(9, 517, 0),
(50, 517, 0),
(51, 517, 0),
(9, 518, 0),
(9, 519, 0),
(56, 519, 0),
(9, 520, 0),
(56, 520, 0),
(9, 521, 0),
(9, 522, 0),
(22, 522, 0),
(30, 522, 0),
(44, 522, 0),
(54, 522, 0),
(56, 522, 0),
(9, 523, 0),
(31, 523, 0),
(56, 523, 0),
(9, 524, 0),
(22, 524, 0),
(50, 524, 0),
(51, 524, 0),
(54, 524, 0),
(9, 525, 0),
(9, 526, 0),
(50, 526, 0),
(51, 526, 0),
(9, 527, 0),
(44, 527, 0),
(9, 528, 0),
(22, 528, 0),
(54, 528, 0),
(9, 529, 0),
(9, 530, 0),
(9, 531, 0),
(9, 532, 0),
(9, 533, 0),
(9, 534, 0),
(22, 534, 0),
(54, 534, 0),
(9, 535, 0),
(56, 535, 0),
(9, 536, 0),
(9, 537, 0),
(21, 537, 0),
(36, 537, 0),
(9, 538, 0),
(56, 538, 0),
(9, 539, 0),
(9, 540, 0),
(56, 540, 0),
(9, 541, 0),
(9, 542, 0),
(17, 542, 0),
(9, 543, 0),
(9, 544, 0),
(31, 544, 0),
(9, 545, 0),
(9, 546, 0),
(9, 547, 0),
(9, 548, 0),
(9, 549, 0),
(9, 550, 0),
(9, 551, 0),
(56, 551, 0),
(9, 552, 0),
(56, 552, 0),
(9, 553, 0),
(9, 554, 0),
(9, 555, 0),
(9, 556, 0),
(9, 557, 0),
(51, 557, 0),
(56, 557, 0),
(9, 558, 0),
(9, 559, 0),
(9, 560, 0),
(56, 560, 0),
(9, 561, 0),
(9, 562, 1),
(10, 563, 0),
(11, 563, 0),
(13, 563, 0),
(17, 563, 0),
(18, 563, 0),
(21, 563, 0),
(10, 564, 0),
(11, 564, 0),
(23, 564, 0),
(44, 564, 0),
(10, 565, 0),
(11, 565, 0),
(22, 565, 0),
(54, 565, 0),
(10, 566, 0),
(11, 566, 0),
(22, 566, 0),
(23, 566, 0),
(30, 566, 0),
(31, 566, 0),
(50, 566, 0),
(51, 566, 0),
(54, 566, 0),
(56, 566, 0),
(10, 567, 0),
(11, 567, 0),
(56, 567, 0),
(10, 568, 0),
(11, 568, 0),
(46, 568, 0),
(10, 569, 0),
(11, 569, 0),
(54, 569, 0),
(10, 570, 0),
(11, 570, 0),
(22, 570, 0),
(54, 570, 0),
(10, 571, 0),
(11, 571, 0),
(22, 571, 0),
(54, 571, 0),
(62, 571, 0),
(10, 572, 0),
(11, 572, 0),
(22, 572, 0),
(54, 572, 0),
(10, 573, 0),
(11, 573, 0),
(17, 573, 0),
(10, 574, 0),
(11, 574, 0),
(11, 575, 0),
(13, 575, 0),
(26, 575, 0),
(28, 575, 0),
(29, 575, 0),
(30, 575, 0),
(49, 575, 0),
(51, 575, 0),
(52, 575, 0),
(54, 575, 0),
(11, 576, 0),
(13, 576, 0),
(22, 576, 0),
(24, 576, 0),
(26, 576, 0),
(28, 576, 0),
(29, 576, 0),
(30, 576, 0),
(31, 576, 0),
(49, 576, 0),
(51, 576, 0),
(52, 576, 0),
(54, 576, 0),
(56, 576, 0),
(65, 576, 0),
(11, 577, 0),
(11, 578, 0),
(11, 579, 0),
(11, 580, 0),
(44, 580, 0),
(11, 581, 0),
(11, 582, 0),
(22, 582, 0),
(54, 582, 0),
(11, 583, 0),
(36, 583, 0),
(11, 584, 0),
(11, 585, 0),
(11, 586, 0),
(11, 587, 0),
(22, 587, 0),
(54, 587, 0),
(11, 588, 0),
(12, 589, 0),
(13, 589, 0),
(12, 590, 0),
(13, 590, 0),
(28, 590, 0),
(29, 590, 0),
(30, 590, 0),
(12, 591, 0),
(13, 591, 0),
(12, 592, 0),
(13, 592, 0),
(23, 592, 0),
(12, 593, 0),
(13, 593, 0),
(12, 594, 0),
(13, 594, 0),
(13, 595, 0),
(13, 596, 0),
(30, 596, 0),
(56, 599, 0),
(21, 600, 0),
(22, 600, 0),
(24, 600, 0),
(26, 600, 0),
(28, 600, 0),
(29, 600, 0),
(30, 600, 0),
(49, 600, 0),
(52, 600, 0),
(54, 600, 0),
(56, 600, 0),
(22, 607, 0),
(54, 607, 0),
(56, 607, 0),
(17, 609, 0),
(56, 609, 0),
(17, 612, 0),
(22, 614, 0),
(24, 614, 0),
(54, 614, 0),
(56, 614, 0),
(62, 616, 0),
(28, 618, 0),
(29, 618, 0),
(30, 618, 0),
(44, 618, 0),
(22, 624, 0),
(28, 624, 0),
(29, 624, 0),
(30, 624, 0),
(54, 624, 0),
(22, 626, 0),
(54, 626, 0),
(22, 631, 0),
(54, 631, 0),
(21, 633, 0),
(22, 633, 0),
(24, 633, 0),
(25, 633, 0),
(26, 633, 0),
(28, 633, 0),
(29, 633, 0),
(31, 633, 0),
(54, 633, 0),
(22, 634, 0),
(30, 634, 0),
(54, 634, 0),
(22, 636, 0),
(31, 636, 0),
(54, 636, 0),
(16, 639, 0),
(16, 639, 1),
(18, 639, 1),
(20, 639, 1),
(16, 640, 0),
(16, 641, 0),
(17, 641, 0),
(16, 642, 0),
(17, 642, 0),
(16, 643, 0),
(23, 643, 0),
(16, 644, 0),
(17, 644, 0),
(16, 645, 0),
(17, 645, 0),
(16, 646, 0),
(17, 646, 0),
(16, 647, 0),
(17, 647, 0),
(16, 648, 0),
(16, 649, 0),
(16, 650, 0),
(16, 651, 0),
(16, 652, 0),
(56, 652, 0),
(16, 653, 0),
(25, 653, 0),
(26, 653, 0),
(28, 653, 0),
(29, 653, 0),
(16, 654, 0),
(16, 655, 0),
(22, 655, 0),
(54, 655, 0),
(16, 656, 0),
(16, 657, 0),
(16, 658, 0),
(56, 658, 0),
(16, 659, 0),
(16, 659, 1),
(18, 659, 1),
(20, 659, 1),
(22, 659, 0),
(54, 659, 0),
(16, 660, 0),
(56, 660, 0),
(16, 661, 0),
(16, 662, 0),
(16, 663, 0),
(31, 663, 0),
(16, 664, 0),
(17, 664, 0),
(22, 664, 0),
(53, 664, 0),
(54, 664, 0),
(16, 665, 0),
(17, 665, 0),
(16, 666, 0),
(16, 667, 0),
(16, 668, 0),
(16, 669, 0),
(16, 670, 0),
(17, 670, 0),
(22, 670, 0),
(54, 670, 0),
(16, 671, 0),
(16, 672, 0),
(16, 673, 0),
(16, 674, 0),
(16, 675, 0),
(17, 675, 0),
(16, 676, 0),
(17, 676, 0),
(16, 677, 0),
(16, 678, 0),
(16, 679, 0),
(16, 680, 0),
(17, 680, 0),
(56, 680, 0),
(16, 681, 0),
(17, 681, 0),
(16, 682, 0),
(17, 682, 0),
(56, 682, 0),
(16, 683, 0),
(16, 684, 0),
(16, 685, 0),
(16, 686, 0),
(16, 687, 0),
(16, 688, 0),
(17, 688, 0),
(22, 688, 0),
(54, 688, 0),
(16, 689, 0),
(17, 689, 0),
(22, 689, 0),
(30, 689, 0),
(54, 689, 0),
(56, 689, 0),
(16, 690, 0),
(16, 691, 0),
(16, 692, 0),
(16, 693, 0),
(16, 694, 0),
(16, 695, 0),
(16, 696, 0),
(16, 697, 0),
(56, 697, 0),
(16, 698, 0),
(16, 699, 0),
(16, 700, 0),
(16, 701, 0),
(16, 702, 0),
(17, 702, 0),
(16, 703, 0),
(17, 703, 0),
(22, 703, 0),
(54, 703, 0),
(56, 703, 0),
(16, 704, 0),
(16, 705, 0),
(16, 706, 0),
(16, 707, 0),
(17, 707, 0),
(22, 707, 0),
(35, 707, 0),
(54, 707, 0),
(16, 708, 0),
(16, 709, 0),
(17, 709, 0),
(16, 710, 0),
(16, 711, 0),
(17, 711, 0),
(16, 712, 0),
(16, 713, 0),
(16, 714, 0),
(16, 715, 0),
(16, 716, 0),
(16, 717, 0),
(16, 718, 0),
(16, 719, 0),
(16, 720, 0),
(16, 721, 0),
(17, 721, 0),
(16, 722, 0),
(16, 723, 0),
(16, 724, 0),
(16, 725, 0),
(16, 726, 0),
(16, 727, 0),
(16, 728, 0),
(16, 729, 0),
(16, 730, 0),
(16, 731, 0),
(16, 732, 0),
(16, 733, 0),
(16, 734, 0),
(16, 735, 0),
(16, 736, 0),
(16, 737, 0),
(16, 738, 0),
(16, 739, 0),
(16, 740, 0),
(16, 741, 0),
(17, 741, 0),
(16, 742, 0),
(16, 743, 0),
(17, 743, 0),
(16, 744, 0),
(16, 745, 0),
(16, 746, 0),
(16, 747, 0),
(17, 747, 0),
(16, 748, 0),
(16, 749, 0),
(16, 750, 0),
(56, 750, 0),
(16, 751, 0),
(17, 751, 0),
(16, 752, 0),
(16, 753, 0),
(17, 753, 0),
(56, 753, 0),
(16, 754, 0),
(16, 755, 0),
(16, 756, 0),
(29, 756, 0),
(30, 756, 0),
(16, 757, 0),
(17, 758, 0),
(17, 759, 0),
(17, 759, 1),
(17, 760, 0),
(17, 761, 0),
(17, 762, 0),
(17, 763, 0),
(17, 764, 0),
(17, 765, 0),
(17, 766, 0),
(17, 767, 0),
(17, 768, 0),
(17, 769, 0),
(17, 770, 0),
(22, 770, 0),
(35, 770, 0),
(54, 770, 0),
(63, 770, 0),
(17, 771, 0),
(17, 772, 0),
(17, 773, 0),
(17, 774, 0),
(17, 775, 0),
(17, 776, 0),
(65, 776, 0),
(17, 777, 0),
(17, 778, 0),
(17, 779, 0),
(22, 779, 0),
(54, 779, 0),
(56, 779, 0),
(17, 780, 0),
(17, 781, 0),
(17, 782, 0),
(17, 783, 0),
(17, 784, 0),
(17, 785, 0),
(17, 786, 0),
(17, 787, 0),
(17, 788, 0),
(31, 788, 0),
(56, 788, 1),
(17, 789, 0),
(17, 790, 0),
(17, 791, 0),
(17, 792, 0),
(17, 793, 0),
(17, 794, 0),
(17, 795, 0),
(17, 796, 0),
(31, 796, 0),
(17, 797, 0),
(22, 797, 0),
(54, 797, 0),
(62, 797, 0),
(17, 798, 0),
(17, 799, 0),
(22, 799, 0),
(54, 799, 0),
(17, 800, 0),
(22, 800, 0),
(25, 800, 0),
(26, 800, 0),
(28, 800, 0),
(29, 800, 0),
(54, 800, 0),
(56, 800, 0),
(17, 801, 0),
(17, 802, 0),
(17, 803, 0),
(17, 804, 0),
(17, 805, 0),
(17, 806, 0),
(22, 806, 0),
(54, 806, 0),
(17, 807, 0),
(17, 808, 0),
(17, 809, 0),
(17, 810, 0),
(17, 811, 0),
(17, 812, 0),
(17, 813, 0),
(17, 814, 0),
(17, 815, 0),
(17, 816, 0),
(17, 817, 0),
(17, 818, 0),
(17, 819, 0),
(17, 820, 0),
(17, 821, 0),
(17, 822, 0),
(17, 823, 0),
(17, 824, 0),
(17, 825, 0),
(17, 826, 0),
(17, 827, 0),
(17, 828, 0),
(17, 829, 0),
(56, 829, 0),
(17, 830, 0),
(17, 831, 0),
(17, 832, 0),
(17, 833, 0),
(17, 834, 0),
(17, 835, 0),
(17, 836, 0),
(49, 836, 0),
(50, 836, 0),
(51, 836, 0),
(52, 836, 0),
(17, 837, 0),
(17, 838, 0),
(17, 839, 0),
(17, 840, 0),
(17, 841, 0),
(17, 842, 0),
(17, 843, 0),
(17, 844, 0),
(22, 844, 0),
(54, 844, 0),
(17, 845, 0),
(17, 846, 0),
(62, 846, 0),
(17, 847, 0),
(17, 848, 0),
(17, 849, 0),
(17, 850, 0),
(17, 851, 0),
(24, 851, 0),
(17, 852, 0),
(17, 853, 0),
(17, 854, 0),
(17, 855, 0),
(17, 856, 0),
(17, 857, 0),
(56, 857, 0),
(17, 858, 0),
(17, 859, 0),
(17, 860, 0),
(17, 861, 0),
(17, 862, 0),
(17, 863, 0),
(17, 864, 0),
(17, 865, 0),
(17, 866, 0),
(17, 867, 0),
(17, 868, 0),
(17, 869, 0),
(17, 870, 0),
(17, 871, 0),
(56, 871, 0),
(17, 872, 0),
(17, 873, 0),
(17, 874, 0),
(17, 875, 0),
(56, 875, 0),
(17, 876, 0),
(17, 877, 0),
(17, 878, 0),
(17, 879, 0),
(17, 880, 0),
(17, 881, 0),
(17, 882, 0),
(17, 883, 0),
(17, 884, 0),
(17, 885, 0),
(17, 886, 0),
(17, 887, 0),
(17, 888, 0),
(17, 889, 0),
(17, 890, 0),
(17, 891, 0),
(17, 892, 0),
(17, 893, 0),
(56, 893, 0),
(17, 894, 0),
(56, 894, 0),
(17, 895, 0),
(17, 896, 0),
(17, 897, 0),
(17, 898, 0),
(17, 899, 0),
(17, 900, 0),
(17, 901, 0),
(17, 902, 0),
(56, 902, 0),
(17, 903, 0),
(17, 904, 0),
(56, 904, 0),
(17, 905, 0),
(17, 906, 0),
(17, 907, 0),
(17, 908, 0),
(17, 909, 0),
(17, 910, 0),
(17, 911, 0),
(17, 912, 0),
(17, 913, 0),
(17, 914, 0),
(17, 915, 0),
(17, 916, 0),
(17, 917, 0),
(17, 918, 0),
(17, 919, 0),
(17, 920, 0),
(17, 921, 0),
(17, 922, 0),
(17, 923, 0),
(17, 924, 0),
(36, 924, 0),
(17, 925, 0),
(30, 925, 0),
(17, 926, 0),
(17, 927, 0),
(17, 928, 0),
(17, 929, 0),
(17, 930, 0),
(17, 931, 0),
(17, 932, 0),
(17, 933, 0),
(17, 934, 0),
(30, 934, 0),
(17, 935, 0),
(17, 936, 0),
(17, 937, 0),
(56, 937, 0),
(17, 938, 0),
(17, 939, 0),
(17, 940, 0),
(17, 941, 0),
(17, 942, 0),
(17, 943, 0),
(17, 944, 0),
(17, 945, 0),
(17, 946, 0),
(17, 947, 0),
(17, 948, 0),
(17, 949, 0),
(17, 950, 0),
(17, 951, 0),
(17, 952, 0),
(17, 953, 0),
(17, 954, 0),
(17, 955, 0),
(17, 956, 0),
(17, 957, 0),
(17, 958, 0),
(17, 959, 0),
(17, 960, 0),
(17, 961, 0),
(17, 962, 0),
(17, 963, 0),
(17, 964, 0),
(17, 965, 0),
(56, 965, 0),
(17, 966, 0),
(17, 967, 0),
(17, 968, 0),
(17, 969, 0),
(17, 970, 0),
(17, 971, 0),
(17, 972, 0),
(17, 973, 0),
(17, 974, 0),
(17, 975, 0),
(17, 976, 1),
(22, 976, 0),
(25, 976, 0),
(26, 976, 0),
(28, 976, 0),
(29, 976, 0),
(30, 976, 0),
(54, 976, 0),
(18, 977, 0),
(44, 977, 0),
(22, 989, 0),
(54, 989, 0),
(62, 989, 0),
(26, 1045, 0),
(28, 1045, 0),
(29, 1045, 0),
(30, 1045, 0),
(56, 1059, 0),
(22, 1139, 0),
(54, 1139, 0),
(56, 1212, 0),
(56, 1231, 0),
(22, 1234, 0),
(54, 1234, 0),
(22, 1235, 0),
(53, 1235, 0),
(54, 1235, 0),
(21, 1301, 1),
(23, 1301, 0),
(23, 1301, 1),
(24, 1301, 1),
(22, 1332, 0),
(30, 1332, 0),
(54, 1332, 0),
(28, 1367, 0),
(29, 1367, 0),
(30, 1367, 0),
(22, 1417, 0),
(54, 1417, 0),
(22, 1466, 0),
(54, 1466, 0),
(56, 1466, 0),
(22, 1481, 0),
(28, 1481, 0),
(29, 1481, 0),
(30, 1481, 0),
(54, 1481, 0),
(56, 1481, 0),
(22, 1537, 0),
(54, 1537, 0),
(62, 1570, 0),
(56, 1589, 0),
(56, 1594, 0),
(30, 1607, 0),
(22, 1658, 0),
(54, 1658, 0),
(56, 1697, 0),
(35, 1757, 0),
(56, 1769, 0),
(62, 1829, 0),
(22, 1881, 0),
(54, 1881, 0),
(49, 1984, 0),
(52, 1984, 0),
(21, 2062, 0),
(28, 2069, 0),
(29, 2069, 0),
(30, 2069, 0),
(26, 2127, 0),
(28, 2127, 0),
(29, 2127, 0),
(30, 2127, 0),
(22, 2145, 0),
(54, 2145, 0),
(63, 2186, 0),
(56, 2221, 0),
(22, 2242, 0),
(50, 2242, 0),
(51, 2242, 0),
(53, 2242, 0),
(54, 2242, 0),
(62, 2242, 0),
(22, 2264, 0),
(54, 2264, 0),
(22, 2373, 0),
(54, 2373, 0),
(62, 2394, 0),
(22, 2402, 0),
(54, 2402, 0),
(56, 2410, 0),
(22, 2480, 0),
(50, 2480, 0),
(51, 2480, 0),
(54, 2480, 0),
(22, 2513, 0),
(54, 2513, 0),
(22, 2548, 0),
(54, 2548, 0),
(28, 2555, 0),
(29, 2555, 0),
(30, 2555, 0),
(57, 2555, 0),
(25, 2561, 0),
(26, 2561, 0),
(28, 2561, 0),
(29, 2561, 0),
(56, 2589, 0),
(22, 2659, 0),
(54, 2659, 0),
(49, 2707, 0),
(50, 2707, 0),
(51, 2707, 0),
(52, 2707, 0),
(53, 2716, 0),
(56, 2716, 0),
(65, 2716, 0),
(22, 2798, 0),
(54, 2798, 0),
(62, 2826, 0),
(22, 2844, 0),
(30, 2844, 0),
(54, 2844, 0),
(22, 2848, 0),
(54, 2848, 0),
(22, 2868, 0),
(54, 2868, 0),
(22, 2875, 0),
(54, 2875, 0),
(22, 2876, 0),
(54, 2876, 0),
(23, 2877, 0),
(22, 2956, 0),
(24, 2956, 0),
(54, 2956, 0),
(22, 2960, 0),
(54, 2960, 0),
(56, 2960, 0),
(22, 3132, 0),
(54, 3132, 0),
(21, 3169, 0),
(21, 3169, 1),
(23, 3169, 0),
(23, 3169, 1),
(24, 3169, 0),
(24, 3169, 1),
(20, 3170, 0),
(21, 3171, 0),
(21, 3172, 0),
(22, 3172, 0),
(30, 3172, 0),
(44, 3172, 0),
(54, 3172, 0),
(21, 3173, 0),
(21, 3174, 0),
(22, 3174, 0),
(54, 3174, 0),
(21, 3175, 0),
(22, 3175, 0),
(24, 3175, 0),
(30, 3175, 0),
(53, 3175, 0),
(54, 3175, 0),
(21, 3176, 0),
(21, 3177, 0),
(56, 3177, 0),
(21, 3178, 0),
(22, 3178, 0),
(54, 3178, 0),
(21, 3179, 0),
(21, 3180, 0),
(22, 3180, 0),
(54, 3180, 0),
(65, 3180, 0),
(21, 3181, 0),
(56, 3181, 0),
(21, 3182, 0),
(22, 3183, 0),
(28, 3183, 0),
(29, 3183, 0),
(30, 3183, 0),
(54, 3183, 0),
(22, 3184, 0),
(54, 3184, 0),
(22, 3185, 0),
(22, 3185, 1),
(25, 3185, 1),
(26, 3185, 1),
(28, 3185, 1),
(29, 3185, 1),
(30, 3185, 1),
(49, 3185, 0),
(52, 3185, 0),
(54, 3185, 0),
(54, 3185, 1),
(22, 3186, 0),
(22, 3186, 1),
(25, 3186, 1),
(26, 3186, 1),
(28, 3186, 1),
(29, 3186, 1),
(30, 3186, 1),
(49, 3186, 0),
(52, 3186, 0),
(54, 3186, 0),
(54, 3186, 1),
(22, 3187, 0),
(22, 3187, 1),
(25, 3187, 1),
(26, 3187, 1),
(28, 3187, 1),
(29, 3187, 1),
(30, 3187, 1),
(49, 3187, 0),
(52, 3187, 0),
(54, 3187, 0),
(54, 3187, 1),
(22, 3188, 0),
(54, 3188, 0),
(22, 3189, 0),
(24, 3189, 0),
(54, 3189, 0),
(22, 3190, 0),
(51, 3190, 0),
(52, 3190, 0),
(54, 3190, 0),
(56, 3190, 0),
(22, 3191, 0),
(54, 3191, 0),
(56, 3191, 0),
(22, 3192, 0),
(54, 3192, 0),
(56, 3192, 0),
(22, 3193, 0),
(54, 3193, 0),
(56, 3193, 0),
(22, 3194, 0),
(54, 3194, 0),
(22, 3195, 0),
(54, 3195, 0),
(22, 3196, 0),
(54, 3196, 0),
(56, 3196, 0),
(22, 3197, 0),
(28, 3197, 0),
(29, 3197, 0),
(30, 3197, 0),
(54, 3197, 0),
(22, 3198, 0),
(54, 3198, 0),
(22, 3199, 0),
(54, 3199, 0),
(22, 3200, 0),
(54, 3200, 0),
(22, 3201, 0),
(54, 3201, 0),
(22, 3202, 0),
(54, 3202, 0),
(22, 3203, 0),
(54, 3203, 0),
(22, 3204, 0),
(25, 3204, 0),
(26, 3204, 0),
(28, 3204, 0),
(29, 3204, 0),
(50, 3204, 0),
(51, 3204, 0),
(54, 3204, 0),
(56, 3204, 0),
(22, 3205, 0),
(49, 3205, 0),
(50, 3205, 0),
(51, 3205, 0),
(52, 3205, 0),
(54, 3205, 0),
(22, 3206, 0),
(54, 3206, 0),
(56, 3206, 0),
(22, 3207, 0),
(54, 3207, 0),
(22, 3208, 0),
(29, 3208, 0),
(30, 3208, 0),
(54, 3208, 0),
(22, 3209, 0),
(54, 3209, 0),
(22, 3210, 0),
(49, 3210, 0),
(52, 3210, 0),
(54, 3210, 0),
(56, 3210, 0),
(65, 3210, 0),
(22, 3211, 0),
(54, 3211, 0),
(22, 3212, 0),
(54, 3212, 0),
(22, 3213, 0),
(54, 3213, 0),
(22, 3214, 0),
(30, 3214, 0),
(54, 3214, 0),
(62, 3214, 0),
(22, 3215, 0),
(30, 3215, 0),
(31, 3215, 0),
(50, 3215, 0),
(51, 3215, 0),
(54, 3215, 0),
(22, 3216, 0),
(28, 3216, 0),
(29, 3216, 0),
(30, 3216, 0),
(54, 3216, 0),
(22, 3217, 0),
(31, 3217, 0),
(49, 3217, 0),
(52, 3217, 0),
(54, 3217, 0),
(22, 3218, 0),
(54, 3218, 0),
(22, 3219, 0),
(54, 3219, 0),
(22, 3220, 0),
(54, 3220, 0),
(22, 3221, 0),
(49, 3221, 0),
(52, 3221, 0),
(54, 3221, 0),
(22, 3222, 0),
(54, 3222, 0),
(22, 3223, 0),
(54, 3223, 0),
(22, 3224, 0),
(54, 3224, 0),
(22, 3225, 0),
(50, 3225, 0),
(51, 3225, 0),
(54, 3225, 0),
(56, 3225, 0),
(22, 3226, 0),
(54, 3226, 0),
(22, 3227, 0),
(50, 3227, 0),
(51, 3227, 0),
(54, 3227, 0),
(22, 3228, 0),
(30, 3228, 0),
(54, 3228, 0),
(22, 3229, 0),
(30, 3229, 0),
(54, 3229, 0),
(22, 3230, 0),
(54, 3230, 0),
(22, 3231, 0),
(54, 3231, 0),
(22, 3232, 0),
(54, 3232, 0),
(22, 3233, 0),
(54, 3233, 0),
(22, 3234, 0),
(54, 3234, 0),
(22, 3235, 0),
(22, 3235, 1),
(25, 3235, 1),
(26, 3235, 1),
(28, 3235, 1),
(29, 3235, 1),
(30, 3235, 1),
(49, 3235, 0),
(50, 3235, 0),
(51, 3235, 0),
(52, 3235, 0),
(54, 3235, 0),
(54, 3235, 1),
(22, 3236, 0),
(54, 3236, 0),
(22, 3237, 0),
(49, 3237, 0),
(52, 3237, 0),
(54, 3237, 0),
(56, 3237, 0),
(22, 3238, 0),
(54, 3238, 0),
(22, 3239, 0),
(31, 3239, 0),
(54, 3239, 0),
(62, 3239, 0),
(22, 3240, 0),
(54, 3240, 0),
(22, 3241, 0),
(54, 3241, 0),
(22, 3242, 0),
(54, 3242, 0),
(22, 3243, 0),
(54, 3243, 0),
(22, 3244, 0),
(54, 3244, 0),
(22, 3245, 0),
(54, 3245, 0),
(22, 3246, 0),
(54, 3246, 0),
(22, 3247, 0),
(54, 3247, 0),
(22, 3248, 0),
(54, 3248, 0),
(22, 3249, 0),
(54, 3249, 0),
(22, 3250, 0),
(54, 3250, 0),
(56, 3250, 0),
(22, 3251, 0),
(54, 3251, 0),
(22, 3252, 0),
(54, 3252, 0),
(22, 3253, 0),
(54, 3253, 0),
(22, 3254, 0),
(54, 3254, 0),
(22, 3255, 0),
(54, 3255, 0),
(22, 3256, 0),
(44, 3256, 0),
(54, 3256, 0),
(56, 3256, 0),
(22, 3257, 0),
(54, 3257, 0),
(56, 3257, 0),
(22, 3258, 0),
(54, 3258, 0),
(22, 3259, 0),
(30, 3259, 0),
(50, 3259, 0),
(51, 3259, 0),
(54, 3259, 0),
(22, 3260, 0),
(54, 3260, 0),
(22, 3261, 0),
(31, 3261, 0),
(44, 3261, 0),
(54, 3261, 0),
(65, 3261, 0),
(22, 3262, 0),
(54, 3262, 0),
(22, 3263, 0),
(54, 3263, 0),
(22, 3264, 0),
(54, 3264, 0),
(22, 3265, 0),
(28, 3265, 0),
(29, 3265, 0),
(30, 3265, 0),
(49, 3265, 0),
(50, 3265, 0),
(51, 3265, 0),
(52, 3265, 0),
(54, 3265, 0),
(22, 3266, 0),
(54, 3266, 0),
(22, 3267, 0),
(54, 3267, 0),
(22, 3268, 0),
(54, 3268, 0),
(22, 3269, 0),
(54, 3269, 0),
(22, 3270, 0),
(23, 3270, 0),
(28, 3270, 0),
(29, 3270, 0),
(30, 3270, 0),
(49, 3270, 0),
(52, 3270, 0),
(54, 3270, 0),
(56, 3270, 0),
(65, 3270, 0),
(22, 3271, 0),
(54, 3271, 0),
(22, 3272, 0),
(54, 3272, 0),
(56, 3272, 0),
(22, 3273, 0),
(54, 3273, 0),
(22, 3274, 0),
(22, 3274, 1),
(25, 3274, 1),
(26, 3274, 1),
(28, 3274, 1),
(29, 3274, 1),
(30, 3274, 1),
(49, 3274, 0),
(52, 3274, 0),
(54, 3274, 0),
(54, 3274, 1),
(22, 3275, 0),
(54, 3275, 0),
(22, 3276, 0),
(54, 3276, 0),
(22, 3277, 0),
(54, 3277, 0),
(22, 3278, 0),
(50, 3278, 0),
(51, 3278, 0),
(54, 3278, 0),
(56, 3278, 0),
(22, 3279, 0),
(54, 3279, 0),
(22, 3280, 0),
(54, 3280, 0),
(22, 3281, 0),
(44, 3281, 0),
(54, 3281, 0),
(22, 3282, 0),
(31, 3282, 0),
(54, 3282, 0),
(56, 3282, 0),
(22, 3283, 0),
(54, 3283, 0),
(22, 3284, 0),
(54, 3284, 0),
(22, 3285, 0),
(54, 3285, 0),
(22, 3286, 0),
(54, 3286, 0),
(22, 3287, 0),
(54, 3287, 0),
(22, 3288, 0),
(54, 3288, 0),
(22, 3289, 0),
(54, 3289, 0),
(22, 3290, 0),
(54, 3290, 0),
(22, 3291, 0),
(54, 3291, 0),
(22, 3292, 0),
(54, 3292, 0),
(22, 3293, 0),
(54, 3293, 0),
(22, 3294, 0),
(54, 3294, 0),
(22, 3295, 0),
(54, 3295, 0),
(22, 3296, 0),
(28, 3296, 0),
(29, 3296, 0),
(30, 3296, 0),
(44, 3296, 0),
(54, 3296, 0),
(56, 3296, 0),
(22, 3297, 0),
(54, 3297, 0),
(22, 3298, 0),
(54, 3298, 0),
(22, 3299, 0),
(26, 3299, 0),
(28, 3299, 0),
(29, 3299, 0),
(30, 3299, 0),
(54, 3299, 0),
(56, 3299, 0),
(22, 3300, 0),
(23, 3300, 0),
(54, 3300, 0),
(22, 3301, 0),
(54, 3301, 0),
(22, 3302, 0),
(54, 3302, 0),
(22, 3303, 0),
(54, 3303, 0),
(22, 3304, 0),
(50, 3304, 0),
(51, 3304, 0),
(54, 3304, 0),
(56, 3304, 0),
(22, 3305, 0),
(54, 3305, 0),
(22, 3306, 0),
(54, 3306, 0),
(22, 3307, 0),
(54, 3307, 0),
(22, 3308, 0),
(54, 3308, 0),
(22, 3309, 0),
(31, 3309, 0),
(54, 3309, 0),
(22, 3310, 0),
(54, 3310, 0),
(22, 3311, 0),
(54, 3311, 0),
(22, 3312, 0),
(54, 3312, 0),
(22, 3313, 0),
(54, 3313, 0),
(22, 3314, 0),
(54, 3314, 0),
(56, 3314, 0),
(22, 3315, 0),
(31, 3315, 0),
(48, 3315, 0),
(49, 3315, 0),
(52, 3315, 0),
(54, 3315, 0),
(22, 3316, 0),
(54, 3316, 0),
(22, 3317, 0),
(54, 3317, 0),
(22, 3318, 0),
(54, 3318, 0),
(22, 3319, 0),
(29, 3319, 0),
(30, 3319, 0),
(53, 3319, 0),
(54, 3319, 0),
(22, 3320, 0),
(50, 3320, 0),
(51, 3320, 0),
(54, 3320, 0),
(22, 3321, 0),
(54, 3321, 0),
(22, 3322, 0),
(31, 3322, 0),
(54, 3322, 0),
(22, 3323, 0),
(54, 3323, 0),
(56, 3323, 0),
(22, 3324, 0),
(54, 3324, 0),
(22, 3325, 0),
(54, 3325, 0),
(22, 3326, 0),
(54, 3326, 0),
(22, 3327, 0),
(54, 3327, 0),
(22, 3328, 0),
(54, 3328, 0),
(22, 3329, 0),
(54, 3329, 0),
(22, 3330, 0),
(54, 3330, 0),
(22, 3331, 0),
(54, 3331, 0),
(22, 3332, 0),
(54, 3332, 0),
(22, 3333, 0),
(54, 3333, 0),
(22, 3334, 0),
(54, 3334, 0),
(22, 3335, 0),
(54, 3335, 0),
(22, 3336, 0),
(54, 3336, 0),
(22, 3337, 0),
(54, 3337, 0),
(22, 3338, 0),
(54, 3338, 0),
(22, 3339, 0),
(54, 3339, 0),
(56, 3339, 0),
(22, 3340, 0),
(54, 3340, 0),
(22, 3341, 0),
(54, 3341, 0),
(22, 3342, 0),
(54, 3342, 0),
(22, 3343, 0),
(54, 3343, 0),
(22, 3344, 0),
(54, 3344, 0),
(56, 3344, 0),
(22, 3345, 0),
(54, 3345, 0),
(22, 3346, 0),
(54, 3346, 0),
(22, 3347, 0),
(54, 3347, 0),
(56, 3347, 0),
(22, 3348, 0),
(54, 3348, 0),
(56, 3348, 0),
(22, 3349, 0),
(31, 3349, 0),
(49, 3349, 0),
(52, 3349, 0),
(54, 3349, 0),
(56, 3349, 0),
(22, 3350, 0),
(49, 3350, 0),
(52, 3350, 0),
(54, 3350, 0),
(22, 3351, 0),
(49, 3351, 0),
(50, 3351, 0),
(51, 3351, 0),
(52, 3351, 0),
(54, 3351, 0),
(22, 3352, 0),
(54, 3352, 0),
(22, 3353, 0),
(54, 3353, 0),
(22, 3354, 0),
(54, 3354, 0),
(22, 3355, 0),
(54, 3355, 0),
(22, 3356, 0),
(54, 3356, 0),
(22, 3357, 0),
(30, 3357, 0),
(54, 3357, 0),
(22, 3358, 0),
(54, 3358, 0),
(22, 3359, 0),
(54, 3359, 0),
(22, 3360, 0),
(54, 3360, 0),
(56, 3360, 0),
(22, 3361, 0),
(30, 3361, 0),
(54, 3361, 0),
(22, 3362, 0),
(54, 3362, 0),
(22, 3363, 0),
(54, 3363, 0),
(22, 3364, 0),
(54, 3364, 0),
(22, 3365, 0),
(54, 3365, 0),
(22, 3366, 0),
(54, 3366, 0),
(22, 3367, 0),
(54, 3367, 0),
(22, 3368, 0),
(54, 3368, 0),
(22, 3369, 0),
(23, 3369, 0),
(28, 3369, 0),
(29, 3369, 0),
(30, 3369, 0),
(54, 3369, 0),
(22, 3370, 0),
(54, 3370, 0),
(22, 3371, 0),
(25, 3371, 0),
(26, 3371, 0),
(28, 3371, 0),
(29, 3371, 0),
(49, 3371, 0),
(52, 3371, 0),
(54, 3371, 0),
(56, 3371, 0),
(22, 3372, 0),
(54, 3372, 0),
(22, 3373, 0),
(54, 3373, 0),
(22, 3374, 0),
(54, 3374, 0),
(22, 3375, 0),
(54, 3375, 0),
(22, 3376, 0),
(54, 3376, 0),
(22, 3377, 0),
(54, 3377, 0),
(22, 3378, 0),
(54, 3378, 0),
(22, 3379, 0),
(54, 3379, 0),
(22, 3380, 0),
(50, 3380, 0),
(51, 3380, 0),
(54, 3380, 0),
(22, 3381, 0),
(30, 3381, 0),
(50, 3381, 0),
(51, 3381, 0),
(54, 3381, 0),
(56, 3381, 0),
(22, 3382, 0),
(54, 3382, 0),
(22, 3383, 0),
(54, 3383, 0),
(56, 3383, 0),
(22, 3384, 0),
(50, 3384, 0),
(51, 3384, 0),
(54, 3384, 0),
(65, 3384, 0),
(22, 3385, 0),
(54, 3385, 0),
(22, 3386, 0),
(28, 3386, 0),
(29, 3386, 0),
(30, 3386, 0),
(49, 3386, 0),
(50, 3386, 0),
(51, 3386, 0),
(52, 3386, 0),
(54, 3386, 0),
(56, 3386, 0),
(22, 3387, 0),
(31, 3387, 0),
(36, 3387, 0),
(54, 3387, 0),
(22, 3388, 0),
(48, 3388, 0),
(49, 3388, 0),
(52, 3388, 0),
(54, 3388, 0),
(56, 3388, 0),
(22, 3389, 0),
(54, 3389, 0),
(22, 3390, 0),
(54, 3390, 0),
(22, 3391, 0),
(54, 3391, 0),
(56, 3391, 0),
(22, 3392, 0),
(54, 3392, 0),
(22, 3393, 0),
(28, 3393, 0),
(29, 3393, 0),
(30, 3393, 0),
(50, 3393, 0),
(51, 3393, 0),
(54, 3393, 0),
(56, 3393, 0),
(65, 3393, 0),
(22, 3394, 0),
(50, 3394, 0),
(51, 3394, 0),
(54, 3394, 0),
(56, 3394, 0),
(22, 3395, 0),
(54, 3395, 0),
(22, 3396, 0),
(54, 3396, 0),
(56, 3396, 0),
(22, 3397, 0),
(54, 3397, 0),
(56, 3397, 0),
(22, 3398, 0),
(54, 3398, 0),
(22, 3399, 0),
(54, 3399, 0),
(22, 3400, 0),
(54, 3400, 0),
(22, 3401, 0),
(49, 3401, 0),
(52, 3401, 0),
(54, 3401, 0),
(22, 3402, 0),
(49, 3402, 0),
(50, 3402, 0),
(51, 3402, 0),
(52, 3402, 0),
(54, 3402, 0),
(22, 3403, 0),
(54, 3403, 0),
(56, 3403, 0),
(22, 3404, 0),
(50, 3404, 0),
(51, 3404, 0),
(54, 3404, 0),
(62, 3404, 0),
(22, 3405, 0),
(54, 3405, 0),
(22, 3406, 0),
(54, 3406, 0),
(56, 3406, 0),
(22, 3407, 0),
(54, 3407, 0),
(22, 3408, 0),
(54, 3408, 0),
(22, 3409, 0),
(54, 3409, 0),
(22, 3410, 0),
(30, 3410, 0),
(54, 3410, 0),
(22, 3411, 0),
(54, 3411, 0),
(22, 3412, 0),
(54, 3412, 0),
(22, 3413, 0),
(54, 3413, 0),
(22, 3414, 0),
(54, 3414, 0),
(22, 3415, 0),
(54, 3415, 0),
(22, 3416, 0),
(54, 3416, 0),
(56, 3416, 0),
(22, 3417, 0),
(54, 3417, 0),
(22, 3418, 0),
(54, 3418, 0),
(56, 3418, 0),
(22, 3419, 0),
(54, 3419, 0),
(22, 3420, 0),
(54, 3420, 0),
(22, 3421, 0),
(54, 3421, 0),
(22, 3422, 0),
(54, 3422, 0),
(22, 3423, 0),
(54, 3423, 0),
(22, 3424, 0),
(54, 3424, 0),
(22, 3425, 0),
(54, 3425, 0),
(22, 3426, 0),
(54, 3426, 0),
(22, 3427, 0),
(26, 3427, 0),
(28, 3427, 0),
(29, 3427, 0),
(30, 3427, 0),
(54, 3427, 0),
(22, 3428, 0),
(54, 3428, 0),
(22, 3429, 0),
(54, 3429, 0),
(22, 3430, 0),
(54, 3430, 0),
(22, 3431, 0),
(54, 3431, 0),
(22, 3432, 0),
(54, 3432, 0),
(22, 3433, 0),
(54, 3433, 0),
(22, 3434, 0),
(54, 3434, 0),
(22, 3435, 0),
(54, 3435, 0),
(22, 3436, 0),
(48, 3436, 0),
(49, 3436, 0),
(52, 3436, 0),
(54, 3436, 0),
(57, 3436, 0),
(22, 3437, 0),
(54, 3437, 0),
(22, 3438, 0),
(54, 3438, 0),
(22, 3439, 0),
(54, 3439, 0),
(22, 3440, 0),
(54, 3440, 0),
(56, 3440, 0),
(22, 3441, 0),
(54, 3441, 0),
(22, 3442, 0),
(31, 3442, 0),
(54, 3442, 0),
(22, 3443, 0),
(54, 3443, 0),
(22, 3444, 0),
(54, 3444, 0),
(22, 3445, 0),
(54, 3445, 0),
(22, 3446, 0),
(30, 3446, 0),
(31, 3446, 0),
(54, 3446, 0),
(56, 3446, 0),
(22, 3447, 0),
(54, 3447, 0),
(22, 3448, 0),
(54, 3448, 0),
(22, 3449, 0),
(54, 3449, 0),
(22, 3450, 0),
(30, 3450, 0),
(54, 3450, 0),
(22, 3451, 0),
(54, 3451, 0),
(22, 3452, 0),
(54, 3452, 0),
(22, 3453, 0),
(54, 3453, 0),
(22, 3454, 0),
(54, 3454, 0),
(22, 3455, 0),
(54, 3455, 0),
(56, 3455, 0),
(22, 3456, 0),
(54, 3456, 0),
(56, 3456, 0),
(22, 3457, 0),
(54, 3457, 0),
(22, 3458, 0),
(54, 3458, 0),
(22, 3459, 0),
(54, 3459, 0),
(22, 3460, 0),
(50, 3460, 0),
(51, 3460, 0),
(54, 3460, 0),
(22, 3461, 0),
(54, 3461, 0),
(22, 3462, 0),
(28, 3462, 0),
(29, 3462, 0),
(30, 3462, 0),
(54, 3462, 0),
(56, 3462, 0),
(22, 3463, 0),
(54, 3463, 0),
(22, 3464, 0),
(28, 3464, 0),
(29, 3464, 0),
(30, 3464, 0),
(54, 3464, 0),
(56, 3464, 0),
(22, 3465, 0),
(54, 3465, 0),
(22, 3466, 0),
(54, 3466, 0),
(22, 3467, 0),
(54, 3467, 0),
(22, 3468, 0),
(54, 3468, 0),
(22, 3469, 0),
(54, 3469, 0),
(22, 3470, 1),
(25, 3470, 1),
(26, 3470, 1),
(28, 3470, 1),
(29, 3470, 1),
(30, 3470, 1),
(54, 3470, 1),
(22, 3471, 1),
(25, 3471, 1),
(26, 3471, 1),
(28, 3471, 1),
(29, 3471, 1),
(30, 3471, 1),
(54, 3471, 1),
(56, 3471, 0),
(22, 3472, 1),
(25, 3472, 1),
(26, 3472, 1),
(28, 3472, 1),
(29, 3472, 1),
(30, 3472, 1),
(54, 3472, 1),
(22, 3473, 1),
(25, 3473, 1),
(26, 3473, 1),
(28, 3473, 1),
(29, 3473, 1),
(30, 3473, 1),
(54, 3473, 1),
(22, 3474, 0),
(54, 3474, 0),
(22, 3475, 0),
(54, 3475, 0),
(22, 3476, 0),
(31, 3476, 0),
(54, 3476, 0),
(22, 3477, 0),
(54, 3477, 0),
(22, 3478, 0),
(54, 3478, 0),
(23, 3479, 0),
(56, 3479, 1),
(23, 3480, 0),
(36, 3480, 0),
(23, 3481, 0),
(23, 3482, 0),
(26, 3482, 0),
(28, 3482, 0),
(29, 3482, 0),
(30, 3482, 0),
(23, 3483, 0),
(24, 3484, 0),
(24, 3485, 0),
(56, 3485, 0),
(24, 3486, 0),
(49, 3486, 0),
(52, 3486, 0),
(24, 3487, 0),
(25, 3488, 0),
(26, 3488, 0),
(28, 3488, 0),
(29, 3488, 0),
(30, 3488, 0),
(25, 3489, 0),
(26, 3489, 0),
(28, 3489, 0),
(29, 3489, 0),
(25, 3490, 0),
(26, 3490, 0),
(28, 3490, 0),
(29, 3490, 0),
(25, 3491, 0),
(26, 3491, 0),
(28, 3491, 0),
(29, 3491, 0),
(25, 3492, 0),
(26, 3492, 0),
(28, 3492, 0),
(29, 3492, 0),
(48, 3492, 0),
(49, 3492, 0),
(52, 3492, 0),
(25, 3493, 0),
(26, 3493, 0),
(28, 3493, 0),
(29, 3493, 0),
(30, 3493, 0),
(26, 3494, 0),
(28, 3494, 0),
(29, 3494, 0),
(26, 3495, 0),
(28, 3495, 0),
(29, 3495, 0),
(30, 3495, 0),
(26, 3496, 0),
(28, 3496, 0),
(29, 3496, 0),
(30, 3496, 0),
(26, 3497, 0),
(28, 3497, 0),
(29, 3497, 0),
(30, 3497, 0),
(26, 3498, 0),
(28, 3498, 0),
(29, 3498, 0),
(30, 3498, 0),
(26, 3499, 0),
(28, 3499, 0),
(29, 3499, 0),
(30, 3499, 0),
(28, 3502, 0),
(29, 3502, 0),
(30, 3502, 0),
(28, 3503, 0),
(29, 3503, 0),
(30, 3503, 0),
(28, 3504, 0),
(29, 3504, 0),
(30, 3504, 0),
(28, 3505, 0),
(29, 3505, 0),
(30, 3505, 0),
(28, 3506, 0),
(29, 3506, 0),
(30, 3506, 0),
(28, 3507, 0),
(29, 3507, 0),
(30, 3507, 0),
(28, 3508, 0),
(29, 3508, 0),
(30, 3508, 0),
(28, 3509, 0),
(29, 3509, 0),
(30, 3509, 0),
(28, 3510, 0),
(29, 3510, 0),
(30, 3510, 0),
(28, 3511, 0),
(29, 3511, 0),
(30, 3511, 0),
(28, 3512, 0),
(29, 3512, 0),
(30, 3512, 0),
(28, 3513, 0),
(29, 3513, 0),
(30, 3513, 0),
(28, 3514, 0),
(29, 3514, 0),
(30, 3514, 0),
(28, 3515, 0),
(29, 3515, 0),
(30, 3515, 0),
(28, 3516, 0),
(29, 3516, 0),
(30, 3516, 0),
(28, 3517, 0),
(29, 3517, 0),
(30, 3517, 0),
(28, 3518, 0),
(29, 3518, 0),
(30, 3518, 0),
(28, 3519, 0),
(29, 3519, 0),
(30, 3519, 0),
(28, 3520, 0),
(29, 3520, 0),
(30, 3520, 0),
(28, 3521, 0),
(29, 3521, 0),
(30, 3521, 0),
(28, 3522, 0),
(29, 3522, 0),
(30, 3522, 0),
(28, 3523, 0),
(29, 3523, 0),
(30, 3523, 0),
(28, 3524, 0),
(29, 3524, 0),
(30, 3524, 0),
(28, 3525, 0),
(29, 3525, 0),
(30, 3525, 0),
(28, 3526, 0),
(29, 3526, 0),
(30, 3526, 0),
(28, 3527, 0),
(29, 3527, 0),
(30, 3527, 0),
(28, 3528, 0),
(29, 3528, 0),
(30, 3528, 0),
(28, 3529, 0),
(29, 3529, 0),
(30, 3529, 0),
(28, 3530, 0),
(29, 3530, 0),
(30, 3530, 0),
(49, 3530, 0),
(50, 3530, 0),
(51, 3530, 0),
(52, 3530, 0),
(29, 3531, 0),
(30, 3531, 0),
(29, 3532, 0),
(30, 3532, 0),
(29, 3533, 0),
(30, 3533, 0),
(29, 3534, 0),
(30, 3534, 0),
(29, 3535, 0),
(30, 3535, 0),
(29, 3536, 0),
(30, 3536, 0),
(30, 3537, 0),
(30, 3538, 0),
(30, 3539, 0),
(30, 3540, 0),
(30, 3541, 0),
(30, 3542, 0),
(30, 3543, 0),
(30, 3544, 0),
(56, 3544, 0),
(30, 3545, 0),
(30, 3546, 0),
(30, 3547, 0),
(30, 3548, 0),
(30, 3549, 0),
(30, 3550, 0),
(30, 3551, 0),
(30, 3552, 0),
(30, 3553, 0),
(31, 3553, 0),
(30, 3554, 0),
(30, 3555, 0),
(30, 3556, 0),
(30, 3557, 0),
(30, 3558, 0),
(30, 3559, 0),
(30, 3560, 0),
(56, 3560, 0),
(30, 3561, 0),
(30, 3562, 0),
(30, 3563, 0),
(30, 3564, 0),
(30, 3565, 0),
(30, 3566, 0),
(30, 3567, 0),
(30, 3568, 0),
(30, 3569, 0),
(44, 3569, 0),
(50, 3569, 0),
(51, 3569, 0),
(30, 3570, 0),
(30, 3571, 0),
(31, 3572, 0),
(31, 3573, 0),
(31, 3573, 1),
(31, 3574, 0),
(56, 3574, 0),
(31, 3575, 0),
(56, 3575, 0),
(31, 3576, 0),
(31, 3577, 0),
(31, 3578, 0),
(31, 3579, 0),
(31, 3580, 0),
(62, 3580, 0),
(31, 3581, 0),
(31, 3582, 0),
(31, 3583, 0),
(31, 3584, 0),
(31, 3585, 0),
(31, 3586, 0),
(31, 3587, 0),
(31, 3587, 1),
(31, 3588, 0),
(31, 3589, 0),
(31, 3590, 0),
(31, 3591, 0),
(31, 3592, 0),
(31, 3593, 0),
(31, 3594, 0),
(31, 3595, 0),
(31, 3596, 0),
(56, 3596, 0),
(56, 3600, 0),
(56, 3604, 0),
(56, 3608, 0),
(56, 3617, 0),
(44, 3647, 0),
(35, 3648, 0),
(35, 3649, 0),
(35, 3650, 0),
(35, 3651, 0),
(35, 3652, 0),
(35, 3653, 0),
(35, 3654, 0),
(35, 3655, 0),
(35, 3656, 0),
(35, 3657, 0),
(35, 3658, 0),
(35, 3659, 0),
(35, 3660, 0),
(35, 3661, 0),
(35, 3662, 0),
(35, 3663, 0),
(35, 3664, 0),
(35, 3665, 0),
(35, 3666, 0),
(35, 3667, 0),
(35, 3668, 0),
(35, 3669, 0),
(35, 3670, 0),
(35, 3671, 0),
(35, 3672, 0),
(35, 3673, 0),
(35, 3674, 0),
(35, 3675, 0),
(35, 3676, 0),
(35, 3677, 1),
(36, 3677, 1),
(46, 3677, 1),
(35, 3678, 1),
(36, 3678, 1),
(46, 3678, 1),
(36, 3679, 0),
(36, 3680, 0),
(53, 3681, 0),
(43, 3684, 1),
(44, 3684, 0),
(45, 3684, 1),
(47, 3684, 0),
(44, 3687, 0),
(53, 3690, 0),
(62, 3690, 0),
(65, 3692, 0),
(50, 3693, 0),
(51, 3693, 0),
(56, 3693, 0),
(43, 3698, 1),
(44, 3698, 0),
(45, 3698, 1),
(47, 3698, 0),
(65, 3698, 0),
(44, 3699, 0),
(44, 3700, 0),
(44, 3701, 0),
(44, 3702, 0),
(44, 3703, 0),
(53, 3703, 0),
(44, 3704, 0),
(44, 3705, 0),
(44, 3706, 0),
(44, 3707, 0),
(44, 3708, 0),
(56, 3708, 0),
(46, 3709, 0),
(49, 3709, 0),
(50, 3709, 0),
(51, 3709, 0),
(52, 3709, 0),
(56, 3709, 0),
(65, 3709, 0),
(46, 3710, 0),
(48, 3711, 0),
(49, 3711, 0),
(52, 3711, 0),
(48, 3712, 1),
(49, 3712, 1),
(50, 3712, 0),
(51, 3712, 0),
(52, 3712, 1),
(49, 3713, 0),
(52, 3713, 0),
(49, 3714, 0),
(52, 3714, 0),
(49, 3715, 0),
(52, 3715, 0),
(49, 3716, 0),
(52, 3716, 0),
(49, 3717, 0),
(50, 3717, 0),
(51, 3717, 0),
(52, 3717, 0),
(49, 3718, 0),
(50, 3718, 0),
(51, 3718, 0),
(52, 3718, 0),
(65, 3718, 0),
(49, 3719, 0),
(50, 3719, 0),
(51, 3719, 0),
(52, 3719, 0),
(49, 3720, 0),
(50, 3720, 0),
(51, 3720, 0),
(52, 3720, 0),
(53, 3720, 0),
(49, 3721, 0),
(50, 3721, 0),
(51, 3721, 0),
(52, 3721, 0),
(53, 3721, 0),
(49, 3722, 0),
(52, 3722, 0),
(49, 3723, 0),
(52, 3723, 0),
(56, 3723, 0),
(49, 3724, 0),
(52, 3724, 0),
(49, 3725, 0),
(50, 3725, 0),
(51, 3725, 0),
(52, 3725, 0),
(49, 3726, 0),
(52, 3726, 0),
(49, 3727, 0),
(50, 3727, 0),
(51, 3727, 0),
(52, 3727, 0),
(49, 3728, 0),
(52, 3728, 0),
(49, 3729, 0),
(52, 3729, 0),
(56, 3729, 0),
(49, 3730, 0),
(52, 3730, 0),
(49, 3731, 0),
(50, 3731, 0),
(51, 3731, 0),
(52, 3731, 0),
(49, 3732, 0),
(52, 3732, 0),
(49, 3733, 0),
(52, 3733, 0),
(53, 3733, 0),
(49, 3734, 0),
(52, 3734, 0),
(49, 3735, 0),
(52, 3735, 0),
(49, 3736, 0),
(50, 3736, 0),
(51, 3736, 0),
(52, 3736, 0),
(50, 3737, 0),
(51, 3737, 0),
(50, 3738, 0),
(51, 3738, 0),
(50, 3739, 0),
(51, 3739, 0),
(50, 3740, 0),
(51, 3740, 0),
(50, 3741, 0),
(51, 3741, 0),
(50, 3742, 0),
(51, 3742, 0),
(50, 3743, 0),
(51, 3743, 0),
(50, 3744, 0),
(51, 3744, 0),
(50, 3745, 0),
(51, 3745, 0),
(50, 3746, 0),
(51, 3746, 0),
(50, 3747, 0),
(51, 3747, 0),
(50, 3748, 0),
(51, 3748, 0),
(56, 3748, 0),
(50, 3749, 0),
(51, 3749, 0),
(50, 3750, 0),
(51, 3750, 0),
(50, 3751, 0),
(51, 3751, 0),
(50, 3752, 1),
(51, 3752, 1),
(51, 3753, 0),
(51, 3754, 0),
(53, 3754, 1),
(51, 3755, 0),
(52, 3755, 0),
(52, 3756, 0),
(52, 3757, 0),
(52, 3758, 0),
(52, 3759, 0),
(53, 3759, 0),
(53, 3760, 0),
(53, 3761, 0),
(53, 3762, 0),
(53, 3763, 0),
(53, 3764, 0),
(53, 3765, 0),
(53, 3766, 0),
(54, 3767, 0),
(54, 3768, 0),
(56, 3769, 0),
(56, 3770, 0),
(56, 3771, 0),
(56, 3772, 0),
(56, 3773, 0),
(56, 3774, 0),
(56, 3775, 0),
(56, 3776, 0),
(56, 3777, 0),
(56, 3778, 0),
(56, 3779, 0),
(56, 3780, 0),
(56, 3781, 0),
(56, 3782, 0),
(56, 3783, 0),
(56, 3784, 0),
(56, 3785, 0),
(56, 3786, 0),
(56, 3787, 0),
(56, 3788, 0),
(56, 3789, 0),
(56, 3790, 0),
(56, 3791, 0),
(56, 3792, 0),
(56, 3793, 0),
(56, 3794, 0),
(56, 3795, 0),
(56, 3796, 0),
(56, 3797, 0),
(56, 3798, 0),
(56, 3799, 0),
(56, 3800, 0),
(56, 3801, 0),
(56, 3802, 0),
(56, 3803, 0),
(56, 3804, 0),
(56, 3805, 0),
(56, 3806, 0),
(56, 3807, 0),
(56, 3808, 0),
(56, 3809, 0),
(56, 3810, 0),
(56, 3811, 0),
(56, 3812, 0),
(56, 3813, 0),
(56, 3814, 0),
(56, 3815, 0),
(56, 3816, 0),
(56, 3817, 0),
(56, 3818, 0),
(56, 3819, 0),
(56, 3820, 0),
(56, 3821, 0),
(56, 3822, 0),
(56, 3823, 0),
(56, 3824, 0),
(56, 3825, 0),
(56, 3826, 0),
(56, 3827, 0),
(56, 3828, 0),
(56, 3829, 0),
(56, 3830, 0),
(56, 3831, 0),
(56, 3832, 0),
(56, 3833, 0),
(56, 3834, 0),
(56, 3835, 0),
(56, 3836, 0),
(56, 3837, 0),
(56, 3838, 0),
(56, 3839, 0),
(56, 3840, 0),
(56, 3841, 0),
(56, 3842, 0),
(56, 3843, 0),
(56, 3844, 0),
(56, 3845, 0),
(56, 3846, 0),
(56, 3847, 0),
(56, 3848, 0),
(56, 3849, 0),
(56, 3850, 0),
(56, 3851, 0),
(56, 3852, 0),
(56, 3853, 0),
(56, 3854, 0),
(56, 3855, 0),
(56, 3856, 0),
(56, 3857, 0),
(56, 3858, 0),
(56, 3859, 0),
(56, 3860, 0),
(56, 3861, 0),
(56, 3862, 0),
(56, 3863, 0),
(56, 3864, 0),
(56, 3865, 0),
(56, 3866, 0),
(56, 3867, 0),
(56, 3868, 0),
(56, 3869, 0),
(56, 3870, 0),
(56, 3871, 0),
(56, 3872, 0),
(56, 3873, 0),
(56, 3874, 0),
(56, 3875, 0),
(56, 3876, 0),
(56, 3877, 0),
(56, 3878, 0),
(56, 3879, 0),
(56, 3880, 0),
(56, 3881, 0),
(56, 3882, 0),
(56, 3883, 0),
(56, 3884, 0),
(56, 3885, 0),
(56, 3886, 0),
(56, 3887, 0),
(56, 3888, 0),
(56, 3889, 0),
(56, 3890, 0),
(56, 3891, 0),
(56, 3892, 0),
(56, 3893, 0),
(56, 3894, 0),
(56, 3895, 0),
(56, 3896, 0),
(56, 3897, 0),
(56, 3898, 0),
(56, 3899, 0),
(56, 3900, 0),
(56, 3901, 0),
(56, 3902, 0),
(56, 3903, 0),
(56, 3904, 0),
(56, 3905, 0),
(56, 3906, 0),
(56, 3906, 1),
(56, 3907, 0),
(56, 3908, 0),
(56, 3909, 0),
(56, 3910, 0),
(56, 3911, 0),
(56, 3912, 0),
(56, 3913, 0),
(56, 3914, 0),
(56, 3915, 0),
(56, 3916, 0),
(56, 3917, 0),
(56, 3918, 0),
(56, 3919, 0),
(56, 3920, 0),
(56, 3921, 0),
(56, 3922, 0),
(56, 3923, 0),
(56, 3924, 0),
(56, 3925, 0),
(56, 3926, 0),
(56, 3927, 0),
(56, 3928, 0),
(56, 3929, 0),
(56, 3930, 0),
(56, 3931, 0),
(56, 3932, 0),
(56, 3933, 0),
(56, 3934, 0),
(56, 3935, 0),
(56, 3936, 0),
(56, 3937, 0),
(56, 3938, 0),
(56, 3939, 0),
(56, 3940, 0),
(56, 3941, 0),
(56, 3942, 0),
(56, 3943, 0),
(56, 3947, 0),
(56, 3948, 0),
(56, 3949, 0),
(56, 3950, 0),
(56, 3951, 0),
(56, 3952, 0),
(56, 3953, 0),
(56, 3954, 0),
(56, 3955, 0),
(56, 3956, 0),
(56, 3957, 0),
(56, 3958, 0),
(56, 3959, 0),
(56, 3960, 0),
(56, 3961, 0),
(56, 3962, 0),
(56, 3963, 0),
(56, 3964, 0),
(56, 3965, 0),
(56, 3966, 0),
(56, 3967, 0),
(56, 3968, 0),
(56, 3969, 0),
(56, 3970, 0),
(56, 3971, 0),
(56, 3972, 0),
(56, 3973, 0),
(56, 3974, 0),
(56, 3975, 0),
(56, 3976, 0),
(56, 3977, 0),
(56, 3978, 0),
(56, 3979, 0),
(56, 3980, 0),
(56, 3981, 0),
(56, 3982, 0),
(56, 3983, 0),
(56, 3984, 0),
(56, 3985, 0),
(56, 3986, 0),
(56, 3987, 0),
(56, 3988, 0),
(56, 3989, 0),
(56, 3990, 0),
(56, 3991, 0),
(56, 3992, 0),
(56, 3993, 0),
(56, 3994, 0),
(56, 3995, 0),
(56, 3996, 0),
(56, 3997, 0),
(56, 3998, 0),
(56, 3999, 0),
(56, 4000, 0),
(56, 4001, 0),
(56, 4002, 0),
(56, 4003, 0),
(56, 4004, 0),
(56, 4005, 0),
(56, 4006, 0),
(56, 4007, 0),
(56, 4008, 0),
(56, 4009, 0),
(56, 4010, 0),
(56, 4011, 0),
(56, 4012, 0),
(56, 4013, 0),
(56, 4014, 0),
(56, 4015, 0),
(56, 4016, 0),
(56, 4017, 0),
(56, 4018, 0),
(56, 4019, 0),
(56, 4020, 0),
(56, 4021, 0),
(56, 4022, 0),
(56, 4023, 0),
(56, 4024, 0),
(56, 4025, 0),
(56, 4026, 0),
(56, 4027, 0),
(56, 4028, 0),
(56, 4029, 0),
(56, 4030, 0),
(56, 4031, 0),
(56, 4032, 0),
(56, 4033, 0),
(56, 4034, 0),
(56, 4035, 0),
(56, 4036, 0),
(56, 4037, 0),
(56, 4038, 0),
(56, 4039, 0),
(56, 4040, 0),
(56, 4041, 0),
(56, 4042, 0),
(56, 4043, 0),
(56, 4044, 0),
(56, 4045, 0),
(56, 4046, 0),
(56, 4047, 0),
(56, 4048, 0),
(56, 4049, 0),
(56, 4050, 0),
(56, 4051, 0),
(56, 4052, 0),
(56, 4053, 0),
(56, 4054, 0),
(56, 4055, 0),
(56, 4056, 0),
(56, 4057, 0),
(56, 4058, 0),
(56, 4059, 0),
(56, 4060, 0),
(65, 4060, 0),
(56, 4061, 0),
(56, 4062, 0),
(56, 4063, 0),
(56, 4064, 0),
(56, 4065, 0),
(56, 4066, 0),
(56, 4067, 0),
(56, 4068, 0),
(56, 4069, 0),
(56, 4070, 0),
(56, 4071, 0),
(56, 4072, 0),
(56, 4073, 0),
(56, 4074, 0),
(56, 4075, 0),
(56, 4076, 0),
(56, 4077, 0),
(56, 4078, 0),
(56, 4079, 0),
(56, 4080, 0),
(56, 4081, 0),
(56, 4082, 0),
(56, 4083, 0),
(56, 4084, 0),
(56, 4085, 0),
(56, 4086, 0),
(56, 4087, 0),
(56, 4088, 0),
(56, 4089, 0),
(56, 4090, 0),
(56, 4091, 0),
(56, 4092, 0),
(56, 4093, 0),
(56, 4094, 0),
(56, 4095, 0),
(56, 4096, 0),
(56, 4097, 0),
(56, 4098, 0),
(56, 4099, 0),
(56, 4100, 0),
(56, 4101, 0),
(56, 4102, 0),
(56, 4103, 0),
(56, 4104, 0),
(56, 4105, 0),
(56, 4106, 0),
(56, 4107, 0),
(56, 4108, 0),
(56, 4109, 0),
(56, 4110, 0),
(56, 4111, 0),
(56, 4112, 0),
(56, 4113, 0),
(56, 4114, 0),
(56, 4115, 0),
(56, 4116, 0),
(56, 4117, 0),
(56, 4118, 0),
(56, 4119, 0),
(56, 4120, 0),
(56, 4121, 0),
(56, 4122, 0),
(56, 4123, 0),
(56, 4124, 0),
(56, 4124, 1),
(56, 4125, 0),
(56, 4126, 0),
(56, 4127, 0),
(56, 4128, 0),
(56, 4129, 0),
(56, 4130, 0),
(56, 4131, 0),
(56, 4132, 0),
(56, 4133, 0),
(56, 4134, 0),
(56, 4135, 0),
(56, 4136, 0),
(56, 4137, 0),
(56, 4138, 0),
(56, 4139, 0),
(56, 4140, 0),
(56, 4141, 0),
(56, 4142, 0),
(56, 4143, 0),
(56, 4144, 0),
(56, 4145, 0),
(56, 4146, 0),
(56, 4147, 0),
(56, 4148, 0),
(56, 4149, 0),
(56, 4150, 0),
(56, 4151, 0),
(56, 4152, 0),
(56, 4153, 0),
(56, 4154, 0),
(56, 4155, 0),
(56, 4156, 0),
(56, 4157, 0),
(56, 4158, 0),
(56, 4159, 0),
(56, 4160, 0),
(56, 4161, 0),
(56, 4162, 0),
(56, 4163, 0),
(56, 4164, 0),
(56, 4165, 0),
(56, 4166, 0),
(56, 4167, 0),
(56, 4168, 0),
(56, 4169, 0),
(56, 4170, 0),
(56, 4171, 0),
(56, 4172, 0),
(56, 4173, 0),
(56, 4174, 0),
(56, 4175, 0),
(56, 4176, 0),
(56, 4177, 0),
(56, 4178, 0),
(56, 4179, 0),
(56, 4180, 0),
(56, 4181, 0),
(56, 4182, 0),
(56, 4183, 0),
(56, 4184, 0),
(56, 4185, 0),
(56, 4186, 0),
(56, 4187, 0),
(56, 4188, 0),
(56, 4189, 0),
(56, 4190, 0),
(56, 4191, 0),
(56, 4192, 0),
(56, 4193, 0),
(56, 4194, 0),
(56, 4195, 0),
(56, 4196, 0),
(56, 4197, 0),
(56, 4198, 0),
(56, 4199, 0),
(56, 4200, 0),
(56, 4201, 0),
(56, 4202, 0),
(56, 4203, 0),
(56, 4204, 0),
(56, 4205, 0),
(56, 4206, 0),
(56, 4207, 0),
(56, 4208, 0),
(56, 4209, 0),
(56, 4210, 0),
(56, 4211, 0),
(56, 4212, 0),
(56, 4213, 0),
(56, 4214, 0),
(56, 4215, 0),
(56, 4216, 0),
(56, 4217, 0),
(56, 4218, 0),
(56, 4219, 0),
(56, 4220, 0),
(56, 4221, 0),
(56, 4222, 0),
(56, 4223, 0),
(56, 4224, 0),
(56, 4225, 0),
(56, 4226, 0),
(56, 4227, 0),
(56, 4228, 0),
(56, 4229, 0),
(56, 4230, 0),
(56, 4231, 0),
(56, 4232, 0),
(56, 4233, 0),
(56, 4234, 0),
(56, 4235, 0),
(56, 4236, 0),
(56, 4237, 0),
(56, 4238, 0),
(56, 4239, 0),
(56, 4240, 0),
(56, 4241, 0),
(56, 4242, 0),
(56, 4243, 0),
(56, 4244, 0),
(56, 4245, 0),
(56, 4246, 0),
(56, 4247, 0),
(56, 4248, 0),
(56, 4249, 0),
(56, 4250, 0),
(56, 4251, 0),
(56, 4252, 0),
(56, 4253, 0),
(56, 4254, 0),
(56, 4255, 0),
(56, 4256, 0),
(56, 4257, 0),
(56, 4258, 0),
(56, 4259, 0),
(56, 4260, 0),
(56, 4261, 0),
(56, 4262, 0),
(56, 4263, 0),
(56, 4264, 0),
(56, 4265, 0),
(56, 4266, 0),
(56, 4267, 0),
(56, 4268, 0),
(56, 4269, 0),
(56, 4270, 0),
(56, 4271, 0),
(56, 4272, 0),
(56, 4273, 0),
(56, 4274, 0),
(56, 4275, 0),
(56, 4276, 0),
(56, 4277, 0),
(56, 4278, 0),
(56, 4279, 0),
(56, 4280, 0),
(56, 4281, 0),
(56, 4282, 0),
(56, 4283, 0),
(56, 4284, 0),
(56, 4285, 0),
(56, 4286, 0),
(56, 4287, 0),
(56, 4288, 0),
(56, 4289, 0),
(56, 4290, 0),
(56, 4291, 0),
(56, 4292, 0),
(56, 4293, 0),
(56, 4294, 0),
(56, 4295, 0),
(56, 4296, 0),
(56, 4297, 0),
(56, 4298, 0),
(56, 4299, 0),
(56, 4300, 0),
(56, 4301, 0),
(56, 4302, 0),
(56, 4303, 0),
(56, 4304, 0),
(56, 4305, 0),
(56, 4306, 0),
(56, 4307, 0),
(56, 4308, 0),
(56, 4309, 0),
(56, 4310, 0),
(56, 4311, 1),
(58, 4312, 0),
(59, 4313, 0),
(60, 4314, 0),
(60, 4315, 1),
(61, 4316, 0),
(61, 4317, 0),
(62, 4317, 0),
(61, 4318, 0),
(62, 4319, 0),
(62, 4319, 1),
(62, 4320, 0),
(62, 4321, 0),
(62, 4321, 1),
(63, 4321, 0),
(62, 4322, 0),
(62, 4323, 0),
(62, 4324, 0),
(62, 4325, 0),
(62, 4326, 0),
(62, 4327, 0),
(62, 4328, 0),
(62, 4330, 0),
(62, 4337, 0),
(62, 4338, 1),
(63, 4338, 0),
(63, 4339, 0),
(63, 4340, 0),
(65, 4341, 0),
(65, 4342, 0),
(65, 4343, 0),
(65, 4344, 0),
(65, 4345, 0),
(65, 4346, 0),
(65, 4347, 0),
(65, 4348, 0),
(65, 4349, 0),
(65, 4350, 0),
(65, 4351, 0),
(65, 4352, 0),
(62, 4353, 0),
(62, 4354, 0),
(62, 4355, 0),
(62, 4356, 0),
(62, 4357, 0),
(62, 4358, 0),
(62, 4359, 0),
(62, 4360, 0),
(62, 4361, 0),
(62, 4362, 0),
(62, 4363, 0),
(62, 4364, 0),
(62, 4365, 0),
(62, 4366, 0),
(62, 4367, 0),
(62, 4368, 0),
(62, 4369, 0),
(62, 4370, 0),
(62, 4371, 0),
(62, 4372, 0),
(62, 4373, 0),
(62, 4374, 0),
(62, 4375, 0),
(62, 4376, 0),
(62, 4377, 0),
(62, 4378, 0);

-- --------------------------------------------------------

--
-- Table structure for table `phpbbtc_sessions`
--

CREATE TABLE `phpbbtc_sessions` (
  `session_id` char(32) NOT NULL DEFAULT '',
  `session_user_id` int(10) unsigned NOT NULL DEFAULT 0,
  `session_last_visit` int(11) unsigned NOT NULL DEFAULT 0,
  `session_start` int(11) unsigned NOT NULL DEFAULT 0,
  `session_time` int(11) unsigned NOT NULL DEFAULT 0,
  `session_ip` varchar(40) NOT NULL DEFAULT '',
  `session_browser` varchar(150) NOT NULL DEFAULT '',
  `session_forwarded_for` varchar(255) NOT NULL DEFAULT '',
  `session_page` varchar(255) NOT NULL DEFAULT '',
  `session_viewonline` tinyint(1) unsigned NOT NULL DEFAULT 1,
  `session_autologin` tinyint(1) unsigned NOT NULL DEFAULT 0,
  `session_admin` tinyint(1) unsigned NOT NULL DEFAULT 0,
  `session_forum_id` mediumint(8) unsigned NOT NULL DEFAULT 0,
  `u2f_request` text DEFAULT NULL,
  `tfa_random` text DEFAULT NULL,
  `tfa_uid` mediumint(8) unsigned NOT NULL DEFAULT 0,
  PRIMARY KEY (`session_id`),
  KEY `session_time` (`session_time`),
  KEY `session_user_id` (`session_user_id`),
  KEY `session_fid` (`session_forum_id`)
) ENGINE=InnoDB DEFAULT CHARSET=utf8 COLLATE=utf8_bin;

--
-- Dumping data for table `phpbbtc_sessions`
--

INSERT INTO `phpbbtc_sessions` VALUES
('02ae0c784bb62e5e8b9ae9a4e5d11e44', 1, 1693693087, 1693693087, 1693693129, '2a0d:5600:46:5001::bf7a', 'Mozilla/5.0 (Windows NT 10.0; Win64; x64) AppleWebKit/537.36 (KHTML, like Gecko) Chrome/116.0.0.0 Safari/537.36', '', 'app.php/styles/Milk_v2/theme/colours_dark.css', 1, 0, 0, 0, NULL, NULL, 0),
('0509a372731410b3574d7be67a7c7b60', 1, 1693695589, 1693695589, 1693695589, '35.227.62.178', 'Mozilla/5.0 (compatible; Discordbot/2.0; +https://discordapp.com)', '', 'index.php', 1, 0, 0, 0, NULL, NULL, 0),
('0d2cd434f7a2962c808c35e6caf92690', 1, 1693693522, 1693693522, 1693693522, '152.70.175.241', 'Mozilla/5.0 (Windows NT 10.0; Win64; x64) AppleWebKit/537.36 (KHTML, like Gecko) Chrome/116.0.0.0 Safari/537.36', '', 'app.php/favicon.ico', 1, 0, 0, 0, NULL, NULL, 0),
('188a825e5c7d7d41c3d8481e358c2eff', 1, 1693695229, 1693695229, 1693695229, '46.212.175.17', 'Mozilla/5.0 (Windows NT 10.0; Win64; x64; rv:109.0) Gecko/20100101 Firefox/117.0', '', 'index.php', 1, 0, 0, 0, NULL, NULL, 0),
('29693df313a2ee172882f7f03490ba99', 1, 1693695591, 1693695591, 1693695591, '50.40.127.112', 'Mozilla/5.0 (Windows NT 10.0; Win64; x64) AppleWebKit/537.36 (KHTML, like Gecko) Chrome/116.0.0.0 Safari/537.36', '', 'app.php/favicon.ico', 1, 0, 0, 0, NULL, NULL, 0),
('32214d410becca3fcde9c29babc0d49a', 1, 1693692167, 1693692167, 1693692167, '185.213.154.187', 'Mozilla/5.0 (X11; Linux x86_64) AppleWebKit/537.36 (KHTML, like Gecko) Chrome/113.0.0.0 Safari/537.36', '', 'app.php/favicon.ico', 1, 0, 0, 0, NULL, NULL, 0),
('36274c041910c4e5694123b9eed5a8aa', 1, 1693695472, 1693695472, 1693695603, '2a02:c7e:4c85:9800:8cbf:55fc:3b82:908f', 'Mozilla/5.0 (Windows NT 10.0; Win64; x64) AppleWebKit/537.36 (KHTML, like Gecko) Chrome/116.0.0.0 Safari/537.36', '', 'index.php', 1, 0, 0, 0, NULL, NULL, 0),
('449f4f7eadb69a7d536144b352c03528', 1, 1693691249, 1693691249, 1693691249, '2601:8c:417e:5f20:ada9:19b6:d34e:863a', 'Mozilla/5.0 (iPhone; CPU iPhone OS 16_0 like Mac OS X) AppleWebKit/605.1.15 (KHTML, like Gecko) Version/16.0 Mobile/15E148 Safari/604.1', '', 'index.php?fbclid=PAAabhWAGww-KVzBg3DqH4Nlcizpv2oYeh240Di3oPZYOEXcjKp45GJTe0pYo_aem_ASJF9zdyhKgDs65DcqnJ6O3fhU3tQ0JLdeo0IQEr8q83oP069e5txqreTxhXNp-LTCI', 1, 0, 0, 0, NULL, NULL, 0),
('4a15489861da8d7df5e30300ae1db0a6', 126, 1693645684, 1693693090, 1693693104, '102.159.21.239', 'Mozilla/5.0 (Windows NT 10.0; Win64; x64; rv:109.0) Gecko/20100101 Firefox/117.0', '', 'viewtopic.php?t=38', 1, 0, 0, 3, NULL, NULL, 0),
('4ab4c02ab7f46c4b040a4ee6f6a666de', 1, 1693693188, 1693693188, 1693693478, '2a02:6ea0:e001:1::b54e', 'Mozilla/5.0 (Macintosh; Intel Mac OS X 10.15; rv:109.0) Gecko/20100101 Firefox/117.0', '', 'app.php/styles/Milk_v2/theme/colours_dark.css', 1, 0, 0, 0, NULL, NULL, 0),
('577f5a40060b5e9c5ed7fdbabf503a74', 4, 1693664015, 1693664015, 1693694725, '51.222.253.12', 'Mozilla/5.0 (compatible; AhrefsBot/7.0; +http://ahrefs.com/robot/)', '', 'viewtopic.php?p=11', 1, 0, 0, 36, NULL, NULL, 0),
('64892791dd7d86d4a1558420db5acbdb', 1, 1693694285, 1693694285, 1693694683, '185.213.154.187', 'Mozilla/5.0 (X11; Linux x86_64) AppleWebKit/537.36 (KHTML, like Gecko) Chrome/113.0.0.0 Safari/537.36', '', 'app.php/styles/Milk_v2/theme/colours_dark.css', 1, 0, 0, 0, NULL, NULL, 0),
('682743fdffc952dd62fb3ab0113ff892', 1, 1693695914, 1693695914, 1693695914, '2601:14b:487e:a960:b8bc:550a:9dbd:6aae', 'Mozilla/5.0 (Windows NT 10.0; Win64; x64) AppleWebKit/537.36 (KHTML, like Gecko) Chrome/116.0.0.0 Safari/537.36 Edg/116.0.1938.69', '', 'app.php/favicon.ico', 1, 0, 0, 0, NULL, NULL, 0),
('6cb06feb33d2378e44b4a409359b89c9', 1, 1693693542, 1693693542, 1693693781, '152.70.175.241', 'Mozilla/5.0 (Windows NT 10.0; Win64; x64) AppleWebKit/537.36 (KHTML, like Gecko) Chrome/116.0.0.0 Safari/537.36', '', 'app.php/styles/Milk_v2/theme/colours_dark.css', 1, 0, 0, 0, NULL, NULL, 0),
('7e177768c0114cf6447b2327099f084b', 1, 1693693182, 1693693182, 1693693182, '2a02:6ea0:e001:1::b54e', 'Mozilla/5.0 (Macintosh; Intel Mac OS X 10.15; rv:109.0) Gecko/20100101 Firefox/117.0', '', 'app.php/favicon.ico', 1, 0, 0, 0, NULL, NULL, 0),
('7ec020fa96bedb58c2c6c99dc35255ae', 1, 1693690258, 1693690258, 1693690258, '2601:8c:417e:5f20:ada9:19b6:d34e:863a', 'Mozilla/5.0 (iPhone; CPU iPhone OS 16_0 like Mac OS X) AppleWebKit/605.1.15 (KHTML, like Gecko) Mobile/20A362 Instagram 298.0.0.19.114 (iPhone14,2; i', '', 'index.php?fbclid=PAAabhWAGww-KVzBg3DqH4Nlcizpv2oYeh240Di3oPZYOEXcjKp45GJTe0pYo_aem_ASJF9zdyhKgDs65DcqnJ6O3fhU3tQ0JLdeo0IQEr8q83oP069e5txqreTxhXNp-LTCI', 1, 0, 0, 0, NULL, NULL, 0),
('960d9539fd6465953d0aa8685478123c', 1, 1693693061, 1693693061, 1693693061, '2a0d:5600:46:5001::bf7a', 'Mozilla/5.0 (Windows NT 10.0; Win64; x64) AppleWebKit/537.36 (KHTML, like Gecko) Chrome/116.0.0.0 Safari/537.36', '', 'app.php/favicon.ico', 1, 0, 0, 0, NULL, NULL, 0),
('965842307528f6e4f6ff214247e86765', 1, 1693693210, 1693693210, 1693693210, '2a00:23c7:d012:2101:8026:7d4e:1641:7bec', 'Mozilla/5.0 (Macintosh; Intel Mac OS X 10_15_7) AppleWebKit/537.36 (KHTML, like Gecko) Chrome/116.0.0.0 Safari/537.36', '', 'index.php', 1, 0, 0, 0, NULL, NULL, 0),
('991b5795be5cf9f77c8ea0bafebd6d6d', 1, 1693693180, 1693693180, 1693693180, '35.196.132.85', 'Mozilla/5.0 (compatible; Discordbot/2.0; +https://discordapp.com)', '', 'index.php', 1, 0, 0, 0, NULL, NULL, 0),
('9a1f51dc69550e4a85f28f35c0e3b45e', 1, 1693695219, 1693695219, 1693695219, '46.212.175.17', 'Mozilla/5.0 (Windows NT 10.0; Win64; x64; rv:109.0) Gecko/20100101 Firefox/117.0', '', 'app.php/favicon.ico', 1, 0, 0, 0, NULL, NULL, 0),
('abac0bcdfd412fc1d63e5a9fc101681c', 108, 1693412582, 1693691697, 1693691702, '185.195.233.248', 'Mozilla/5.0 (Windows NT 10.0; Win64; x64) AppleWebKit/537.36 (KHTML, like Gecko) Chrome/116.0.0.0 Safari/537.36', '', 'adm/index.php?i=acp_users&mode=overview', 1, 0, 1, 0, NULL, NULL, 0),
('b33c9982cdc74b9ccc48bdefcc7d0e69', 1, 1693693182, 1693693182, 1693693182, '2a02:6ea0:e001:1::b54e', 'Mozilla/5.0 (Macintosh; Intel Mac OS X 10.15; rv:109.0) Gecko/20100101 Firefox/117.0', '', 'app.php/favicon.ico', 1, 0, 0, 0, NULL, NULL, 0),
('b348698753709d43048a00f54dd762db', 1, 1693695219, 1693695219, 1693695219, '46.212.175.17', 'Mozilla/5.0 (Windows NT 10.0; Win64; x64; rv:109.0) Gecko/20100101 Firefox/117.0', '', 'app.php/favicon.ico', 1, 0, 0, 0, NULL, NULL, 0),
('b5c5f66431719598016d54e106b07075', 1, 1693691248, 1693691248, 1693691248, '2601:8c:417e:5f20:ada9:19b6:d34e:863a', 'Mozilla/5.0 (iPhone; CPU iPhone OS 16_0 like Mac OS X) AppleWebKit/605.1.15 (KHTML, like Gecko) Version/16.0 Mobile/15E148 Safari/604.1', '', 'app.php/favicon.ico', 1, 0, 0, 0, NULL, NULL, 0),
('b95282e9948b60dbadce0b6058222953', 1, 1693695038, 1693695038, 1693695365, '2.51.128.156', 'Mozilla/5.0 (Windows NT 10.0; Win64; x64) AppleWebKit/537.36 (KHTML, like Gecko) Chrome/116.0.5845.111 Safari/537.36', '', 'app.php/styles/Milk_v2/theme/colours_dark.css', 1, 0, 0, 0, NULL, NULL, 0),
('bbc06eade493dfe8b203f680258b5f41', 1, 1693693237, 1693693237, 1693693237, '35.227.62.178', 'Mozilla/5.0 (compatible; Discordbot/2.0; +https://discordapp.com)', '', 'app.php/spysint', 1, 0, 0, 0, NULL, NULL, 0),
('c48721b47d4f24b6894c93a02b81026e', 1, 1693693065, 1693693065, 1693693065, '102.159.21.239', 'Mozilla/5.0 (Windows NT 10.0; Win64; x64; rv:109.0) Gecko/20100101 Firefox/117.0', '', 'app.php/favicon.ico', 1, 0, 0, 0, NULL, NULL, 0),
('ce5ae2247795d1c8ec0326c2aa6488c8', 1, 1693693149, 1693693149, 1693693149, '35.237.4.214', 'Mozilla/5.0 (compatible; Discordbot/2.0; +https://discordapp.com)', '', 'app.php/trial', 1, 0, 0, 0, NULL, NULL, 0),
('cf667acba34b22e8bbbce4054755ac64', 138, 1693684283, 1693692524, 1693695904, '185.213.154.187', 'Mozilla/5.0 (X11; Linux x86_64) AppleWebKit/537.36 (KHTML, like Gecko) Chrome/113.0.0.0 Safari/537.36', '', 'app.php/favicon.ico', 1, 0, 1, 0, NULL, NULL, 0),
('d88f22a5911e7b97011d72333f834283', 1, 1693695533, 1693695533, 1693696027, '185.213.154.187', 'Mozilla/5.0 (X11; Linux x86_64) AppleWebKit/537.36 (KHTML, like Gecko) Chrome/113.0.0.0 Safari/537.36', '', 'app.php/favicon.ico', 1, 0, 0, 0, NULL, NULL, 0),
('d94cd3278cd16badc150f3441b494995', 1, 1693695593, 1693695593, 1693695647, '50.40.127.112', 'Mozilla/5.0 (Windows NT 10.0; Win64; x64) AppleWebKit/537.36 (KHTML, like Gecko) Chrome/116.0.0.0 Safari/537.36', '', 'app.php/styles/Milk_v2/theme/colours_dark.css', 1, 0, 0, 0, NULL, NULL, 0),
('db555d0bb8a5cdb2799ee8de8863520b', 1, 1693693154, 1693693154, 1693693154, '35.227.62.178', 'Mozilla/5.0 (compatible; Discordbot/2.0; +https://discordapp.com)', '', 'index.php', 1, 0, 0, 0, NULL, NULL, 0),
('e2fcaebe51467857e16119b470566477', 1, 1693693209, 1693693209, 1693693209, '2a00:23c7:d012:2101:8026:7d4e:1641:7bec', 'Mozilla/5.0 (Macintosh; Intel Mac OS X 10_15_7) AppleWebKit/537.36 (KHTML, like Gecko) Chrome/116.0.0.0 Safari/537.36', '', 'app.php/favicon.ico', 1, 0, 0, 0, NULL, NULL, 0),
('e582e88df7f9ceda73a775f485068e05', 1, 1693690257, 1693690257, 1693690257, '2601:8c:417e:5f20:ada9:19b6:d34e:863a', 'Mozilla/5.0 (iPhone; CPU iPhone OS 16_0 like Mac OS X) AppleWebKit/605.1.15 (KHTML, like Gecko) Mobile/20A362 Instagram 298.0.0.19.114 (iPhone14,2; i', '', 'app.php/favicon.ico', 1, 0, 0, 0, NULL, NULL, 0),
('f0b82eba7b5d5f53f5e8393dc259c03a', 1, 1693693064, 1693693064, 1693693064, '102.159.21.239', 'Mozilla/5.0 (Windows NT 10.0; Win64; x64; rv:109.0) Gecko/20100101 Firefox/117.0', '', 'app.php/favicon.ico', 1, 0, 0, 0, NULL, NULL, 0);

-- --------------------------------------------------------

--
-- Table structure for table `phpbbtc_sessions_keys`
--

CREATE TABLE `phpbbtc_sessions_keys` (
  `key_id` char(32) NOT NULL DEFAULT '',
  `user_id` int(10) unsigned NOT NULL DEFAULT 0,
  `last_ip` varchar(40) NOT NULL DEFAULT '',
  `last_login` int(11) unsigned NOT NULL DEFAULT 0,
  PRIMARY KEY (`key_id`,`user_id`),
  KEY `last_login` (`last_login`)
) ENGINE=InnoDB DEFAULT CHARSET=utf8 COLLATE=utf8_bin;

--
-- Dumping data for table `phpbbtc_sessions_keys`
--

INSERT INTO `phpbbtc_sessions_keys` VALUES
('05ed78695e1d7dd12b737d45cf241a84', 127, '37.19.221.138', 1693070698),
('08cb0fc22633120ec8c2024b35dbb9d5', 59, '66.29.132.216', 1692475087),
('0b04f65dbf1a0a932d87140c7a5cc09d', 112, '64.121.140.106', 1692991354),
('0cb83a9cbb2967a421bd0214c36c00be', 138, '2a03:1b20:1:f410::14e', 1693687124),
('16a1dbf0d9b07361bad46889ba26952b', 109, '89.187.185.171', 1693015493),
('16eade53358d49483fe92c691572150c', 154, '31.171.153.77', 1693304124),
('1aeef0342d46ee569782e9746d3425a5', 59, '185.195.233.194', 1693191829),
('1d6500edb77ed81b0452bf561ca2edb0', 109, '212.8.250.236', 1693342010),
('1f9480b1cbd11a5db7487739f97ba3ad', 128, '188.58.80.131', 1693095721),
('1f9bf07a2ea2fdbed81bdeb2141d0ab1', 91, '2a00:23c4:2b05:6b01:f873:2292:3e4d:82a9', 1692931879),
('23b2a07bf0815c19cb161bfa07d216ea', 126, '196.179.238.219', 1693139036),
('2c1d7611bed943bd9c1cc1b9b45c0e8f', 66, '185.177.126.135', 1692399931),
('34ba972ae9b8a7f5cb83df2a4c0706f5', 84, '70.21.197.114', 1692553556),
('36cd68ad626ce44bf17c2af407b70681', 91, '86.12.117.47', 1692562298),
('39f04a09939b3101015c9692fe746efc', 113, '82.9.233.186', 1693060565),
('3eb8108a9c88477beb42537fc745c602', 109, '89.187.185.185', 1692990750),
('405fcc10d2ddd64db0d7eb713f6557a8', 59, '146.70.128.217', 1692407102),
('48febe084de8b5e3f4242326951a8302', 143, '2600:1700:6640:1b00:47d:66cd:2646:7b97', 1693185245),
('4afd0ca70e690daf246cb329b78d2c54', 136, '157.131.172.74', 1693591119),
('4e557c7a0eb28610e8108d2b165a9253', 142, '198.54.135.143', 1693177534),
('53a047aca808844cfff31814a51e3f76', 147, '98.47.141.140', 1693260869),
('56de6caa13ccf523b3c3b9afd6195580', 149, '192.101.9.220', 1693270890),
('583bfd5c6d9ef2cab5841e4126776785', 59, '185.156.46.166', 1692995247),
('5aae11ba3ef7f25533b2c32778af45cf', 95, '154.6.80.146', 1692663190),
('5b92a52e19add14052c94726b04347e4', 66, '185.248.85.10', 1692565354),
('5c06877c2720d03e6d409e844cfa4531', 134, '2a00:23c6:4b3b:cf01:9800:673f:4eb1:e2c9', 1693152528),
('5e60a4c386291f6c85349df093a786c2', 139, '146.70.133.107', 1693674162),
('5eb42cb8313ce02ffd0e80f8647dd9a7', 138, '185.213.154.236', 1693674919),
('5f07d19b6e094cb64be25f9469998e17', 79, '2003:c0:7f1f:1300:44b7:71dd:bb99:a524', 1692542008),
('5fcddc1ef72fe44c0c847020599f7fc1', 59, '146.70.132.132', 1692813248),
('6a3869b7b424bffe6a1582af2bcfac51', 91, '2a00:23c4:2b05:6b01:b112:fc91:8653:e589', 1692961575),
('6a86fdefdc8362b91475aca1d0680d84', 79, '2003:c0:7f1f:1300:95d5:9e66:160c:24f2', 1692491834),
('6c581ea5a95ad982eadcea81f94a7ca6', 133, '166.48.89.229', 1693113489),
('6cc62c70f0c99f8185b19f2234613292', 164, '194.125.65.2', 1693509609),
('6f64f11875e049a7ac69ac365a0269f3', 139, '76.111.68.166', 1693590523),
('702427943115171cd0422f3f0fa14fd9', 101, '90.230.76.188', 1692891547),
('726938fbc9c746285733c303913df54a', 59, '198.54.135.48', 1693075636),
('73feffc86c1b582466ebb2e284b62875', 138, '185.213.154.241', 1693224016),
('79e1a425f00395a00290b7ccdbb617b6', 91, '86.12.117.47', 1692575534),
('7d048171764d9ba93e4d451f62ad9a0a', 138, '185.65.135.156', 1693666543),
('7f572b8ee15ee7ba0ed151422a690fcc', 59, '193.138.218.162', 1693422294),
('80456e1b659cad52a422d49c8e2fc692', 69, '51.187.154.29', 1692637035),
('81d99d2fb332ef2c2f7f92fa672a001c', 79, '2003:c0:7f0b:4400:d919:60fe:2ef6:28d6', 1692694051),
('82a50bda74dfd92447cfe43c388a510b', 108, '138.199.6.198', 1692993993),
('84b0511fad96ae9cd39524b8b78c675e', 150, '139.60.130.197', 1693531575),
('8554d947abc25db094e5b3c7fbfc0837', 150, '139.60.130.197', 1693531543),
('867dc2fdf7f985598452a3e7107a3f85', 59, '2a03:1b20:7:f011::a15d', 1693340264),
('891065e71d209bb7c6c8af86880dc15e', 79, '2003:c0:7f1f:1300:e84a:aec6:3462:d8c', 1692644318),
('8a61b86b7a9e910452300d7babf4ac64', 96, '2603:6010:620:e7b2:4d70:a0fa:fc9e:6147', 1692856465),
('8ae6e752a0c7712f837118b5be96ad1d', 109, '185.182.193.75', 1693103557),
('8bb94cc9a4d795e358f01a669700de90', 91, '86.12.117.47', 1692575543),
('91663c9760209ffcad8a1c124464dea2', 66, '146.70.133.61', 1692556587),
('91bbe9cfe17ab5f33f9db4b0e4f34e17', 109, '185.183.33.13', 1693569213),
('933d6157aae2d6c6bd8479497ecc2583', 66, '185.248.85.35', 1692463160),
('9443e54cc629c5e1367aa7022066a00d', 59, '45.134.213.219', 1692630547),
('94c57d85ffb05d9c4749560fe1d2d6a8', 59, '2001:ac8:9a:75::2d', 1693000502),
('98d4021ea77d9c7b799498a230922d88', 79, '2003:c0:7f0b:4400:d919:60fe:2ef6:28d6', 1692705073),
('9a6c5246208823e16534970908cebfa3', 59, '193.138.218.203', 1693064634),
('9b03474f7ce9b623f86d5add238c798b', 59, '193.138.218.162', 1693425278),
('9bc8ed045e4e99aa63765e2a47e864b7', 59, '2a03:1b20:7:f011::a14e', 1693511953),
('a2c6150fb7f651f44e1b85b8240882e3', 66, '104.129.56.168', 1692504086),
('a41c69a3587459f401c7f7a0523d5141', 139, '2601:152:b00:1540:5cfb:eb9b:581b:db54', 1693279136),
('a55071fc93f9f2ddd251cb2470b3ded3', 79, '80.187.122.238', 1693132700),
('aa1c3f427827c98005c6c00fba333fac', 59, '146.70.211.10', 1693001042),
('aae67d3aceb61035438cfec73cd01e6c', 59, '198.44.128.200', 1692929148),
('ad2963478e8155f086c3b674b45f70d2', 101, '90.230.76.188', 1692902519),
('ad67a2ab82ab79d4fecde06dd2e6e30f', 96, '2603:6010:620:e7b2:4d70:a0fa:fc9e:6147', 1692856478),
('ae4f0daaecc4bbb2079fd7fe3f404018', 59, '146.70.128.217', 1692892019),
('b3f21d1ba02bfb2f49de5f55dbeb6918', 110, '2607:fb90:bd21:49f4:4517:5f66:ae2b:4f93', 1693466731),
('b7fc209330547a978e1e68819b5e39a6', 109, '149.34.244.175', 1693063655),
('b9998cab724d3228bfc8a0659e948530', 109, '169.150.218.18', 1693165674),
('bb09808d0e4bc7a1839a96bf1528fdf0', 139, '2601:152:b00:1540:29d9:c24d:bab9:1f21', 1693512179),
('beda50468a90a95c059f95e1041da819', 139, '185.195.232.167', 1693594321),
('c03b0b13574a1aed70897b21974ff02f', 129, '80.42.71.233', 1693082233),
('c03f1689b599cf5d7efaaff2012d56b1', 138, '185.213.154.230', 1693608640),
('c1a7a09a1804b111a2b52ad262e7fd59', 103, '85.29.237.110', 1692898075),
('c1d9985ce3cc266bbfda391cfa708cf7', 59, '193.138.218.219', 1693249434),
('c25fb6382489a50741011b20b2f7eb20', 66, '185.248.85.58', 1692911442),
('c4892ae266654609cf9dc5cef5085109', 59, '146.70.128.254', 1692463610),
('c59293d13cdff7cd550451d2b387f519', 79, '2003:c0:7f1f:1300:e84a:aec6:3462:d8c', 1692631388),
('cca2e85c597cb3664b1f070da7c9d8a2', 59, '146.70.128.229', 1692659874),
('cd5e4118c761e6217597b8b1fd4eb2cb', 59, '45.134.213.199', 1692532273),
('d0d62f16cbae554967b8ef4b3785e9af', 138, '185.65.135.163', 1693680193),
('d8225e8d4bf883b6871184336e25dad7', 158, '37.120.132.36', 1693363267),
('dc0dc67a637eda7f5d5122c467be19bb', 138, '141.98.255.148', 1693163416),
('e1ab208142cc7b041832fd27ab0b7685', 59, '146.70.128.249', 1692384447),
('e3a93934d693a4e2f58b7a362cbc023a', 139, '146.70.133.43', 1693334163),
('e5d91c405f54a4fa36ba6db28029fadc', 166, '2607:9000:0:57::a03e', 1693608162),
('e8ed4565e2ecbeda9c75d33da60b54a1', 138, '185.213.154.241', 1693192156),
('e9c995eb175a58946f379db8693c0d5f', 109, '156.146.54.84', 1692997236),
('ecbfc5ba7224be735ca6392ade160cc6', 59, '45.83.220.212', 1693537504),
('ee1224b646bf7d409a43c84d8967c26a', 119, '38.240.225.74', 1692999192),
('f65db3b660d60cf2a2e88c9505c49bcf', 60, '31.171.153.70', 1692727733),
('f92ccdb5154eff7ee765d8f063261a5f', 79, '2003:c0:7f0b:4400:adb3:2222:4214:8b5', 1692789960),
('fb16d2744cd007c66cb3d5ad541a7027', 66, '146.70.132.36', 1692800772),
('fc09c257a573908380f784c393a1e4c3', 59, '45.134.213.217', 1692497375),
('fc3117e9f7d10879667585f363667deb', 66, '76.111.68.166', 1692491981),
('feab293feafb8fe3627fd0321fdc6630', 138, '185.213.154.244', 1693363199);

-- --------------------------------------------------------

--
-- Table structure for table `phpbbtc_sitelist`
--

CREATE TABLE `phpbbtc_sitelist` (
  `site_id` mediumint(8) unsigned NOT NULL AUTO_INCREMENT,
  `site_ip` varchar(40) NOT NULL DEFAULT '',
  `site_hostname` varchar(255) NOT NULL DEFAULT '',
  `ip_exclude` tinyint(1) unsigned NOT NULL DEFAULT 0,
  PRIMARY KEY (`site_id`)
) ENGINE=InnoDB DEFAULT CHARSET=utf8 COLLATE=utf8_bin;

-- --------------------------------------------------------

--
-- Table structure for table `phpbbtc_smilies`
--

CREATE TABLE `phpbbtc_smilies` (
  `smiley_id` mediumint(8) unsigned NOT NULL AUTO_INCREMENT,
  `code` varchar(50) NOT NULL DEFAULT '',
  `emotion` varchar(255) NOT NULL DEFAULT '',
  `smiley_url` varchar(50) NOT NULL DEFAULT '',
  `smiley_width` smallint(4) unsigned NOT NULL DEFAULT 0,
  `smiley_height` smallint(4) unsigned NOT NULL DEFAULT 0,
  `smiley_order` mediumint(8) unsigned NOT NULL DEFAULT 0,
  `display_on_posting` tinyint(1) unsigned NOT NULL DEFAULT 1,
  PRIMARY KEY (`smiley_id`),
  KEY `display_on_post` (`display_on_posting`)
) ENGINE=InnoDB  DEFAULT CHARSET=utf8 COLLATE=utf8_bin;

--
-- Dumping data for table `phpbbtc_smilies`
--

INSERT INTO `phpbbtc_smilies` VALUES
(1, ':D', 'Very Happy', 'icon_e_biggrin.gif', 15, 17, 1, 1),
(2, ':-D', 'Very Happy', 'icon_e_biggrin.gif', 15, 17, 2, 1),
(3, ':grin:', 'Very Happy', 'icon_e_biggrin.gif', 15, 17, 3, 1),
(4, ':)', 'Smile', 'icon_e_smile.gif', 15, 17, 4, 1),
(5, ':-)', 'Smile', 'icon_e_smile.gif', 15, 17, 5, 1),
(6, ':smile:', 'Smile', 'icon_e_smile.gif', 15, 17, 6, 1),
(7, ';)', 'Wink', 'icon_e_wink.gif', 15, 17, 7, 1),
(8, ';-)', 'Wink', 'icon_e_wink.gif', 15, 17, 8, 1),
(9, ':wink:', 'Wink', 'icon_e_wink.gif', 15, 17, 9, 1),
(10, ':(', 'Sad', 'icon_e_sad.gif', 15, 17, 10, 1),
(11, ':-(', 'Sad', 'icon_e_sad.gif', 15, 17, 11, 1),
(12, ':sad:', 'Sad', 'icon_e_sad.gif', 15, 17, 12, 1),
(13, ':o', 'Surprised', 'icon_e_surprised.gif', 15, 17, 13, 1),
(14, ':-o', 'Surprised', 'icon_e_surprised.gif', 15, 17, 14, 1),
(15, ':eek:', 'Surprised', 'icon_e_surprised.gif', 15, 17, 15, 1),
(16, ':shock:', 'Shocked', 'icon_eek.gif', 15, 17, 16, 1),
(17, ':?', 'Confused', 'icon_e_confused.gif', 15, 17, 17, 1),
(18, ':-?', 'Confused', 'icon_e_confused.gif', 15, 17, 18, 1),
(19, ':???:', 'Confused', 'icon_e_confused.gif', 15, 17, 19, 1),
(20, '8-)', 'Cool', 'icon_cool.gif', 15, 17, 20, 1),
(21, ':cool:', 'Cool', 'icon_cool.gif', 15, 17, 21, 1),
(22, ':lol:', 'Laughing', 'icon_lol.gif', 15, 17, 22, 1),
(23, ':x', 'Mad', 'icon_mad.gif', 15, 17, 23, 1),
(24, ':-x', 'Mad', 'icon_mad.gif', 15, 17, 24, 1),
(25, ':mad:', 'Mad', 'icon_mad.gif', 15, 17, 25, 1),
(26, ':P', 'Razz', 'icon_razz.gif', 15, 17, 26, 1),
(27, ':-P', 'Razz', 'icon_razz.gif', 15, 17, 27, 1),
(28, ':razz:', 'Razz', 'icon_razz.gif', 15, 17, 28, 1),
(29, ':oops:', 'Embarrassed', 'icon_redface.gif', 15, 17, 29, 1),
(30, ':cry:', 'Crying or Very Sad', 'icon_cry.gif', 15, 17, 30, 1),
(31, ':evil:', 'Evil or Very Mad', 'icon_evil.gif', 15, 17, 31, 1),
(32, ':twisted:', 'Twisted Evil', 'icon_twisted.gif', 15, 17, 32, 1),
(33, ':roll:', 'Rolling Eyes', 'icon_rolleyes.gif', 15, 17, 33, 1),
(34, ':!:', 'Exclamation', 'icon_exclaim.gif', 15, 17, 34, 1),
(35, ':?:', 'Question', 'icon_question.gif', 15, 17, 35, 1),
(36, ':idea:', 'Idea', 'icon_idea.gif', 15, 17, 36, 1),
(37, ':arrow:', 'Arrow', 'icon_arrow.gif', 15, 17, 37, 1),
(38, ':|', 'Neutral', 'icon_neutral.gif', 15, 17, 38, 1),
(39, ':-|', 'Neutral', 'icon_neutral.gif', 15, 17, 39, 1),
(40, ':mrgreen:', 'Mr. Green', 'icon_mrgreen.gif', 15, 17, 40, 1),
(41, ':geek:', 'Geek', 'icon_e_geek.gif', 17, 17, 41, 1),
(42, ':ugeek:', 'Uber Geek', 'icon_e_ugeek.gif', 17, 18, 42, 1);

-- --------------------------------------------------------

--
-- Table structure for table `phpbbtc_styles`
--

CREATE TABLE `phpbbtc_styles` (
  `style_id` mediumint(8) unsigned NOT NULL AUTO_INCREMENT,
  `style_name` varchar(255) NOT NULL DEFAULT '',
  `style_copyright` varchar(255) NOT NULL DEFAULT '',
  `style_active` tinyint(1) unsigned NOT NULL DEFAULT 1,
  `style_path` varchar(100) NOT NULL DEFAULT '',
  `bbcode_bitfield` varchar(255) NOT NULL DEFAULT 'kNg=',
  `style_parent_id` int(4) unsigned NOT NULL DEFAULT 0,
  `style_parent_tree` text NOT NULL,
  PRIMARY KEY (`style_id`),
  UNIQUE KEY `style_name` (`style_name`)
) ENGINE=InnoDB  DEFAULT CHARSET=utf8 COLLATE=utf8_bin;

--
-- Dumping data for table `phpbbtc_styles`
--

INSERT INTO `phpbbtc_styles` VALUES
(1, 'prosilver', '&copy; phpBB Limited', 0, 'prosilver', '//g=', 0, ''),
(2, 'Prosilver (Dark Edition)', ' PlanetStyles.net (Premium Forum Themes)', 0, 'prosilver_dark', '//g=', 1, 'prosilver'),
(3, 'Milk v2', ' PlanetStyles.net - Premium Forum Themes', 1, 'Milk_v2', '//g=', 1, 'prosilver');

-- --------------------------------------------------------

--
-- Table structure for table `phpbbtc_teampage`
--

CREATE TABLE `phpbbtc_teampage` (
  `teampage_id` mediumint(8) unsigned NOT NULL AUTO_INCREMENT,
  `group_id` mediumint(8) unsigned NOT NULL DEFAULT 0,
  `teampage_name` varchar(255) NOT NULL DEFAULT '',
  `teampage_position` mediumint(8) unsigned NOT NULL DEFAULT 0,
  `teampage_parent` mediumint(8) unsigned NOT NULL DEFAULT 0,
  PRIMARY KEY (`teampage_id`)
) ENGINE=InnoDB  DEFAULT CHARSET=utf8 COLLATE=utf8_bin;

--
-- Dumping data for table `phpbbtc_teampage`
--

INSERT INTO `phpbbtc_teampage` VALUES
(1, 5, '', 1, 0),
(2, 4, '', 2, 0),
(3, 8, '', 3, 0),
(4, 9, '', 4, 0),
(5, 10, '', 5, 0),
(6, 11, '', 6, 0),
(7, 12, '', 7, 0);

-- --------------------------------------------------------

--
-- Table structure for table `phpbbtc_tfa_back_reg`
--

CREATE TABLE `phpbbtc_tfa_back_reg` (
  `registration_id` mediumint(8) unsigned NOT NULL AUTO_INCREMENT,
  `user_id` mediumint(8) unsigned NOT NULL DEFAULT 0,
  `secret` varchar(255) NOT NULL DEFAULT '',
  `last_used` int(11) unsigned NOT NULL DEFAULT 0,
  `registered` int(11) unsigned NOT NULL DEFAULT 0,
  `valid` tinyint(1) unsigned NOT NULL DEFAULT 0,
  PRIMARY KEY (`registration_id`),
  KEY `user_id` (`user_id`)
) ENGINE=InnoDB  DEFAULT CHARSET=utf8 COLLATE=utf8_bin;

--
-- Dumping data for table `phpbbtc_tfa_back_reg`
--

INSERT INTO `phpbbtc_tfa_back_reg` VALUES
(1, 59, '$argon2id$v=19$m=65536,t=4,p=2$QThuL2hxQTUyQWx4UzZvVw$f8HwhwJPHk0L9gAzzDwBbEz/Izi4HF4jVo98Z3bFlv8', 1692396493, 1692396465, 0),
(2, 59, '$argon2id$v=19$m=65536,t=4,p=2$NDZBRllQRHpGakw3M08vZA$lWd+YG0XEIPpLqJ87bzGJ0KahSbbEiKFmabLJOMJ95w', 0, 1692396465, 1),
(3, 59, '$argon2id$v=19$m=65536,t=4,p=2$MmN0QUIvcGc2NVhtenVKcw$03z7G4vvMtR8KBxD98dZ20fMZRugJntF9VRePb/gGxU', 0, 1692396465, 1),
(4, 59, '$argon2id$v=19$m=65536,t=4,p=2$cDlNcTYuMGdzazNZQUR5Sw$cwtTTSYx0uRv+WaIFxJVpBm4cfyryPlMelx7rVymUjw', 0, 1692396465, 1),
(5, 59, '$argon2id$v=19$m=65536,t=4,p=2$ZURUT1VaRXNKZ0FQSnRyMQ$+qYqVvdRaw13QGOTV2ixka6TX06JRkX+13CQRJqKQwY', 0, 1692396465, 1),
(6, 59, '$argon2id$v=19$m=65536,t=4,p=2$Z3FqS0N2WUN5SXkvM1hZbQ$FXAAyqM9XxGg5Y01Xw0ZaS1dZ6TqyGs2ag16EP+/aeQ', 0, 1692396466, 1),
(7, 58, '$argon2id$v=19$m=65536,t=4,p=2$ZzhvUHBOd00wUEZEODdDWA$mQ583zJ2u6tQrUc/K5yq9W2Q/XjpwmW+alLFZgm9yP0', 0, 1692397427, 1),
(8, 58, '$argon2id$v=19$m=65536,t=4,p=2$ZjZpQnRnTlhHS1UuWFhGOQ$Ttbtqowhi1z/EN9WuaJY3UBrJ0epM2BGRzlzGxj90fE', 0, 1692397427, 1),
(9, 58, '$argon2id$v=19$m=65536,t=4,p=2$UFJjUGhrL044ZTQxT0svOA$Y9dNTuXKBjXCzFpxEjDiYUk7E++9XTQEW8XUpj79K2U', 0, 1692397428, 1),
(10, 58, '$argon2id$v=19$m=65536,t=4,p=2$VU43Y0JiSGQ3OWp3RG5zUQ$KhZ/o6SrGbWblqIGEIOjNBZ4+fYBbm2v4WQBAlxV/xc', 0, 1692397428, 1),
(11, 58, '$argon2id$v=19$m=65536,t=4,p=2$N1FFNmloT0xta3p2c1pWeQ$C922K+2IwuXBR6qBNWO10ckn4fttoExsy36fgu04i7A', 0, 1692397428, 1),
(12, 58, '$argon2id$v=19$m=65536,t=4,p=2$Z3g3TVp0UTZQNUdiNzU2TA$NoOwuaoG6wj8D0RvaQSESvzVZEAf7CQ69aNYz+9p+z4', 0, 1692397428, 1),
(13, 61, '$argon2id$v=19$m=65536,t=4,p=2$b2RsZDlUZ0M0MWxqVXYwOQ$3dvHRK5BDxPuSIBmxkXcgC43lAa7so5ke7DhNBiG758', 0, 1692398948, 1),
(14, 61, '$argon2id$v=19$m=65536,t=4,p=2$NlhCbUo3RjJyRDhXVXpVLw$0qocRug8cMvM6GtAAW8G1WIxXDenhVG7TvY3auApbfQ', 0, 1692398948, 1),
(15, 61, '$argon2id$v=19$m=65536,t=4,p=2$cldVSVlsY3FXVFRZdU0yOQ$jdSgucoGkk7auWMgppFiC7wR5Y4jJQul1xD45D13vtU', 0, 1692398949, 1),
(16, 61, '$argon2id$v=19$m=65536,t=4,p=2$dFhNVFEzL2FIU3UxWHd5Ng$5nGEFshe7e09+guSloU802PSsg/9mBuXVGw/BmE3/FU', 0, 1692398949, 1),
(17, 61, '$argon2id$v=19$m=65536,t=4,p=2$TG9CVFZjS0VjVk82TnhNMg$dsJzPwZbFyUjjpDdzW8pLh/7fiVD2QOr+EZp+UZE2e8', 0, 1692398949, 1),
(18, 61, '$argon2id$v=19$m=65536,t=4,p=2$SXN6eUZHVmMxWVVRemNRRg$0k3pCleY8qiWZJOrumemvQW8MkIv37MMDKGiMQgQ1Us', 0, 1692398949, 1),
(19, 62, '$argon2id$v=19$m=65536,t=4,p=2$dEdTM29KRTZkdm0xaEN3Vg$a7eytgc3fLfP7qoD74AAvFahVOH5q6P1n95NphWhmrU', 0, 1692399925, 1),
(20, 62, '$argon2id$v=19$m=65536,t=4,p=2$eXlzSDVETGcuYzdlOXJHRQ$KobXnWHRL2wax79NDCzNGmy0nfGxuE3bZr6mY7poLoM', 1692459166, 1692399925, 0),
(21, 62, '$argon2id$v=19$m=65536,t=4,p=2$VC8yOGxvQ1Y4Y3BSenphUg$xWmU2fVRGS6xacWTlHn1QG6aqnH6EuqrpASji0TZ+Cw', 0, 1692399925, 1),
(22, 62, '$argon2id$v=19$m=65536,t=4,p=2$UGZpTVVpWEpRbWlpeHdvNw$DVrIvIBr1VCFeL///HVPfdtMRvbbCF+gqTKm4Nw+GWs', 1692476443, 1692399926, 0),
(23, 62, '$argon2id$v=19$m=65536,t=4,p=2$NHNkMUJ0Ry9rT0c0MTV3Uw$S52OpDL9OhSrVlAQzMd6nP0HVRv7Nge3MnUlEiTNzAE', 1692475885, 1692399926, 0),
(24, 62, '$argon2id$v=19$m=65536,t=4,p=2$bnFCTkhnQTd2YmUva0ExTQ$5Kk1RsrJRyljodmINqbc3+eALgQOjXxs28GWwynE/5E', 1692409948, 1692399926, 0),
(26, 60, '$argon2id$v=19$m=65536,t=4,p=2$N3NlLjJkMXRRbmRqT09vYQ$IGkeN0bnolzMQQW0+opEtjlWR0dahXfHB7XYs9pQMK8', 1692458696, 1692400605, 0),
(29, 60, '$argon2id$v=19$m=65536,t=4,p=2$bXBzWjJqc0JYcWRZYXp3Lw$3NjHQdYr7qSRYrgF4zRHAAHm3BBfrIrxPM4oAF9fja8', 0, 1692400605, 1),
(31, 2, '$argon2id$v=19$m=65536,t=4,p=2$REN3aGlDcWl5UmJXWGlheA$XB5KYAt/gHVW44Z3o9JK98EVFvKr9BzMbiOTXWwInvc', 0, 1692409956, 1),
(32, 2, '$argon2id$v=19$m=65536,t=4,p=2$TWxxOS5tTGEySEo5dlJsUA$dmKkExCHE6bsA3jmQblA2gpQL6GV6ShxTt7cxzDc+lA', 0, 1692409957, 1),
(33, 2, '$argon2id$v=19$m=65536,t=4,p=2$T0RPQ0w3WlI4ZWk0MDNjUA$PKw4cNPH+b/EZSmqiDhwl8sT6tS9Eoi1+MnhfqV5Pjs', 0, 1692409957, 1),
(34, 2, '$argon2id$v=19$m=65536,t=4,p=2$VHRSYk1WUGJJS3E2TEovUA$JkZ+MpWqZtACBqlzQ46eahhjxNl5FSiSRtCzIOAe3Ps', 0, 1692409957, 1),
(35, 2, '$argon2id$v=19$m=65536,t=4,p=2$WjM3R3AxSExnNEpiMXJxTw$+gnKwJ9hERNuePHeKa7w6hDeUcEfN+scGn6lRT1nOjI', 0, 1692409957, 1),
(36, 2, '$argon2id$v=19$m=65536,t=4,p=2$cjk4ZWdoNFV4VU1nOEtIYQ$Ys8j8L1dihtHyNwiSSuhfGGocX7X8oh/YJgVnMjYCc4', 0, 1692409957, 1),
(37, 64, '$argon2id$v=19$m=65536,t=4,p=2$LlJ6amxaVVA0Q0lFM1B4eQ$h7+X94q6eENh4TgWEAASZGoW+E+G550D27x51g8ll8U', 0, 1692414253, 1),
(38, 64, '$argon2id$v=19$m=65536,t=4,p=2$SnB1MjQ1YmVpblRxcjlqRA$LPmSclNkOfByDK6VDjx5cso6fp2pHKytWcX3jCVKLBw', 0, 1692414253, 1),
(39, 64, '$argon2id$v=19$m=65536,t=4,p=2$b2NReGs3RU1CNWhmZ0dQdw$Wk0GNggr1WLVh5KkXbb8K+91yR52TQzK/tws3FAYmr0', 0, 1692414253, 1),
(40, 64, '$argon2id$v=19$m=65536,t=4,p=2$bldlOVVqLzh5Mk9mOVowYw$TVvcKXzx8Ap8Luno5abWxpqRO5YI1TMfXjQL9W1bxO4', 0, 1692414253, 1),
(41, 64, '$argon2id$v=19$m=65536,t=4,p=2$elQ3MXJIVFMyNG5udzA2eg$UKnofISP7idCdlwG1KY+MyG04UTgeBTeKsqPYHBJu70', 0, 1692414253, 1),
(42, 64, '$argon2id$v=19$m=65536,t=4,p=2$dHk0OFBOdXFFTW5TTDRaRA$dn5giAnMsUtOl/cF3eLpnffATQM/kmVxE3Hi1Otvuic', 1692414369, 1692414254, 0),
(43, 68, '$argon2id$v=19$m=65536,t=4,p=2$TnRQOEM0QnYzby5CTWxSMw$/fvYA/dXIO9kDvlLaiYXwSCF6iye3PL2tml3a0N0YYU', 1692428032, 1692427922, 0),
(44, 68, '$argon2id$v=19$m=65536,t=4,p=2$SEVaV1gzeW04VE1aN2pOdw$jIs/MXcy0oGAbx+vd2t+B1c1vkNPTXd3EyYEY4XitB4', 0, 1692427922, 1),
(45, 68, '$argon2id$v=19$m=65536,t=4,p=2$LjhaRU5IRlAySW8xZ3ZMTQ$Hi0Ns1Y2P9Cwtaczrapy/9nzZAfZ/YVP5LvKXZG/Bmg', 0, 1692427923, 1),
(46, 68, '$argon2id$v=19$m=65536,t=4,p=2$MjhaOGFrdjZQVnNIYlBjbA$ws/jy0lJKv0NibY5qn6eVUtAi7jNoa9lFye497JZRes', 0, 1692427923, 1),
(47, 68, '$argon2id$v=19$m=65536,t=4,p=2$MldvdThxWmZOdEJqR0NtWA$tXPbN9DuiGdfs8x2eASw+uS6qqmMa27yityUp7ZkOVI', 0, 1692427923, 1),
(48, 68, '$argon2id$v=19$m=65536,t=4,p=2$ZExWRHJLdm9lMkNrYWRxaA$EbTMmhj+29JAVU8QvzRsL17veKtskf0XB1y+DWe7MWM', 0, 1692427923, 1),
(49, 76, '$argon2id$v=19$m=65536,t=4,p=2$WkIwUVZhc0c4OThvVDhDOQ$Lmwp41aWF0R1t8NsA3TRmMJu2S6bNT2uRYvBlSRLX0Y', 1692460625, 1692460543, 0),
(50, 76, '$argon2id$v=19$m=65536,t=4,p=2$aWdSQjB2aC42WU02NzZZOA$cfrxYap3JfINkKNckokueUG+R8/mA2n5xwStf6QBwB4', 0, 1692460543, 1),
(51, 76, '$argon2id$v=19$m=65536,t=4,p=2$dGp2Z3VRMWk4dGNDNnR4aA$BCu9XmiIbEDqUbHy4HFQaQVYwnN+wGXJq7JyjM917XA', 0, 1692460544, 1),
(52, 76, '$argon2id$v=19$m=65536,t=4,p=2$L1A2bGRRR1pRNVhpanFBMw$NawZkyBM7gZGMQNwps7sAsfXhJ0nkhWv+rQQQbgHFdg', 0, 1692460544, 1),
(53, 76, '$argon2id$v=19$m=65536,t=4,p=2$UXZmZkN6bU01S0k5ZnMzUQ$EWg35exoaVWgplFXoUAbR9Hua1agnHzG7ahthvZtmcI', 0, 1692460544, 1),
(54, 76, '$argon2id$v=19$m=65536,t=4,p=2$WldGTDVhVktFdHA4ZnI5Lg$j1sPgczuwClF7Jd0SlMCgSQe0guzzJ595Rp7LwBVfV0', 0, 1692460544, 1),
(55, 138, '$argon2id$v=19$m=65536,t=4,p=2$TUV0by5GdXd0bXMxODJ1Ng$Nr0aZ8NKTQtGZj/Yw4VQqUXPSqK9Be0Mm5m5gr1jRts', 0, 1693136003, 1),
(56, 138, '$argon2id$v=19$m=65536,t=4,p=2$aGg4Li9MaG56UUlocHZNQw$oBW37GA9KPTjA3SP4JerPaAQ9SIGQcdhGnhqy0VkE8s', 0, 1693136003, 1),
(57, 138, '$argon2id$v=19$m=65536,t=4,p=2$WjRUVEdCUGVJVXRTb2J6Mw$mI9lSJrzxT9pxcSr89Gb+tfrh6M+f5dkOGvnPzzDunw', 0, 1693136004, 1),
(58, 138, '$argon2id$v=19$m=65536,t=4,p=2$My42YXczaE9mWjlsTXVBUQ$lbB+TLvZ3bbz+YkqF2YRCWNIE5hXHsDbf/UP1X8SWAA', 0, 1693136004, 1),
(59, 138, '$argon2id$v=19$m=65536,t=4,p=2$TEk5eS80Rzg1L1I4MWVlQw$ymbNRFc2Oca3HIU8z8PvNpnGi+V9D+gglBrcEQx1c5g', 0, 1693136004, 1),
(60, 138, '$argon2id$v=19$m=65536,t=4,p=2$Nk1LaWhaODIuVWtsdkZKMw$UpLvYPvsOC6XCP0X1BacfEXYWVNABhxzuLxTxA6JNSw', 0, 1693136004, 1);

-- --------------------------------------------------------

--
-- Table structure for table `phpbbtc_tfa_otp_reg`
--

CREATE TABLE `phpbbtc_tfa_otp_reg` (
  `registration_id` mediumint(8) unsigned NOT NULL AUTO_INCREMENT,
  `user_id` mediumint(8) unsigned NOT NULL DEFAULT 0,
  `secret` varchar(255) NOT NULL DEFAULT '',
  `last_used` int(11) unsigned NOT NULL DEFAULT 0,
  `registered` int(11) unsigned NOT NULL DEFAULT 0,
  PRIMARY KEY (`registration_id`),
  KEY `user_id` (`user_id`)
) ENGINE=InnoDB  DEFAULT CHARSET=utf8 COLLATE=utf8_bin;

--
-- Dumping data for table `phpbbtc_tfa_otp_reg`
--

INSERT INTO `phpbbtc_tfa_otp_reg` VALUES
(1, 58, '6K7JGT4YKGBQIOGW', 1693158533, 1692395489),
(2, 59, '3GHTLPULG7EODPCU', 1693511953, 1692398139),
(3, 66, 'BLIRWL2UMIJX4TUO', 1692800827, 1692399713),
(4, 2, 'UQE2Y3AC6YL4FWY7', 1693349393, 1692409921),
(5, 138, 'JKSIE24VQVK5XXNS', 1693692524, 1693135987);

-- --------------------------------------------------------

--
-- Table structure for table `phpbbtc_tfa_registration`
--

CREATE TABLE `phpbbtc_tfa_registration` (
  `registration_id` mediumint(8) unsigned NOT NULL AUTO_INCREMENT,
  `user_id` mediumint(8) unsigned NOT NULL DEFAULT 0,
  `key_handle` varchar(255) NOT NULL DEFAULT '',
  `public_key` varchar(255) NOT NULL DEFAULT '',
  `certificate` text NOT NULL,
  `counter` mediumint(8) unsigned NOT NULL DEFAULT 0,
  `last_used` int(11) unsigned NOT NULL DEFAULT 0,
  `registered` int(11) unsigned NOT NULL DEFAULT 0,
  PRIMARY KEY (`registration_id`),
  KEY `user_id` (`user_id`)
) ENGINE=InnoDB DEFAULT CHARSET=utf8 COLLATE=utf8_bin;

-- --------------------------------------------------------

--
-- Table structure for table `phpbbtc_topics`
--

CREATE TABLE `phpbbtc_topics` (
  `topic_id` int(10) unsigned NOT NULL AUTO_INCREMENT,
  `forum_id` mediumint(8) unsigned NOT NULL DEFAULT 0,
  `icon_id` mediumint(8) unsigned NOT NULL DEFAULT 0,
  `topic_attachment` tinyint(1) unsigned NOT NULL DEFAULT 0,
  `topic_reported` tinyint(1) unsigned NOT NULL DEFAULT 0,
  `topic_title` varchar(255) CHARACTER SET utf8 COLLATE utf8_unicode_ci NOT NULL DEFAULT '',
  `topic_poster` int(10) unsigned NOT NULL DEFAULT 0,
  `topic_time` int(11) unsigned NOT NULL DEFAULT 0,
  `topic_time_limit` int(11) unsigned NOT NULL DEFAULT 0,
  `topic_views` mediumint(8) unsigned NOT NULL DEFAULT 0,
  `topic_status` tinyint(3) NOT NULL DEFAULT 0,
  `topic_type` tinyint(3) NOT NULL DEFAULT 0,
  `topic_first_post_id` int(10) unsigned NOT NULL DEFAULT 0,
  `topic_first_poster_name` varchar(255) CHARACTER SET utf8 COLLATE utf8_unicode_ci NOT NULL DEFAULT '',
  `topic_first_poster_colour` varchar(6) NOT NULL DEFAULT '',
  `topic_last_post_id` int(10) unsigned NOT NULL DEFAULT 0,
  `topic_last_poster_id` int(10) unsigned NOT NULL DEFAULT 0,
  `topic_last_poster_name` varchar(255) NOT NULL DEFAULT '',
  `topic_last_poster_colour` varchar(6) NOT NULL DEFAULT '',
  `topic_last_post_subject` varchar(255) NOT NULL DEFAULT '',
  `topic_last_post_time` int(11) unsigned NOT NULL DEFAULT 0,
  `topic_last_view_time` int(11) unsigned NOT NULL DEFAULT 0,
  `topic_moved_id` int(10) unsigned NOT NULL DEFAULT 0,
  `topic_bumped` tinyint(1) unsigned NOT NULL DEFAULT 0,
  `topic_bumper` mediumint(8) unsigned NOT NULL DEFAULT 0,
  `poll_title` varchar(255) NOT NULL DEFAULT '',
  `poll_start` int(11) unsigned NOT NULL DEFAULT 0,
  `poll_length` int(11) unsigned NOT NULL DEFAULT 0,
  `poll_max_options` tinyint(4) NOT NULL DEFAULT 1,
  `poll_last_vote` int(11) unsigned NOT NULL DEFAULT 0,
  `poll_vote_change` tinyint(1) unsigned NOT NULL DEFAULT 0,
  `topic_visibility` tinyint(3) NOT NULL DEFAULT 0,
  `topic_delete_time` int(11) unsigned NOT NULL DEFAULT 0,
  `topic_delete_reason` varchar(255) NOT NULL DEFAULT '',
  `topic_delete_user` int(10) unsigned NOT NULL DEFAULT 0,
  `topic_posts_approved` mediumint(8) unsigned NOT NULL DEFAULT 0,
  `topic_posts_unapproved` mediumint(8) unsigned NOT NULL DEFAULT 0,
  `topic_posts_softdeleted` mediumint(8) unsigned NOT NULL DEFAULT 0,
  PRIMARY KEY (`topic_id`),
  KEY `forum_id` (`forum_id`),
  KEY `forum_id_type` (`forum_id`,`topic_type`),
  KEY `last_post_time` (`topic_last_post_time`),
  KEY `fid_time_moved` (`forum_id`,`topic_last_post_time`,`topic_moved_id`),
  KEY `topic_visibility` (`topic_visibility`),
  KEY `forum_vis_last` (`forum_id`,`topic_visibility`,`topic_last_post_id`),
  KEY `latest_topics` (`forum_id`,`topic_last_post_time`,`topic_last_post_id`,`topic_moved_id`)
) ENGINE=InnoDB  DEFAULT CHARSET=utf8 COLLATE=utf8_bin;

--
-- Dumping data for table `phpbbtc_topics`
--

INSERT INTO `phpbbtc_topics` VALUES
(1, 2, 0, 0, 0, 'Introduction to NetForums', 2, 1692321521, 0, 69, 0, 0, 1, 'admin', 'AA0000', 1, 2, 'admin', 'AA0000', 'Introduction to NetForums', 1692321521, 1693445682, 0, 0, 0, '', 0, 0, 1, 0, 0, 1, 0, '', 0, 1, 0, 0),
(2, 2, 0, 0, 0, 'NetForums Rules', 58, 1692371327, 0, 85, 0, 0, 2, 'brotheralameen', '', 63, 138, 'margrog', 'AA0000', 'Re: NetForums Rules', 1693594107, 1693693360, 0, 0, 0, '', 0, 0, 1, 0, 0, 1, 0, '', 58, 2, 0, 0),
(5, 3, 0, 0, 0, 'Forum Developer', 58, 1692406687, 0, 67, 0, 0, 5, 'brotheralameen', '', 5, 58, 'brotheralameen', '', 'Forum Developer', 1692406687, 1693499806, 0, 0, 0, '', 0, 0, 1, 0, 0, 1, 0, '', 0, 1, 0, 0),
(6, 3, 5, 0, 0, 'Site Owner - trial', 59, 1692408739, 0, 87, 0, 0, 6, 'trial', 'AA0000', 8, 76, 'mal', '00AA00', 'Re: Site Owner - trial', 1692461079, 1693644772, 0, 0, 0, '', 0, 0, 1, 0, 0, 1, 0, '', 0, 2, 0, 0),
(7, 36, 0, 0, 0, 'R.I.P', 76, 1692461029, 0, 124, 0, 0, 7, 'mal', '00AA00', 13, 58, 'brotheralameen', '', 'Re: R.I.P', 1692487084, 1693676775, 0, 0, 0, '', 0, 0, 1, 0, 0, 1, 0, '', 0, 5, 0, 0),
(8, 2, 5, 0, 0, 'Posting Problems -', 66, 1692463798, 0, 60, 0, 0, 9, 'atern', 'AA0000', 9, 66, 'atern', 'AA0000', 'Posting Problems -', 1692463798, 1693546886, 0, 0, 0, '', 0, 0, 1, 0, 0, 1, 0, '', 0, 1, 0, 0),
(10, 18, 0, 0, 0, 'Joseph Dox', 69, 1692637504, 0, 126, 0, 0, 16, 'spy', '', 20, 60, 'alboo', '', 'Re: Joseph Dox', 1692680909, 1693690118, 0, 0, 0, '', 0, 0, 1, 0, 0, 1, 0, '', 0, 3, 0, 0),
(11, 18, 5, 0, 0, 'Vore 764', 59, 1692643563, 0, 80, 0, 0, 17, 'trial', 'AA0000', 17, 59, 'trial', 'AA0000', 'Vore 764', 1692643563, 1693676913, 0, 0, 0, '', 0, 0, 1, 0, 0, 1, 0, '', 0, 1, 0, 0),
(12, 20, 5, 0, 0, 'Dataleak.us Database Part 1', 58, 1692764125, 0, 236, 0, 0, 21, 'brotheralameen', '', 24, 58, 'brotheralameen', '', 'Re: Dataleak.us Database Part 1', 1692799871, 1693676798, 0, 0, 0, '', 0, 0, 1, 0, 0, 1, 0, '', 0, 3, 0, 0),
(13, 38, 0, 1, 0, '[External Report] D4RKR4BB1T47 aka Skyler James Egert aka Pavel Kravchenko', 58, 1692795395, 0, 189, 0, 0, 22, 'brotheralameen', '', 54, 138, 'margrog', 'AA0000', 'Re: [External Report] D4RKR4BB1T47 aka Skyler James Egert aka Pavel Kravchenko', 1693137657, 1693676863, 0, 0, 0, '', 0, 0, 1, 0, 0, 1, 0, '', 0, 7, 0, 0),
(15, 2, 0, 0, 0, 'Botted Views/Posts/Users', 59, 1692804127, 0, 65, 0, 0, 31, 'trial', 'AA0000', 31, 59, 'trial', 'AA0000', 'Botted Views/Posts/Users', 1692804127, 1693524586, 0, 0, 0, '', 0, 0, 1, 0, 0, 1, 0, '', 0, 1, 0, 0),
(18, 11, 0, 0, 0, 'Method Dump', 113, 1692992523, 0, 118, 0, 0, 35, 'Aqua', '', 46, 113, 'Aqua', '', 'Re: Method Dump', 1693060606, 1693676950, 0, 0, 0, '', 0, 0, 1, 0, 0, 1, 0, '', 0, 3, 0, 0),
(25, 3, 0, 0, 0, 'Invited by display name', 121, 1693000903, 0, 84, 0, 0, 43, 'Aqualol', '', 45, 109, 'court', '00AA00', 'Re: Invited by display name', 1693017431, 1693625678, 0, 0, 0, '', 0, 0, 1, 0, 0, 1, 0, '', 0, 2, 0, 0),
(26, 3, 0, 0, 0, 'this site', 122, 1693001465, 0, 67, 0, 0, 44, 'user', '', 44, 122, 'user', '', 'this site', 1693001465, 1693496755, 0, 0, 0, '', 0, 0, 1, 0, 0, 1, 0, '', 0, 1, 0, 0),
(27, 3, 0, 0, 0, 'hi', 133, 1693086162, 0, 59, 0, 0, 47, 'yoo', '', 47, 133, 'yoo', '', 'hi', 1693086162, 1693461656, 0, 0, 0, '', 0, 0, 1, 0, 0, 1, 0, '', 0, 1, 0, 0),
(28, 3, 0, 0, 0, 'Appreciation', 136, 1693122434, 0, 55, 0, 0, 48, 'zombie', '', 52, 138, 'margrog', 'AA0000', 'Re: Appreciation', 1693137174, 1693455938, 0, 0, 0, '', 0, 0, 1, 0, 0, 1, 0, '', 0, 3, 0, 0),
(29, 2, 0, 0, 0, 'RE: Leaving the forum', 58, 1693136703, 0, 75, 0, 0, 50, 'brotheralameen', '', 51, 138, 'margrog', 'AA0000', 'Re: RE: Leaving the forum', 1693137028, 1693659903, 0, 0, 0, '', 0, 0, 1, 0, 0, 1, 0, '', 0, 2, 0, 0),
(30, 3, 0, 0, 0, 'Welcoming Myself', 138, 1693137398, 0, 42, 0, 0, 53, 'margrog', 'AA0000', 53, 138, 'margrog', 'AA0000', 'Welcoming Myself', 1693137398, 1693625677, 0, 0, 0, '', 0, 0, 1, 0, 0, 1, 0, '', 0, 1, 0, 0),
(31, 3, 0, 0, 0, 'hai', 142, 1693177749, 0, 84, 0, 0, 55, 'sakura', '', 61, 110, 'horror', '', 'Re: hai', 1693467175, 1693608473, 0, 0, 0, '', 0, 0, 1, 0, 0, 1, 0, '', 0, 3, 0, 0),
(32, 23, 0, 0, 0, '[Leaked Email] Tunisian Government Sustainable Development for Africa', 138, 1693192062, 0, 72, 0, 0, 56, 'margrog', 'AA0000', 56, 138, 'margrog', 'AA0000', '[Leaked Email] Tunisian Government Sustainable Development for Africa', 1693192062, 1693676832, 0, 0, 0, '', 0, 0, 1, 0, 0, 1, 0, '', 0, 1, 0, 0),
(33, 3, 0, 0, 0, 'Hello all', 150, 1693275840, 0, 71, 0, 0, 57, 'cyclical3', '', 57, 150, 'cyclical3', '', 'Hello all', 1693275840, 1693625677, 0, 0, 0, '', 0, 0, 1, 0, 0, 1, 0, '', 0, 1, 0, 0),
(34, 3, 0, 0, 0, 'xd', 154, 1693304418, 0, 58, 0, 0, 59, 'Malice', '', 59, 154, 'Malice', '', 'xd', 1693304418, 1693531589, 0, 0, 0, '', 0, 0, 1, 0, 0, 1, 0, '', 0, 1, 0, 0),
(35, 3, 0, 0, 0, 'wave', 153, 1693410072, 0, 38, 0, 0, 60, 'bvm', '', 60, 153, 'bvm', '', 'wave', 1693410072, 1693507387, 0, 0, 0, '', 0, 0, 1, 0, 0, 1, 0, '', 0, 1, 0, 0),
(36, 2, 0, 0, 0, 'Wallets for perks and ranks', 138, 1693594025, 0, 19, 0, 0, 62, 'margrog', 'AA0000', 62, 138, 'margrog', 'AA0000', 'Wallets for perks and ranks', 1693594025, 1693693430, 0, 0, 0, '', 0, 0, 0, 0, 0, 1, 1693608721, '', 138, 1, 0, 0),
(37, 3, 3, 0, 0, 'Hi', 166, 1693608511, 0, 2, 0, 0, 64, 'cry', '', 64, 166, 'cry', '', 'Hi', 1693608511, 1693625671, 0, 0, 0, '', 0, 0, 1, 0, 0, 1, 0, '', 0, 1, 0, 0),
(38, 3, 5, 0, 0, 'Hello', 126, 1693645677, 0, 3, 0, 0, 65, 'Administrator', '', 65, 126, 'Administrator', '', 'Hello', 1693645677, 1693693104, 0, 0, 0, '', 0, 0, 1, 0, 0, 1, 0, '', 0, 1, 0, 0);

-- --------------------------------------------------------

--
-- Table structure for table `phpbbtc_topics_posted`
--

CREATE TABLE `phpbbtc_topics_posted` (
  `user_id` int(10) unsigned NOT NULL DEFAULT 0,
  `topic_id` int(10) unsigned NOT NULL DEFAULT 0,
  `topic_posted` tinyint(1) unsigned NOT NULL DEFAULT 0,
  PRIMARY KEY (`user_id`,`topic_id`)
) ENGINE=InnoDB DEFAULT CHARSET=utf8 COLLATE=utf8_bin;

--
-- Dumping data for table `phpbbtc_topics_posted`
--

INSERT INTO `phpbbtc_topics_posted` VALUES
(2, 1, 1),
(58, 2, 1),
(58, 5, 1),
(58, 7, 1),
(58, 12, 1),
(58, 13, 1),
(58, 28, 1),
(58, 29, 1),
(59, 6, 1),
(59, 7, 1),
(59, 10, 1),
(59, 11, 1),
(59, 12, 1),
(59, 13, 1),
(59, 15, 1),
(59, 18, 1),
(60, 10, 1),
(66, 8, 1),
(69, 10, 1),
(76, 6, 1),
(76, 7, 1),
(109, 25, 1),
(110, 31, 1),
(113, 18, 1),
(121, 25, 1),
(122, 26, 1),
(126, 38, 1),
(133, 27, 1),
(136, 28, 1),
(138, 2, 1),
(138, 13, 1),
(138, 28, 1),
(138, 29, 1),
(138, 30, 1),
(138, 32, 1),
(138, 36, 1),
(139, 31, 1),
(142, 31, 1),
(150, 33, 1),
(153, 35, 1),
(154, 34, 1),
(166, 37, 1);

-- --------------------------------------------------------

--
-- Table structure for table `phpbbtc_topics_track`
--

CREATE TABLE `phpbbtc_topics_track` (
  `user_id` int(10) unsigned NOT NULL DEFAULT 0,
  `topic_id` int(10) unsigned NOT NULL DEFAULT 0,
  `forum_id` mediumint(8) unsigned NOT NULL DEFAULT 0,
  `mark_time` int(11) unsigned NOT NULL DEFAULT 0,
  PRIMARY KEY (`user_id`,`topic_id`),
  KEY `forum_id` (`forum_id`),
  KEY `topic_id` (`topic_id`)
) ENGINE=InnoDB DEFAULT CHARSET=utf8 COLLATE=utf8_bin;

--
-- Dumping data for table `phpbbtc_topics_track`
--

INSERT INTO `phpbbtc_topics_track` VALUES
(58, 7, 36, 1692487084),
(58, 13, 38, 1692804524),
(58, 28, 3, 1693133605),
(58, 29, 2, 1693136703),
(59, 11, 18, 1692813724),
(59, 35, 3, 1693410072),
(60, 10, 18, 1692680910),
(66, 8, 2, 1692463798),
(66, 10, 18, 1692680909),
(69, 10, 18, 1692637504),
(76, 6, 3, 1692461079),
(76, 7, 36, 1692461029),
(109, 25, 3, 1693017431),
(110, 31, 3, 1693467175),
(113, 18, 11, 1693060606),
(118, 26, 3, 1693001465),
(121, 25, 3, 1693000903),
(122, 26, 3, 1693001465),
(126, 38, 3, 1693645677),
(133, 27, 3, 1693086162),
(136, 28, 3, 1693122434),
(138, 36, 2, 1693693429),
(139, 31, 3, 1693467175),
(139, 36, 2, 1693594025),
(142, 31, 3, 1693177749),
(150, 31, 3, 1693278851),
(150, 33, 3, 1693275840),
(150, 34, 3, 1693304418),
(154, 34, 3, 1693304418),
(166, 37, 3, 1693608511);

-- --------------------------------------------------------

--
-- Table structure for table `phpbbtc_topics_watch`
--

CREATE TABLE `phpbbtc_topics_watch` (
  `topic_id` int(10) unsigned NOT NULL DEFAULT 0,
  `user_id` int(10) unsigned NOT NULL DEFAULT 0,
  `notify_status` tinyint(1) unsigned NOT NULL DEFAULT 0,
  KEY `topic_id` (`topic_id`),
  KEY `user_id` (`user_id`),
  KEY `notify_stat` (`notify_status`)
) ENGINE=InnoDB DEFAULT CHARSET=utf8 COLLATE=utf8_bin;

-- --------------------------------------------------------

--
-- Table structure for table `phpbbtc_users`
--

CREATE TABLE `phpbbtc_users` (
  `user_id` int(10) unsigned NOT NULL AUTO_INCREMENT,
  `user_type` tinyint(2) NOT NULL DEFAULT 0,
  `group_id` mediumint(8) unsigned NOT NULL DEFAULT 3,
  `user_permissions` mediumtext NOT NULL,
  `user_perm_from` mediumint(8) unsigned NOT NULL DEFAULT 0,
  `user_ip` varchar(40) NOT NULL DEFAULT '',
  `user_regdate` int(11) unsigned NOT NULL DEFAULT 0,
  `username` varchar(255) NOT NULL DEFAULT '',
  `username_clean` varchar(255) NOT NULL DEFAULT '',
  `user_password` varchar(255) NOT NULL DEFAULT '',
  `user_passchg` int(11) unsigned NOT NULL DEFAULT 0,
  `user_email` varchar(100) NOT NULL DEFAULT '',
  `user_birthday` varchar(10) NOT NULL DEFAULT '',
  `user_lastvisit` int(11) unsigned NOT NULL DEFAULT 0,
  `user_lastmark` int(11) unsigned NOT NULL DEFAULT 0,
  `user_lastpost_time` int(11) unsigned NOT NULL DEFAULT 0,
  `user_lastpage` varchar(200) NOT NULL DEFAULT '',
  `user_last_confirm_key` varchar(10) NOT NULL DEFAULT '',
  `user_last_search` int(11) unsigned NOT NULL DEFAULT 0,
  `user_warnings` tinyint(4) NOT NULL DEFAULT 0,
  `user_last_warning` int(11) unsigned NOT NULL DEFAULT 0,
  `user_login_attempts` tinyint(4) NOT NULL DEFAULT 0,
  `user_inactive_reason` tinyint(2) NOT NULL DEFAULT 0,
  `user_inactive_time` int(11) unsigned NOT NULL DEFAULT 0,
  `user_posts` mediumint(8) unsigned NOT NULL DEFAULT 0,
  `user_lang` varchar(30) NOT NULL DEFAULT '',
  `user_timezone` varchar(100) NOT NULL DEFAULT '',
  `user_dateformat` varchar(64) NOT NULL DEFAULT 'd M Y H:i',
  `user_style` mediumint(8) unsigned NOT NULL DEFAULT 0,
  `user_rank` mediumint(8) unsigned NOT NULL DEFAULT 0,
  `user_colour` varchar(6) NOT NULL DEFAULT '',
  `user_new_privmsg` int(4) NOT NULL DEFAULT 0,
  `user_unread_privmsg` int(4) NOT NULL DEFAULT 0,
  `user_last_privmsg` int(11) unsigned NOT NULL DEFAULT 0,
  `user_message_rules` tinyint(1) unsigned NOT NULL DEFAULT 0,
  `user_full_folder` int(11) NOT NULL DEFAULT -3,
  `user_emailtime` int(11) unsigned NOT NULL DEFAULT 0,
  `user_topic_show_days` smallint(4) unsigned NOT NULL DEFAULT 0,
  `user_topic_sortby_type` varchar(1) NOT NULL DEFAULT 't',
  `user_topic_sortby_dir` varchar(1) NOT NULL DEFAULT 'd',
  `user_post_show_days` smallint(4) unsigned NOT NULL DEFAULT 0,
  `user_post_sortby_type` varchar(1) NOT NULL DEFAULT 't',
  `user_post_sortby_dir` varchar(1) NOT NULL DEFAULT 'a',
  `user_notify` tinyint(1) unsigned NOT NULL DEFAULT 0,
  `user_notify_pm` tinyint(1) unsigned NOT NULL DEFAULT 1,
  `user_notify_type` tinyint(4) NOT NULL DEFAULT 0,
  `user_allow_pm` tinyint(1) unsigned NOT NULL DEFAULT 1,
  `user_allow_viewonline` tinyint(1) unsigned NOT NULL DEFAULT 1,
  `user_allow_viewemail` tinyint(1) unsigned NOT NULL DEFAULT 1,
  `user_allow_massemail` tinyint(1) unsigned NOT NULL DEFAULT 1,
  `user_options` int(11) unsigned NOT NULL DEFAULT 230271,
  `user_avatar` varchar(255) NOT NULL DEFAULT '',
  `user_avatar_type` varchar(255) NOT NULL DEFAULT '',
  `user_avatar_width` smallint(4) unsigned NOT NULL DEFAULT 0,
  `user_avatar_height` smallint(4) unsigned NOT NULL DEFAULT 0,
  `user_sig` mediumtext NOT NULL,
  `user_sig_bbcode_uid` varchar(8) NOT NULL DEFAULT '',
  `user_sig_bbcode_bitfield` varchar(255) NOT NULL DEFAULT '',
  `user_jabber` varchar(255) NOT NULL DEFAULT '',
  `user_actkey` varchar(32) NOT NULL DEFAULT '',
  `reset_token` varchar(64) NOT NULL DEFAULT '',
  `reset_token_expiration` int(11) unsigned NOT NULL DEFAULT 0,
  `user_newpasswd` varchar(255) NOT NULL DEFAULT '',
  `user_form_salt` varchar(32) NOT NULL DEFAULT '',
  `user_new` tinyint(1) unsigned NOT NULL DEFAULT 1,
  `user_reminded` tinyint(4) NOT NULL DEFAULT 0,
  `user_reminded_time` int(11) unsigned NOT NULL DEFAULT 0,
  PRIMARY KEY (`user_id`),
  UNIQUE KEY `username_clean` (`username_clean`),
  KEY `user_birthday` (`user_birthday`),
  KEY `user_type` (`user_type`),
  KEY `user_email` (`user_email`)
) ENGINE=InnoDB  DEFAULT CHARSET=utf8 COLLATE=utf8_bin;

--
-- Dumping data for table `phpbbtc_users`
--

INSERT INTO `phpbbtc_users` VALUES
(1, 2, 1, '00000000000g13ydmo\nhwby9w000000\nhwby9w000000\nhwby9w000000\nhwby9w000000\nhwby9w000000\nhwby9w000000\nhwby9w000000\nhwby9w000000\nhwby9w000000\n\nhwby9w000000\nhwby9w000000\nhwby9w000000\nhwby9w000000\nhwby9w000000\nhwby9w000000\nhwby9w000000\nhwby9w000000\nhwby9w000000\nhwby9w000000\nhwby9w000000\nhwby9w000000\nhwby9w000000\nhwby9w000000\nhwby9w000000\nhwby9w000000\nhwby9w000000\nhwby9w000000\nhwby9w000000\nhwby9w000000\nhwby9w000000\nhwby9w000000\nhwby9w000000\n\n\nhwby9w000000\nhwby9w000000\nhwby9w000000\nhwby9w000000\nhwby9w000000\nhwby9w000000\nhwby9w000000\n\nhwby9w000000\nhwby9w000000\nhwby9w000000\nhwby9w000000\nhwby9w000000\nhwby9w000000\nhwby9w000000\nhwby9w000000', 0, '', 1692321521, 'Anonymous', 'anonymous', '', 0, '', '', 1693496635, 0, 0, 'app.php/user/reset_password?token=066qiskhyyl9kcc3lwlyqwbu1mp644no&u=163', '5RLB40Z12H', 1693507291, 0, 0, 0, 0, 0, 0, 'en', '', 'd M Y H:i', 3, 0, '', 0, 0, 0, 0, -3, 0, 0, 't', 'd', 0, 't', 'a', 0, 1, 0, 1, 1, 1, 0, 230271, '', '', 0, 0, '<t></t>', '', '', '', '', '', 0, '', '0s5qlg5y0uw5az0p', 1, 0, 0),
(2, 3, 5, '', 0, '185.213.154.174', 1692321521, 'admin', 'admin', '$argon2id$v=19$m=65536,t=4,p=2$cVNCS1hWR1hxMnc0VDZrQQ$4hfGYvc9dVBYPWPk5T2/rBPvg5blqiQLOKHixiwY93g', 0, 'admin@netforums.org', '', 1693349475, 0, 0, 'ucp.php?i=-paul999-tfa-ucp-tfa_module&mode=manage', '', 0, 0, 0, 0, 0, 0, 1, 'en', '', 'D M d, Y g:i a', 3, 1, 'AA0000', 0, 0, 0, 0, -3, 0, 0, 't', 'd', 0, 't', 'a', 0, 1, 0, 1, 1, 1, 1, 230271, '', '', 0, 0, '<t></t>', '', '', '', '', '', 0, '', '62z6tb9puhm28j2n', 1, 0, 0),
(3, 2, 6, '', 0, '', 1692321521, 'AdsBot [Google]', 'adsbot [google]', '', 1692321521, '', '', 0, 1692321521, 0, '', '', 0, 0, 0, 0, 0, 0, 0, 'en', 'UTC', 'D M d, Y g:i a', 3, 0, '9E8DA7', 0, 0, 0, 0, -3, 0, 0, 't', 'd', 0, 't', 'a', 0, 1, 0, 0, 1, 1, 0, 230271, '', '', 0, 0, '<t></t>', '', '', '', '', '', 0, '', 'l6c62gmfo10a91rn', 0, 0, 0),
(4, 2, 6, '\nhwby9w000000\nhwby80000000\nhwby80000000\nhwby80000000\nhwby80000000\nhwby80000000\nhwby80000000\nhwby80000000\nhwby80000000\n\nhwby80000000\nhwby80000000\nhwby80000000\nhwby80000000\nhwby9w000000\nhwby80000000\nhwby80000000\nhwby80000000\nhwby80000000\nhwby80000000\nhwby80000000\nhwby80000000\nhwby80000000\nhwby80000000\nhwby80000000\nhwby80000000\nhwby80000000\nhwby80000000\nhwby80000000\nhwby80000000\nhwby80000000\nhwby80000000\nhwby80000000\n\n\nhwby80000000\nhwby9w000000\nhwby80000000\nhwby80000000\nhwby80000000\nhwby80000000\nhwby80000000\n\nhwby80000000\nhwby80000000\nhwby80000000\nhwby80000000\nhwby80000000\nhwby80000000\nhwby80000000\nhwby80000000', 0, '', 1692321521, 'Ahrefs [Bot]', 'ahrefs [bot]', '', 1692321521, '', '', 1693693679, 1692321521, 0, 'index.php', '', 0, 0, 0, 0, 0, 0, 0, 'en', 'UTC', 'D M d, Y g:i a', 3, 0, '9E8DA7', 0, 0, 0, 0, -3, 0, 0, 't', 'd', 0, 't', 'a', 0, 1, 0, 0, 1, 1, 0, 230271, '', '', 0, 0, '<t></t>', '', '', '', '', '', 0, '', 'nfup8mqicchu4y6m', 0, 0, 0),
(5, 2, 6, '', 0, '', 1692321521, 'Alexa [Bot]', 'alexa [bot]', '', 1692321521, '', '', 0, 1692321521, 0, '', '', 0, 0, 0, 0, 0, 0, 0, 'en', 'UTC', 'D M d, Y g:i a', 3, 0, '9E8DA7', 0, 0, 0, 0, -3, 0, 0, 't', 'd', 0, 't', 'a', 0, 1, 0, 0, 1, 1, 0, 230271, '', '', 0, 0, '<t></t>', '', '', '', '', '', 0, '', 'kmr9m9lwkv7oia8k', 0, 0, 0),
(6, 2, 6, '', 0, '', 1692321521, 'Alta Vista [Bot]', 'alta vista [bot]', '', 1692321521, '', '', 0, 1692321521, 0, '', '', 0, 0, 0, 0, 0, 0, 0, 'en', 'UTC', 'D M d, Y g:i a', 3, 0, '9E8DA7', 0, 0, 0, 0, -3, 0, 0, 't', 'd', 0, 't', 'a', 0, 1, 0, 0, 1, 1, 0, 230271, '', '', 0, 0, '<t></t>', '', '', '', '', '', 0, '', 't4lyicqsbzqr2fiz', 0, 0, 0),
(7, 2, 6, '', 0, '', 1692321521, 'Amazon [Bot]', 'amazon [bot]', '', 1692321521, '', '', 0, 1692321521, 0, '', '', 0, 0, 0, 0, 0, 0, 0, 'en', 'UTC', 'D M d, Y g:i a', 3, 0, '9E8DA7', 0, 0, 0, 0, -3, 0, 0, 't', 'd', 0, 't', 'a', 0, 1, 0, 0, 1, 1, 0, 230271, '', '', 0, 0, '<t></t>', '', '', '', '', '', 0, '', 'bqlwqtbjangi2x5v', 0, 0, 0),
(8, 2, 6, '', 0, '', 1692321521, 'Ask Jeeves [Bot]', 'ask jeeves [bot]', '', 1692321521, '', '', 0, 1692321521, 0, '', '', 0, 0, 0, 0, 0, 0, 0, 'en', 'UTC', 'D M d, Y g:i a', 3, 0, '9E8DA7', 0, 0, 0, 0, -3, 0, 0, 't', 'd', 0, 't', 'a', 0, 1, 0, 0, 1, 1, 0, 230271, '', '', 0, 0, '<t></t>', '', '', '', '', '', 0, '', 'wbn93l7hddkrgaqo', 0, 0, 0),
(9, 2, 6, '', 0, '', 1692321521, 'Baidu [Spider]', 'baidu [spider]', '', 1692321521, '', '', 0, 1692321521, 0, '', '', 0, 0, 0, 0, 0, 0, 0, 'en', 'UTC', 'D M d, Y g:i a', 3, 0, '9E8DA7', 0, 0, 0, 0, -3, 0, 0, 't', 'd', 0, 't', 'a', 0, 1, 0, 0, 1, 1, 0, 230271, '', '', 0, 0, '<t></t>', '', '', '', '', '', 0, '', 'akhshhsspqkqzsvs', 0, 0, 0),
(10, 2, 6, '', 0, '', 1692321521, 'Bing [Bot]', 'bing [bot]', '', 1692321521, '', '', 1693673638, 1692321521, 0, 'index.php', '', 0, 0, 0, 0, 0, 0, 0, 'en', 'UTC', 'D M d, Y g:i a', 3, 0, '9E8DA7', 0, 0, 0, 0, -3, 0, 0, 't', 'd', 0, 't', 'a', 0, 1, 0, 0, 1, 1, 0, 230271, '', '', 0, 0, '<t></t>', '', '', '', '', '', 0, '', 'bh5i50eg8tu377gg', 0, 0, 0),
(11, 2, 6, '', 0, '', 1692321521, 'DuckDuckGo [Bot]', 'duckduckgo [bot]', '', 1692321521, '', '', 0, 1692321521, 0, '', '', 0, 0, 0, 0, 0, 0, 0, 'en', 'UTC', 'D M d, Y g:i a', 3, 0, '9E8DA7', 0, 0, 0, 0, -3, 0, 0, 't', 'd', 0, 't', 'a', 0, 1, 0, 0, 1, 1, 0, 230271, '', '', 0, 0, '<t></t>', '', '', '', '', '', 0, '', 'jsebzvivg16hvzax', 0, 0, 0),
(12, 2, 6, '', 0, '', 1692321521, 'Exabot [Bot]', 'exabot [bot]', '', 1692321521, '', '', 0, 1692321521, 0, '', '', 0, 0, 0, 0, 0, 0, 0, 'en', 'UTC', 'D M d, Y g:i a', 3, 0, '9E8DA7', 0, 0, 0, 0, -3, 0, 0, 't', 'd', 0, 't', 'a', 0, 1, 0, 0, 1, 1, 0, 230271, '', '', 0, 0, '<t></t>', '', '', '', '', '', 0, '', 'm9p48thdi927azha', 0, 0, 0),
(13, 2, 6, '', 0, '', 1692321521, 'FAST Enterprise [Crawler]', 'fast enterprise [crawler]', '', 1692321521, '', '', 0, 1692321521, 0, '', '', 0, 0, 0, 0, 0, 0, 0, 'en', 'UTC', 'D M d, Y g:i a', 3, 0, '9E8DA7', 0, 0, 0, 0, -3, 0, 0, 't', 'd', 0, 't', 'a', 0, 1, 0, 0, 1, 1, 0, 230271, '', '', 0, 0, '<t></t>', '', '', '', '', '', 0, '', 'ctjgsi835k19m9oq', 0, 0, 0),
(14, 2, 6, '', 0, '', 1692321521, 'FAST WebCrawler [Crawler]', 'fast webcrawler [crawler]', '', 1692321521, '', '', 0, 1692321521, 0, '', '', 0, 0, 0, 0, 0, 0, 0, 'en', 'UTC', 'D M d, Y g:i a', 3, 0, '9E8DA7', 0, 0, 0, 0, -3, 0, 0, 't', 'd', 0, 't', 'a', 0, 1, 0, 0, 1, 1, 0, 230271, '', '', 0, 0, '<t></t>', '', '', '', '', '', 0, '', 'f8bfub0gnxmqogyf', 0, 0, 0),
(15, 2, 6, '', 0, '', 1692321521, 'Francis [Bot]', 'francis [bot]', '', 1692321521, '', '', 0, 1692321521, 0, '', '', 0, 0, 0, 0, 0, 0, 0, 'en', 'UTC', 'D M d, Y g:i a', 3, 0, '9E8DA7', 0, 0, 0, 0, -3, 0, 0, 't', 'd', 0, 't', 'a', 0, 1, 0, 0, 1, 1, 0, 230271, '', '', 0, 0, '<t></t>', '', '', '', '', '', 0, '', 'oin2mmjfi05xjowi', 0, 0, 0),
(16, 2, 6, '', 0, '', 1692321521, 'Gigabot [Bot]', 'gigabot [bot]', '', 1692321521, '', '', 0, 1692321521, 0, '', '', 0, 0, 0, 0, 0, 0, 0, 'en', 'UTC', 'D M d, Y g:i a', 3, 0, '9E8DA7', 0, 0, 0, 0, -3, 0, 0, 't', 'd', 0, 't', 'a', 0, 1, 0, 0, 1, 1, 0, 230271, '', '', 0, 0, '<t></t>', '', '', '', '', '', 0, '', 'x8dzqmg1glwvgn7f', 0, 0, 0),
(17, 2, 6, '', 0, '', 1692321521, 'Google Adsense [Bot]', 'google adsense [bot]', '', 1692321521, '', '', 0, 1692321521, 0, '', '', 0, 0, 0, 0, 0, 0, 0, 'en', 'UTC', 'D M d, Y g:i a', 3, 0, '9E8DA7', 0, 0, 0, 0, -3, 0, 0, 't', 'd', 0, 't', 'a', 0, 1, 0, 0, 1, 1, 0, 230271, '', '', 0, 0, '<t></t>', '', '', '', '', '', 0, '', 'qy0tf6ia28mw1os3', 0, 0, 0),
(18, 2, 6, '', 0, '', 1692321521, 'Google Desktop', 'google desktop', '', 1692321521, '', '', 0, 1692321521, 0, '', '', 0, 0, 0, 0, 0, 0, 0, 'en', 'UTC', 'D M d, Y g:i a', 3, 0, '9E8DA7', 0, 0, 0, 0, -3, 0, 0, 't', 'd', 0, 't', 'a', 0, 1, 0, 0, 1, 1, 0, 230271, '', '', 0, 0, '<t></t>', '', '', '', '', '', 0, '', 'cqndr70jsf5il8iw', 0, 0, 0),
(19, 2, 6, '', 0, '', 1692321521, 'Google Feedfetcher', 'google feedfetcher', '', 1692321521, '', '', 0, 1692321521, 0, '', '', 0, 0, 0, 0, 0, 0, 0, 'en', 'UTC', 'D M d, Y g:i a', 3, 0, '9E8DA7', 0, 0, 0, 0, -3, 0, 0, 't', 'd', 0, 't', 'a', 0, 1, 0, 0, 1, 1, 0, 230271, '', '', 0, 0, '<t></t>', '', '', '', '', '', 0, '', 'dipornzrpsv4oht6', 0, 0, 0),
(20, 2, 6, '', 0, '', 1692321521, 'Google [Bot]', 'google [bot]', '', 1692321521, '', '', 1693683412, 1692321521, 0, 'viewforum.php?f=26', '', 0, 0, 0, 0, 0, 0, 0, 'en', 'UTC', 'D M d, Y g:i a', 3, 0, '9E8DA7', 0, 0, 0, 0, -3, 0, 0, 't', 'd', 0, 't', 'a', 0, 1, 0, 0, 1, 1, 0, 230271, '', '', 0, 0, '<t></t>', '', '', '', '', '', 0, '', 'chzye0ktajue7b4x', 0, 0, 0),
(21, 2, 6, '', 0, '', 1692321521, 'Heise IT-Markt [Crawler]', 'heise it-markt [crawler]', '', 1692321521, '', '', 0, 1692321521, 0, '', '', 0, 0, 0, 0, 0, 0, 0, 'en', 'UTC', 'D M d, Y g:i a', 3, 0, '9E8DA7', 0, 0, 0, 0, -3, 0, 0, 't', 'd', 0, 't', 'a', 0, 1, 0, 0, 1, 1, 0, 230271, '', '', 0, 0, '<t></t>', '', '', '', '', '', 0, '', 'w5fatzuzrdq4jr2c', 0, 0, 0),
(22, 2, 6, '', 0, '', 1692321521, 'Heritrix [Crawler]', 'heritrix [crawler]', '', 1692321521, '', '', 0, 1692321521, 0, '', '', 0, 0, 0, 0, 0, 0, 0, 'en', 'UTC', 'D M d, Y g:i a', 3, 0, '9E8DA7', 0, 0, 0, 0, -3, 0, 0, 't', 'd', 0, 't', 'a', 0, 1, 0, 0, 1, 1, 0, 230271, '', '', 0, 0, '<t></t>', '', '', '', '', '', 0, '', 'vh0k8lbe9igp1y2r', 0, 0, 0),
(23, 2, 6, '', 0, '', 1692321521, 'IBM Research [Bot]', 'ibm research [bot]', '', 1692321521, '', '', 0, 1692321521, 0, '', '', 0, 0, 0, 0, 0, 0, 0, 'en', 'UTC', 'D M d, Y g:i a', 3, 0, '9E8DA7', 0, 0, 0, 0, -3, 0, 0, 't', 'd', 0, 't', 'a', 0, 1, 0, 0, 1, 1, 0, 230271, '', '', 0, 0, '<t></t>', '', '', '', '', '', 0, '', '6hb8jgyg4jq7v31m', 0, 0, 0),
(24, 2, 6, '', 0, '', 1692321521, 'ICCrawler - ICjobs', 'iccrawler - icjobs', '', 1692321521, '', '', 0, 1692321521, 0, '', '', 0, 0, 0, 0, 0, 0, 0, 'en', 'UTC', 'D M d, Y g:i a', 3, 0, '9E8DA7', 0, 0, 0, 0, -3, 0, 0, 't', 'd', 0, 't', 'a', 0, 1, 0, 0, 1, 1, 0, 230271, '', '', 0, 0, '<t></t>', '', '', '', '', '', 0, '', '84z76nziqze9a5c8', 0, 0, 0),
(25, 2, 6, '', 0, '', 1692321521, 'ichiro [Crawler]', 'ichiro [crawler]', '', 1692321521, '', '', 0, 1692321521, 0, '', '', 0, 0, 0, 0, 0, 0, 0, 'en', 'UTC', 'D M d, Y g:i a', 3, 0, '9E8DA7', 0, 0, 0, 0, -3, 0, 0, 't', 'd', 0, 't', 'a', 0, 1, 0, 0, 1, 1, 0, 230271, '', '', 0, 0, '<t></t>', '', '', '', '', '', 0, '', '7hrl9tfms5pdwo7l', 0, 0, 0),
(26, 2, 6, '', 0, '', 1692321521, 'Majestic-12 [Bot]', 'majestic-12 [bot]', '', 1692321521, '', '', 0, 1692321521, 0, '', '', 0, 0, 0, 0, 0, 0, 0, 'en', 'UTC', 'D M d, Y g:i a', 3, 0, '9E8DA7', 0, 0, 0, 0, -3, 0, 0, 't', 'd', 0, 't', 'a', 0, 1, 0, 0, 1, 1, 0, 230271, '', '', 0, 0, '<t></t>', '', '', '', '', '', 0, '', 'xxspq947dnonqyyl', 0, 0, 0),
(27, 2, 6, '', 0, '', 1692321521, 'Metager [Bot]', 'metager [bot]', '', 1692321521, '', '', 0, 1692321521, 0, '', '', 0, 0, 0, 0, 0, 0, 0, 'en', 'UTC', 'D M d, Y g:i a', 3, 0, '9E8DA7', 0, 0, 0, 0, -3, 0, 0, 't', 'd', 0, 't', 'a', 0, 1, 0, 0, 1, 1, 0, 230271, '', '', 0, 0, '<t></t>', '', '', '', '', '', 0, '', 'hkwcpgn7pbnc95g7', 0, 0, 0),
(28, 2, 6, '', 0, '', 1692321521, 'MSN NewsBlogs', 'msn newsblogs', '', 1692321521, '', '', 0, 1692321521, 0, '', '', 0, 0, 0, 0, 0, 0, 0, 'en', 'UTC', 'D M d, Y g:i a', 3, 0, '9E8DA7', 0, 0, 0, 0, -3, 0, 0, 't', 'd', 0, 't', 'a', 0, 1, 0, 0, 1, 1, 0, 230271, '', '', 0, 0, '<t></t>', '', '', '', '', '', 0, '', '5qdu2gfdddeq3bup', 0, 0, 0),
(29, 2, 6, '', 0, '', 1692321521, 'MSN [Bot]', 'msn [bot]', '', 1692321521, '', '', 0, 1692321521, 0, '', '', 0, 0, 0, 0, 0, 0, 0, 'en', 'UTC', 'D M d, Y g:i a', 3, 0, '9E8DA7', 0, 0, 0, 0, -3, 0, 0, 't', 'd', 0, 't', 'a', 0, 1, 0, 0, 1, 1, 0, 230271, '', '', 0, 0, '<t></t>', '', '', '', '', '', 0, '', 'zxjw8cxp7phlfvdy', 0, 0, 0),
(30, 2, 6, '', 0, '', 1692321521, 'MSNbot Media', 'msnbot media', '', 1692321521, '', '', 0, 1692321521, 0, '', '', 0, 0, 0, 0, 0, 0, 0, 'en', 'UTC', 'D M d, Y g:i a', 3, 0, '9E8DA7', 0, 0, 0, 0, -3, 0, 0, 't', 'd', 0, 't', 'a', 0, 1, 0, 0, 1, 1, 0, 230271, '', '', 0, 0, '<t></t>', '', '', '', '', '', 0, '', '6t08bklc6c67p23s', 0, 0, 0),
(31, 2, 6, '', 0, '', 1692321521, 'NG-Search [Bot]', 'ng-search [bot]', '', 1692321521, '', '', 0, 1692321521, 0, '', '', 0, 0, 0, 0, 0, 0, 0, 'en', 'UTC', 'D M d, Y g:i a', 3, 0, '9E8DA7', 0, 0, 0, 0, -3, 0, 0, 't', 'd', 0, 't', 'a', 0, 1, 0, 0, 1, 1, 0, 230271, '', '', 0, 0, '<t></t>', '', '', '', '', '', 0, '', '49b18fym4z8vj2l7', 0, 0, 0),
(32, 2, 6, '', 0, '', 1692321521, 'Nutch [Bot]', 'nutch [bot]', '', 1692321521, '', '', 0, 1692321521, 0, '', '', 0, 0, 0, 0, 0, 0, 0, 'en', 'UTC', 'D M d, Y g:i a', 3, 0, '9E8DA7', 0, 0, 0, 0, -3, 0, 0, 't', 'd', 0, 't', 'a', 0, 1, 0, 0, 1, 1, 0, 230271, '', '', 0, 0, '<t></t>', '', '', '', '', '', 0, '', 'zgjdrm4eojj2nwo8', 0, 0, 0),
(33, 2, 6, '', 0, '', 1692321521, 'Nutch/CVS [Bot]', 'nutch/cvs [bot]', '', 1692321521, '', '', 0, 1692321521, 0, '', '', 0, 0, 0, 0, 0, 0, 0, 'en', 'UTC', 'D M d, Y g:i a', 3, 0, '9E8DA7', 0, 0, 0, 0, -3, 0, 0, 't', 'd', 0, 't', 'a', 0, 1, 0, 0, 1, 1, 0, 230271, '', '', 0, 0, '<t></t>', '', '', '', '', '', 0, '', '2adkddsw16zd834u', 0, 0, 0),
(34, 2, 6, '', 0, '', 1692321521, 'OmniExplorer [Bot]', 'omniexplorer [bot]', '', 1692321521, '', '', 0, 1692321521, 0, '', '', 0, 0, 0, 0, 0, 0, 0, 'en', 'UTC', 'D M d, Y g:i a', 3, 0, '9E8DA7', 0, 0, 0, 0, -3, 0, 0, 't', 'd', 0, 't', 'a', 0, 1, 0, 0, 1, 1, 0, 230271, '', '', 0, 0, '<t></t>', '', '', '', '', '', 0, '', 'uila62kpyr9l4q78', 0, 0, 0),
(35, 2, 6, '', 0, '', 1692321521, 'Online link [Validator]', 'online link [validator]', '', 1692321521, '', '', 0, 1692321521, 0, '', '', 0, 0, 0, 0, 0, 0, 0, 'en', 'UTC', 'D M d, Y g:i a', 3, 0, '9E8DA7', 0, 0, 0, 0, -3, 0, 0, 't', 'd', 0, 't', 'a', 0, 1, 0, 0, 1, 1, 0, 230271, '', '', 0, 0, '<t></t>', '', '', '', '', '', 0, '', '7ay3cp8521jwys1y', 0, 0, 0),
(36, 2, 6, '', 0, '', 1692321521, 'psbot [Picsearch]', 'psbot [picsearch]', '', 1692321521, '', '', 0, 1692321521, 0, '', '', 0, 0, 0, 0, 0, 0, 0, 'en', 'UTC', 'D M d, Y g:i a', 3, 0, '9E8DA7', 0, 0, 0, 0, -3, 0, 0, 't', 'd', 0, 't', 'a', 0, 1, 0, 0, 1, 1, 0, 230271, '', '', 0, 0, '<t></t>', '', '', '', '', '', 0, '', 'b8wcavfbrnpnpsp1', 0, 0, 0),
(37, 2, 6, '', 0, '', 1692321521, 'Seekport [Bot]', 'seekport [bot]', '', 1692321521, '', '', 0, 1692321521, 0, '', '', 0, 0, 0, 0, 0, 0, 0, 'en', 'UTC', 'D M d, Y g:i a', 3, 0, '9E8DA7', 0, 0, 0, 0, -3, 0, 0, 't', 'd', 0, 't', 'a', 0, 1, 0, 0, 1, 1, 0, 230271, '', '', 0, 0, '<t></t>', '', '', '', '', '', 0, '', 'armpe4uq2nk5vot1', 0, 0, 0),
(38, 2, 6, '', 0, '', 1692321521, 'Semrush [Bot]', 'semrush [bot]', '', 1692321521, '', '', 1693641800, 1692321521, 0, 'app.php/sitemap.xml', '', 0, 0, 0, 0, 0, 0, 0, 'en', 'UTC', 'D M d, Y g:i a', 3, 0, '9E8DA7', 0, 0, 0, 0, -3, 0, 0, 't', 'd', 0, 't', 'a', 0, 1, 0, 0, 1, 1, 0, 230271, '', '', 0, 0, '<t></t>', '', '', '', '', '', 0, '', 'm5evul81qauj7z11', 0, 0, 0),
(39, 2, 6, '', 0, '', 1692321521, 'Sensis [Crawler]', 'sensis [crawler]', '', 1692321521, '', '', 0, 1692321521, 0, '', '', 0, 0, 0, 0, 0, 0, 0, 'en', 'UTC', 'D M d, Y g:i a', 3, 0, '9E8DA7', 0, 0, 0, 0, -3, 0, 0, 't', 'd', 0, 't', 'a', 0, 1, 0, 0, 1, 1, 0, 230271, '', '', 0, 0, '<t></t>', '', '', '', '', '', 0, '', '5vpa0rtso7tva7f2', 0, 0, 0),
(40, 2, 6, '', 0, '', 1692321521, 'SEO Crawler', 'seo crawler', '', 1692321521, '', '', 0, 1692321521, 0, '', '', 0, 0, 0, 0, 0, 0, 0, 'en', 'UTC', 'D M d, Y g:i a', 3, 0, '9E8DA7', 0, 0, 0, 0, -3, 0, 0, 't', 'd', 0, 't', 'a', 0, 1, 0, 0, 1, 1, 0, 230271, '', '', 0, 0, '<t></t>', '', '', '', '', '', 0, '', 'gou630rkdk3v3nsj', 0, 0, 0),
(41, 2, 6, '', 0, '', 1692321521, 'Seoma [Crawler]', 'seoma [crawler]', '', 1692321521, '', '', 0, 1692321521, 0, '', '', 0, 0, 0, 0, 0, 0, 0, 'en', 'UTC', 'D M d, Y g:i a', 3, 0, '9E8DA7', 0, 0, 0, 0, -3, 0, 0, 't', 'd', 0, 't', 'a', 0, 1, 0, 0, 1, 1, 0, 230271, '', '', 0, 0, '<t></t>', '', '', '', '', '', 0, '', '0xrqgcaudbd8q8hx', 0, 0, 0),
(42, 2, 6, '', 0, '', 1692321521, 'SEOSearch [Crawler]', 'seosearch [crawler]', '', 1692321521, '', '', 0, 1692321521, 0, '', '', 0, 0, 0, 0, 0, 0, 0, 'en', 'UTC', 'D M d, Y g:i a', 3, 0, '9E8DA7', 0, 0, 0, 0, -3, 0, 0, 't', 'd', 0, 't', 'a', 0, 1, 0, 0, 1, 1, 0, 230271, '', '', 0, 0, '<t></t>', '', '', '', '', '', 0, '', '727as9liq7kzda72', 0, 0, 0),
(43, 2, 6, '', 0, '', 1692321521, 'Snappy [Bot]', 'snappy [bot]', '', 1692321521, '', '', 0, 1692321521, 0, '', '', 0, 0, 0, 0, 0, 0, 0, 'en', 'UTC', 'D M d, Y g:i a', 3, 0, '9E8DA7', 0, 0, 0, 0, -3, 0, 0, 't', 'd', 0, 't', 'a', 0, 1, 0, 0, 1, 1, 0, 230271, '', '', 0, 0, '<t></t>', '', '', '', '', '', 0, '', 'ixn17bv76g1ph7ef', 0, 0, 0),
(44, 2, 6, '', 0, '', 1692321521, 'Steeler [Crawler]', 'steeler [crawler]', '', 1692321521, '', '', 0, 1692321521, 0, '', '', 0, 0, 0, 0, 0, 0, 0, 'en', 'UTC', 'D M d, Y g:i a', 3, 0, '9E8DA7', 0, 0, 0, 0, -3, 0, 0, 't', 'd', 0, 't', 'a', 0, 1, 0, 0, 1, 1, 0, 230271, '', '', 0, 0, '<t></t>', '', '', '', '', '', 0, '', 'dqt45334jf5rc98o', 0, 0, 0),
(45, 2, 6, '', 0, '', 1692321521, 'Synoo [Bot]', 'synoo [bot]', '', 1692321521, '', '', 0, 1692321521, 0, '', '', 0, 0, 0, 0, 0, 0, 0, 'en', 'UTC', 'D M d, Y g:i a', 3, 0, '9E8DA7', 0, 0, 0, 0, -3, 0, 0, 't', 'd', 0, 't', 'a', 0, 1, 0, 0, 1, 1, 0, 230271, '', '', 0, 0, '<t></t>', '', '', '', '', '', 0, '', 'womirdp5obqjxy0p', 0, 0, 0),
(46, 2, 6, '', 0, '', 1692321521, 'Telekom [Bot]', 'telekom [bot]', '', 1692321521, '', '', 0, 1692321521, 0, '', '', 0, 0, 0, 0, 0, 0, 0, 'en', 'UTC', 'D M d, Y g:i a', 3, 0, '9E8DA7', 0, 0, 0, 0, -3, 0, 0, 't', 'd', 0, 't', 'a', 0, 1, 0, 0, 1, 1, 0, 230271, '', '', 0, 0, '<t></t>', '', '', '', '', '', 0, '', 'cce4a86at47q67vf', 0, 0, 0),
(47, 2, 6, '', 0, '', 1692321521, 'TurnitinBot [Bot]', 'turnitinbot [bot]', '', 1692321521, '', '', 0, 1692321521, 0, '', '', 0, 0, 0, 0, 0, 0, 0, 'en', 'UTC', 'D M d, Y g:i a', 3, 0, '9E8DA7', 0, 0, 0, 0, -3, 0, 0, 't', 'd', 0, 't', 'a', 0, 1, 0, 0, 1, 1, 0, 230271, '', '', 0, 0, '<t></t>', '', '', '', '', '', 0, '', 'cnbma6mqi081r6sb', 0, 0, 0),
(48, 2, 6, '', 0, '', 1692321521, 'Voyager [Bot]', 'voyager [bot]', '', 1692321521, '', '', 0, 1692321521, 0, '', '', 0, 0, 0, 0, 0, 0, 0, 'en', 'UTC', 'D M d, Y g:i a', 3, 0, '9E8DA7', 0, 0, 0, 0, -3, 0, 0, 't', 'd', 0, 't', 'a', 0, 1, 0, 0, 1, 1, 0, 230271, '', '', 0, 0, '<t></t>', '', '', '', '', '', 0, '', '7q5vz8dwr8h7bu3x', 0, 0, 0),
(49, 2, 6, '', 0, '', 1692321521, 'W3 [Sitesearch]', 'w3 [sitesearch]', '', 1692321521, '', '', 0, 1692321521, 0, '', '', 0, 0, 0, 0, 0, 0, 0, 'en', 'UTC', 'D M d, Y g:i a', 3, 0, '9E8DA7', 0, 0, 0, 0, -3, 0, 0, 't', 'd', 0, 't', 'a', 0, 1, 0, 0, 1, 1, 0, 230271, '', '', 0, 0, '<t></t>', '', '', '', '', '', 0, '', '70tsmhj06e6elem9', 0, 0, 0),
(50, 2, 6, '', 0, '', 1692321521, 'W3C [Linkcheck]', 'w3c [linkcheck]', '', 1692321521, '', '', 0, 1692321521, 0, '', '', 0, 0, 0, 0, 0, 0, 0, 'en', 'UTC', 'D M d, Y g:i a', 3, 0, '9E8DA7', 0, 0, 0, 0, -3, 0, 0, 't', 'd', 0, 't', 'a', 0, 1, 0, 0, 1, 1, 0, 230271, '', '', 0, 0, '<t></t>', '', '', '', '', '', 0, '', 'a6vq9xmg5sjk48dk', 0, 0, 0),
(51, 2, 6, '', 0, '', 1692321521, 'W3C [Validator]', 'w3c [validator]', '', 1692321521, '', '', 0, 1692321521, 0, '', '', 0, 0, 0, 0, 0, 0, 0, 'en', 'UTC', 'D M d, Y g:i a', 3, 0, '9E8DA7', 0, 0, 0, 0, -3, 0, 0, 't', 'd', 0, 't', 'a', 0, 1, 0, 0, 1, 1, 0, 230271, '', '', 0, 0, '<t></t>', '', '', '', '', '', 0, '', 'dze61qe0vie7bklc', 0, 0, 0),
(52, 2, 6, '', 0, '', 1692321521, 'WiseNut [Bot]', 'wisenut [bot]', '', 1692321521, '', '', 0, 1692321521, 0, '', '', 0, 0, 0, 0, 0, 0, 0, 'en', 'UTC', 'D M d, Y g:i a', 3, 0, '9E8DA7', 0, 0, 0, 0, -3, 0, 0, 't', 'd', 0, 't', 'a', 0, 1, 0, 0, 1, 1, 0, 230271, '', '', 0, 0, '<t></t>', '', '', '', '', '', 0, '', 'feezy7i3jlkefhy8', 0, 0, 0),
(53, 2, 6, '', 0, '', 1692321521, 'YaCy [Bot]', 'yacy [bot]', '', 1692321521, '', '', 0, 1692321521, 0, '', '', 0, 0, 0, 0, 0, 0, 0, 'en', 'UTC', 'D M d, Y g:i a', 3, 0, '9E8DA7', 0, 0, 0, 0, -3, 0, 0, 't', 'd', 0, 't', 'a', 0, 1, 0, 0, 1, 1, 0, 230271, '', '', 0, 0, '<t></t>', '', '', '', '', '', 0, '', 'erldp5gwzqewzr9f', 0, 0, 0),
(54, 2, 6, '', 0, '', 1692321521, 'Yahoo MMCrawler [Bot]', 'yahoo mmcrawler [bot]', '', 1692321521, '', '', 0, 1692321521, 0, '', '', 0, 0, 0, 0, 0, 0, 0, 'en', 'UTC', 'D M d, Y g:i a', 3, 0, '9E8DA7', 0, 0, 0, 0, -3, 0, 0, 't', 'd', 0, 't', 'a', 0, 1, 0, 0, 1, 1, 0, 230271, '', '', 0, 0, '<t></t>', '', '', '', '', '', 0, '', 'dglf4fh8czyhu4yc', 0, 0, 0),
(55, 2, 6, '', 0, '', 1692321521, 'Yahoo Slurp [Bot]', 'yahoo slurp [bot]', '', 1692321521, '', '', 0, 1692321521, 0, '', '', 0, 0, 0, 0, 0, 0, 0, 'en', 'UTC', 'D M d, Y g:i a', 3, 0, '9E8DA7', 0, 0, 0, 0, -3, 0, 0, 't', 'd', 0, 't', 'a', 0, 1, 0, 0, 1, 1, 0, 230271, '', '', 0, 0, '<t></t>', '', '', '', '', '', 0, '', '2i16pux95sy43oa5', 0, 0, 0),
(56, 2, 6, '', 0, '', 1692321521, 'Yahoo [Bot]', 'yahoo [bot]', '', 1692321521, '', '', 0, 1692321521, 0, '', '', 0, 0, 0, 0, 0, 0, 0, 'en', 'UTC', 'D M d, Y g:i a', 3, 0, '9E8DA7', 0, 0, 0, 0, -3, 0, 0, 't', 'd', 0, 't', 'a', 0, 1, 0, 0, 1, 1, 0, 230271, '', '', 0, 0, '<t></t>', '', '', '', '', '', 0, '', 'b3yjgf8n7e1s04i1', 0, 0, 0),
(57, 2, 6, '', 0, '', 1692321521, 'YahooSeeker [Bot]', 'yahooseeker [bot]', '', 1692321521, '', '', 0, 1692321521, 0, '', '', 0, 0, 0, 0, 0, 0, 0, 'en', 'UTC', 'D M d, Y g:i a', 3, 0, '9E8DA7', 0, 0, 0, 0, -3, 0, 0, 't', 'd', 0, 't', 'a', 0, 1, 0, 0, 1, 1, 0, 230271, '', '', 0, 0, '<t></t>', '', '', '', '', '', 0, '', 'ihv4dkvy5hm2a2o2', 0, 0, 0),
(58, 0, 2, '', 0, '185.213.154.174', 1692322287, 'brotheralameen', 'brotheralameen', '$argon2id$v=19$m=65536,t=4,p=2$ZGlsa0kzSGFZbEMuUnRKRw$X9Ut8ryhWblRoo+edT7t37LdUHDAtGBCaoEoXxnCxxY', 1692323568, 'brotheralameen@netforums.org', '', 1693158533, 1692322287, 1693136703, 'ucp.php?mode=logout', '', 1692800341, 0, 0, 0, 0, 0, 11, 'en', 'Africa/Algiers', 'D M d, Y g:i a', 3, 7, '', 0, 0, 0, 0, -3, 0, 0, 't', 'd', 0, 't', 'a', 0, 1, 0, 1, 1, 1, 1, 230271, '58_1692408840.jpg', 'avatar.driver.upload', 90, 90, '', '', '', '', '', '', 0, '', 'zfds8wcciuc1v2dv', 0, 0, 0),
(59, 0, 5, '', 0, '146.70.128.249', 1692324602, 'trial', 'trial', '$argon2id$v=19$m=65536,t=4,p=2$elp2Z0pmRVJiSFoyZE5GUw$T6i6n7d6zY3FHl7wGNchIcGMLYoXWdXCIoy4MNf/Hdo', 1692324602, 'trial@netforums.org', '', 1693537504, 1692643796, 1692992833, 'app.php/favicon.ico', '', 1692492394, 0, 0, 0, 0, 0, 11, 'en', 'Africa/Algiers', 'D M d, Y g:i a', 3, 1, 'AA0000', 0, 0, 0, 0, -3, 0, 0, 't', 'd', 0, 't', 'a', 0, 1, 0, 1, 1, 1, 1, 230271, '59_1692482602.png', 'avatar.driver.upload', 104, 120, '', '', '', '', '', '', 0, '', '6qxuqpmbxasjp4x6', 0, 0, 0),
(60, 0, 2, '', 0, '213.112.154.141', 1692326296, 'alboo', 'alboo', '$argon2id$v=19$m=65536,t=4,p=2$ZDlXN0VoWkZibEtQZWNleg$qDOpgFVywMBDNF23IJSUSosPbeJVwc8eqKdomKxsrj8', 1692326296, 'erasecurity@alboo.xyz', '', 1692727733, 1692326296, 1692680909, 'app.php/favicon.ico', '', 0, 0, 0, 0, 0, 0, 1, 'en', 'Africa/Blantyre', 'D M d, Y g:i a', 3, 0, '', 0, 0, 0, 0, -3, 0, 0, 't', 'd', 0, 't', 'a', 0, 1, 0, 1, 1, 1, 1, 230271, '', '', 0, 0, '', '', '', '', '', '', 0, '', 'mp31jj7m8w0urr06', 1, 0, 0),
(63, 0, 4, '', 0, '138.199.6.219', 1692381677, 'eom', 'eom', '$argon2id$v=19$m=65536,t=4,p=2$Sm50aGV4N2VlaVUwcUFPdQ$iSfW8k97giUekZyRNb7zIrtrkwJ3Av63Ywt+WulwITk', 1692381677, 'edward.snowden@cia.gov', '', 1693139474, 1692381677, 0, '', '', 0, 0, 0, 0, 0, 0, 0, 'en', 'Africa/Porto-Novo', 'D M d, Y g:i a', 3, 0, '00AA00', 0, 0, 0, 0, -3, 1692382409, 0, 't', 'd', 0, 't', 'a', 0, 1, 0, 1, 1, 1, 1, 230271, '', '', 0, 0, '<r><EMAIL email="eom@blackforums.net">eom@blackforums.net</EMAIL><br/>\n<URL url="https://eomlol.t.me">https://eomlol.t.me</URL><br/>\n<IMG src="https://iplogger.cn/1r9805.jpeg"><s>[img]</s><URL url="https://iplogger.cn/1r9805.jpeg">https://iplogger.cn/1r9805.jpeg</URL><e>[/img]</e></IMG>\n<CODE><s>[code]</s>penis<e>[/code]</e></CODE></r>', '', '', '', '', '', 0, '', 'uhvpk6hyx4kuj8y6', 1, 0, 0),
(64, 0, 2, '', 0, '2607:fb91:17a7:8137:b00a:a834:f54a:4ca5', 1692381719, 'bitcoin', 'bitcoin', '$argon2id$v=19$m=65536,t=4,p=2$ZFpBVGc0cmpGZUhMZDBmMQ$5Y/KrzQiYi4VhwVtk1GZ8BJl4PRNs+yjynH7yXQfi+s', 1692381719, 'novvatermed@gmail.com', '', 1692414431, 1692381719, 1692381930, 'ucp.php?i=ucp_notifications', '', 0, 0, 0, 0, 0, 0, 0, 'en', 'America/Anguilla', 'D M d, Y g:i a', 3, 0, '', 0, 0, 0, 0, -3, 0, 0, 't', 'd', 0, 't', 'a', 0, 1, 0, 1, 1, 1, 1, 230271, '', '', 0, 0, '', '', '', '', '', '', 0, '', 'sjt4ba3qoewkwurf', 1, 0, 0),
(65, 0, 2, '', 0, '2a0d:5600:8:7001::1689', 1692381942, 'kapa', 'kapa', '$argon2id$v=19$m=65536,t=4,p=2$MXhVR2lYZzNSL2xzUWUyOQ$ItYFDNxjQDmJf/r+wEAsEiFwBI1Frz+Kq81+f/ZEWZI', 1692381942, 'swattings@skiff.com', '', 1692507117, 1692381942, 0, 'ucp.php?i=181', '', 0, 0, 0, 0, 0, 0, 0, 'en', 'America/Bahia_Banderas', 'D M d, Y g:i a', 3, 0, '', 0, 0, 0, 0, -3, 0, 0, 't', 'd', 0, 't', 'a', 0, 1, 0, 1, 1, 1, 1, 230271, '', '', 0, 0, '', '', '', '', '', '', 0, '', 's9yudiyntp31243m', 1, 0, 0),
(66, 0, 5, '', 0, '104.129.56.190', 1692399631, 'atern', 'atern', '$argon2id$v=19$m=65536,t=4,p=2$SE5IdnBBMjVxWHd5TUo3cA$DgQ3fNXxNZENrI/PIt0anEUGR/gTWhJtnEYZ+8sphkI', 1692399631, 'lucilfer@alo.ne', '', 1692911442, 1692399631, 1692802297, 'app.php/favicon.ico', '', 1692466343, 0, 0, 0, 0, 0, 1, 'en', 'America/Anguilla', 'D M d, Y g:i a', 3, 0, 'AA0000', 0, 0, 0, 0, -3, 0, 0, 't', 'd', 0, 't', 'a', 0, 1, 0, 1, 1, 1, 1, 230271, '66_1692466292.jpg', 'avatar.driver.upload', 90, 89, '<r><URL url="https://t.me/aterny">https://t.me/aterny</URL>  <E>:D</E></r>', '', '', '', '', '', 0, '', '52nw5aypfe9v04af', 1, 0, 0),
(67, 0, 2, '', 0, '82.102.23.100', 1692421542, 'cold', 'cold', '$argon2id$v=19$m=65536,t=4,p=2$L2tjME93dTk1TW1odTJnNg$j5m2mSVXA1m57PxO6SEjTQ4cBWEn+a848FjXePMEBn0', 1692421542, 'rodol98024@cwtaa.com', '', 1692421728, 1692421542, 0, 'index.php', '', 0, 0, 0, 0, 0, 0, 0, 'en', 'Africa/Algiers', 'D M d, Y g:i a', 3, 0, '', 0, 0, 0, 0, -3, 0, 0, 't', 'd', 0, 't', 'a', 0, 1, 0, 1, 1, 1, 1, 230271, '', '', 0, 0, '', '', '', '', '', '', 0, '', '7lkjbc5yq6udpthw', 1, 0, 0),
(69, 0, 2, '', 0, '82.132.226.83', 1692435493, 'spy', 'spy', '$argon2id$v=19$m=65536,t=4,p=2$bWlMOGQ4Q1g1Yk9Eb1RRWg$CPLYjVZnV+RCutHlSIdUKIXSrBvHaw8IqtxeCf5oVuQ', 1692435493, 'spyblock@skiff.com', '', 1692638018, 1692435493, 1692637504, 'app.php/favicon.ico', 'AT3AZI56MI', 1692638009, 0, 0, 0, 0, 0, 1, 'en', 'Africa/Algiers', 'D M d, Y g:i a', 3, 0, '', 0, 0, 0, 0, -3, 0, 0, 't', 'd', 0, 't', 'a', 0, 1, 0, 1, 1, 1, 1, 230271, '', '', 0, 0, '', '', '', '', '', '', 0, '', 'hd6zolc5c4r01mw8', 1, 0, 0),
(70, 0, 2, '', 0, '185.65.135.179', 1692459034, 'charm', 'charm', '$argon2id$v=19$m=65536,t=4,p=2$b3JXWmxCZloxWTNNZFJzYg$51Qvsg6VMMuTK59Z1JrrCA3TLVX9koNBRuZRvCkcT6E', 1692459034, 'c@ra.pe', '', 1692538907, 1692459034, 0, 'ucp.php?i=ucp_profile&mode=avatar', '', 0, 0, 0, 0, 0, 0, 0, 'en', 'Africa/Algiers', 'D M d, Y g:i a', 3, 0, '', 0, 0, 0, 0, -3, 0, 0, 't', 'd', 0, 't', 'a', 0, 1, 0, 1, 1, 1, 1, 230271, '', '', 0, 0, '', '', '', '', '', '', 0, '', 'zsjrkb6u8261wmx2', 1, 0, 0),
(76, 0, 4, '', 0, '146.70.132.151', 1692460490, 'mal', 'mal', '$argon2id$v=19$m=65536,t=4,p=2$bWlJUWh2UzZYY0phODNUTQ$fKj32KWudKWgUcoJYMrKPsIzDSNJNN89F5eD9Df8mUA', 1692460490, 'wordleft@skiff.com', '', 1692461356, 1692460490, 1692461079, 'index.php', '', 0, 0, 0, 0, 0, 0, 2, 'en', 'UTC', 'D M d, Y g:i a', 3, 0, '00AA00', 0, 0, 0, 0, -3, 0, 0, 't', 'd', 0, 't', 'a', 0, 1, 0, 1, 1, 1, 1, 230271, '76_1692460904.jpg', 'avatar.driver.upload', 90, 88, '', '', '', '', '', '', 0, '', '7rowfrv8dwqvvsww', 1, 0, 0),
(78, 0, 2, '', 0, '146.70.128.254', 1692475545, 'ruin', 'ruin', '$argon2id$v=19$m=65536,t=4,p=2$TlpkU3RhTkpOMmdVazRYSA$P8aUJ+3IQDVZf+SgcdYk21H46F9o74mTz9jgHjboaj0', 1692475545, 'e.reywas@skiff.com', '', 1692475585, 1692475545, 0, '', '', 0, 0, 0, 0, 0, 0, 0, 'en', 'Africa/Algiers', 'D M d, Y g:i a', 3, 0, '', 0, 0, 0, 0, -3, 0, 0, 't', 'd', 0, 't', 'a', 0, 1, 0, 1, 1, 1, 1, 230271, '', '', 0, 0, '', '', '', '', '', '', 0, '', 'r5nqd4k6x5cjc9lp', 1, 0, 0),
(79, 0, 4, '', 0, '68.235.33.101', 1692476665, 'racism', 'racism', '$argon2id$v=19$m=65536,t=4,p=2$bjd4SjlHaDNTdnVZMVUueA$75HhuyqQ2uciepdT4NSrDcdaOKWKKAuGRIbz/2DwnVQ', 1692476665, 'racismoncord@skiff.com', '', 1693132700, 1692476665, 0, 'app.php/favicon.ico', '', 0, 0, 0, 0, 0, 0, 0, 'en', 'Europe/Berlin', 'D M d, Y g:i a', 3, 0, '00AA00', 0, 0, 0, 0, -3, 0, 0, 't', 'd', 0, 't', 'a', 0, 1, 0, 1, 1, 1, 1, 230271, '', '', 0, 0, '', '', '', '', '', '', 0, '', 'mf3zz4ygprlxpwn0', 1, 0, 0),
(84, 0, 2, '', 0, '2600:4040:aafb:2b00:a850:4630:7c4c:a9ac', 1692479578, 'cmonhazard', 'cmonhazard', '$argon2id$v=19$m=65536,t=4,p=2$ckxCRW91RjMzeHZzSGRNLg$mIvo1nRHZWKSAW91Ab7/jfNePKR2bejOPn1k1EpEEb4', 1692479578, 'dynamixdylan5@gmail.com', '', 1692553556, 1692479578, 0, 'app.php/favicon.ico', '', 0, 0, 0, 0, 0, 0, 0, 'en', 'America/Anguilla', 'D M d, Y g:i a', 3, 0, '', 0, 0, 0, 0, -3, 0, 0, 't', 'd', 0, 't', 'a', 0, 1, 0, 1, 1, 1, 1, 230271, '', '', 0, 0, '', '', '', '', '', '', 0, '', 'owhvaya88t6chp71', 1, 0, 0),
(86, 0, 2, '', 0, '89.240.116.203', 1692497450, 'juggin', 'juggin', '$argon2id$v=19$m=65536,t=4,p=2$dG5YOEZNdGh4Yi5RTjFsOQ$04HuRqgtmq9O2J05B5yZtDPfIu4FyQ/mRot6tEc3NoA', 1692497450, 'jzorjuggin@gmail.com', '', 0, 1692497450, 0, '', '', 0, 0, 0, 0, 0, 0, 0, 'en', 'Africa/Algiers', 'D M d, Y g:i a', 3, 0, '', 0, 0, 0, 0, -3, 0, 0, 't', 'd', 0, 't', 'a', 0, 1, 0, 1, 1, 1, 1, 230271, '', '', 0, 0, '', '', '', '', '', '', 0, '', '397u4cnrrtdyhq5d', 1, 0, 0),
(87, 0, 2, '', 0, '37.19.199.151', 1692507736, 'elite', 'elite', '$argon2id$v=19$m=65536,t=4,p=2$QUt3QnRNVEdiTzVLLzRoNA$D1alA4nvFOsnTHNYzfFD//L94D3OAXvyluFlb7DvVU8', 1692507736, 'magos90559@gienig.com', '', 1693524882, 1692507736, 1692531749, 'memberlist.php?mode=viewprofile&u=138', '', 0, 0, 0, 0, 0, 0, 0, 'en', 'Europe/London', 'D M d, Y g:i a', 3, 0, '', 0, 0, 0, 0, -3, 0, 0, 't', 'd', 0, 't', 'a', 0, 1, 0, 1, 0, 0, 0, 230271, '', '', 0, 0, '', '', '', '', '', '', 0, '', 'z2pib1nkt7ibr2ql', 1, 0, 0),
(88, 0, 2, '', 0, '47.160.73.231', 1692512588, 'meowekitten6969', 'meowekitten6969', '$argon2id$v=19$m=65536,t=4,p=2$c2t5S2FDNVA1WVFacnVvZw$QSObtSiaLME8b6gDJugjqLer5s3nZpBbmCQQmSYXlho', 1692512588, 'gorysec@gmail.com', '', 1692512950, 1692512588, 0, 'memberlist.php?mode=viewprofile&u=88', '', 1692512753, 0, 0, 0, 0, 0, 0, 'en', 'America/Atikokan', 'D M d, Y g:i a', 3, 0, '', 0, 0, 0, 0, -3, 0, 0, 't', 'd', 0, 't', 'a', 0, 1, 0, 1, 1, 1, 1, 230271, '', '', 0, 0, '<t>supa scawy 1337 haxor</t>', '', '', '', '', '', 0, '', '9k4jblk6ieg66yiz', 1, 0, 0),
(89, 0, 2, '', 0, '104.28.153.74', 1692548876, 'elf', 'elf', '$argon2id$v=19$m=65536,t=4,p=2$ell1VlpZUnl4aGNRbHZVcQ$Xxqy70GcyVuVOcHB8NhvIsv7DjX5NmL7MkolvCFtv5Q', 1692548876, 'elf@elf.com', '', 0, 1692548876, 0, '', '', 0, 0, 0, 0, 0, 0, 0, 'en', 'America/Anguilla', 'D M d, Y g:i a', 3, 0, '', 0, 0, 0, 0, -3, 0, 0, 't', 'd', 0, 't', 'a', 0, 1, 0, 1, 1, 1, 1, 230271, '', '', 0, 0, '', '', '', '', 'otm7zanss7urmi2zvnag04vp47gu3ysw', '', 0, '', 'ehxiufr4eh3vvlsm', 1, 0, 0),
(90, 1, 2, '', 0, '89.243.121.199', 1692561010, 'slifer', 'slifer', '$argon2id$v=19$m=65536,t=4,p=2$UUFDODVIVEp1clhkdU5pNA$43mDzLE4gx1d5eTnPJMIcD+zzL/gkd9Zoi4Rc49QTAg', 1692561010, 'larpskid@gmail.com', '', 0, 1692561010, 0, '', '', 0, 0, 0, 0, 1, 1692561009, 0, 'en', 'Europe/London', 'D M d, Y g:i a', 3, 0, '', 0, 0, 0, 0, -3, 0, 0, 't', 'd', 0, 't', 'a', 0, 1, 0, 1, 1, 1, 1, 230271, '', '', 0, 0, '', '', '', '', '2odjfxnkk7pr2opourx3n7k5tjnf2ncs', '', 0, '', 'd3a8kq8jb3c22cyp', 1, 1, 1692643037),
(91, 0, 2, '', 0, '86.12.117.47', 1692562255, 'law', 'law', '$argon2id$v=19$m=65536,t=4,p=2$Wi84MGQ4UDhYYUdiNm5SYQ$oQ9I1QvdzvXySSIsOEBTO/aNibWOYFoE0jxP1u06Xdo', 1692562255, 'jet@swattedyou.lol', '', 1692965433, 1692562255, 0, 'app.php/favicon.ico', '', 0, 0, 0, 0, 0, 0, 0, 'en', 'Europe/London', 'D M d, Y g:i a', 3, 0, '', 0, 0, 0, 0, -3, 0, 0, 't', 'd', 0, 't', 'a', 0, 1, 0, 1, 1, 1, 1, 230271, '', '', 0, 0, '', '', '', '', '', '', 0, '', 'es0ambwjklr32ydr', 1, 0, 0),
(92, 0, 2, '', 0, '156.200.238.211', 1692568305, 'ahmed3180', 'ahmed3180', '$argon2id$v=19$m=65536,t=4,p=2$Uk5tSWtZVC5FMWRDRGJGeg$xKKNZOKComyafr8MJBnvfKikBaae3abKYVxLDr1OTbQ', 1692568305, 'ahmed3180@aol.com', '', 1692570878, 1692568305, 0, 'index.php', '', 0, 0, 0, 0, 0, 0, 0, 'en', 'Africa/Addis_Ababa', 'D M d, Y g:i a', 3, 0, '', 0, 0, 0, 0, -3, 0, 0, 't', 'd', 0, 't', 'a', 0, 1, 0, 1, 1, 1, 1, 230271, '', '', 0, 0, '', '', '', '', '', '', 0, '', '624bjh3yw7a245s1', 1, 0, 0),
(94, 0, 2, '', 0, '138.43.98.245', 1692577828, 'valentino', 'valentino', '$argon2id$v=19$m=65536,t=4,p=2$SFR5S2NkMUJtaVYvUWF6eA$MZB3ZKspYTaMeYARIs6M8yA9qQqpLt2wwo7QUpPd1eI', 1692577828, 'clinicaldepression@proton.me', '', 1692578465, 1692577828, 0, '', '', 0, 0, 0, 0, 0, 0, 0, 'en', 'America/Atikokan', 'D M d, Y g:i a', 3, 0, '', 0, 0, 0, 0, -3, 0, 0, 't', 'd', 0, 't', 'a', 0, 1, 0, 1, 1, 1, 1, 230271, '', '', 0, 0, '', '', '', '', '', '', 0, '', '494cmi5duc7hali8', 1, 0, 0),
(95, 0, 2, '', 0, '154.6.80.146', 1692661983, 'pope', 'pope', '$argon2id$v=19$m=65536,t=4,p=2$dXFnOG1mVENxYmJDN3JmMw$Lg0M/Nc6ttREMBWMI97zT1p0ktEfxy/ZgGC3Pzietfw', 1692661983, 'niavvain@mail2tor.com', '', 1692663193, 1692661983, 0, 'ucp.php?i=ucp_profile&mode=avatar', '', 0, 0, 0, 0, 0, 0, 0, 'en', 'America/Anguilla', 'D M d, Y g:i a', 3, 0, '', 0, 0, 0, 0, -3, 0, 0, 't', 'd', 0, 't', 'a', 0, 1, 0, 1, 1, 1, 1, 230271, '', '', 0, 0, '', '', '', '', '', '', 0, '', 'bpa6lba1kkwy5e5l', 1, 0, 0),
(96, 0, 2, '', 0, '2603:6010:620:e7b2:d0a3:b651:449e:af73', 1692730604, 'idc', 'idc', '$argon2id$v=19$m=65536,t=4,p=2$b3ZPcXZLR052VXdvRm5XZw$FfyKH7aQ32LT9BiIMOhhBPeBJ8HmhLkzGDmdkpmrAI0', 1692730604, 'ggpoison82@gmail.com', '', 1692856549, 1692730604, 0, 'memberlist.php?mode=viewprofile&u=96', '', 0, 0, 0, 0, 0, 0, 0, 'en', 'America/Anguilla', 'D M d, Y g:i a', 3, 0, '', 0, 0, 0, 0, -3, 0, 0, 't', 'd', 0, 't', 'a', 0, 1, 0, 1, 1, 1, 1, 230271, '', '', 0, 0, '', '', '', '', '', '', 0, '', 'm5jsiqpxjmud6ral', 1, 1, 1692755157),
(97, 1, 2, '', 0, '2603:6010:620:e7b2:d0a3:b651:449e:af73', 1692730669, 'spiral', 'spiral', '$argon2id$v=19$m=65536,t=4,p=2$RFYub1NZbWYvSWRJTW1vMQ$rVPwWraQt/nrMLWWy6cobdpK8QSbHm5qoBnpgCdXYG8', 1692730669, 'avaniowo@gmail.com', '', 0, 1692730669, 0, '', '', 0, 0, 0, 0, 1, 1692730669, 0, 'en', 'America/Anguilla', 'D M d, Y g:i a', 3, 0, '', 0, 0, 0, 0, -3, 0, 0, 't', 'd', 0, 't', 'a', 0, 1, 0, 1, 1, 1, 1, 230271, '', '', 0, 0, '', '', '', '', '4qilyub7al04gw89o3cr8cstaymx8sn7', '', 0, '', 'e5sn22hi19erdp9v', 1, 1, 1692755157),
(101, 0, 2, '', 0, '90.230.76.188', 1692821330, 'soviet', 'soviet', '$argon2id$v=19$m=65536,t=4,p=2$UmtDd0R6SUFXSDh6bHpwWQ$Dv73GJmiMqnA6SBsE17+u57WY8eCoRoA1gjFnSZteXk', 1692821330, 'dbxosaii@gmail.com', '', 1692902519, 1692821330, 0, 'app.php/favicon.ico', '', 0, 0, 0, 0, 0, 0, 0, 'en', 'Africa/Blantyre', 'D M d, Y g:i a', 3, 0, '', 0, 0, 0, 0, -3, 0, 0, 't', 'd', 0, 't', 'a', 0, 1, 0, 1, 1, 1, 1, 230271, '', '', 0, 0, '', '', '', '', '', '', 0, '', 'oo2vogpq4lfwqww8', 1, 0, 0),
(102, 0, 2, '', 0, '152.70.175.241', 1692897691, 'clurdy', 'clurdy', '$argon2id$v=19$m=65536,t=4,p=2$dG1TbG5kWGxjZVNDQlU4NQ$wEopEfuizm+5JCioTU89io6+4E88yQjaFFDT6/X617s', 1692897691, 'clurdy@terrorist.services', '', 1692897751, 1692897691, 0, 'memberlist.php?mode=viewprofile&u=102', '', 0, 0, 0, 0, 0, 0, 0, 'en', 'America/Bahia_Banderas', 'D M d, Y g:i a', 3, 0, '', 0, 0, 0, 0, -3, 0, 0, 't', 'd', 0, 't', 'a', 0, 1, 0, 1, 1, 1, 1, 230271, '', '', 0, 0, '', '', '', '', '', '', 0, '', '4s7eb228x0ui5scz', 1, 0, 0),
(103, 0, 2, '', 0, '85.29.237.110', 1692898033, 'fox', 'fox', '$argon2id$v=19$m=65536,t=4,p=2$RWdGRzJWbU0uMkNDWUFUYQ$lZtwkb6gmUy6OqBnrIixc3LTBySMz3CfSIc0NB5xK8I', 1692898033, 'lipton@fbi.ac', '', 1692899176, 1692898033, 0, 'viewtopic.php?t=7', '', 0, 0, 0, 0, 0, 0, 0, 'en', 'Africa/Addis_Ababa', 'D M d, Y g:i a', 3, 0, '', 0, 0, 0, 0, -3, 0, 0, 't', 'd', 0, 't', 'a', 0, 1, 0, 1, 1, 1, 1, 230271, '', '', 0, 0, '', '', '', '', '', '', 0, '', 'rl8qj7lckidp51dl', 1, 0, 0),
(104, 0, 2, '', 0, '185.65.134.214', 1692912105, 'emo', 'emo', '$argon2id$v=19$m=65536,t=4,p=2$d3dzbU81TzU4ZmU5cVVyQw$bpGyjA9IUZ5ejRadWrdWlf0s1jm2Wwf4Q0ctPGB7/SA', 1692912105, 'e@swag.su', '', 1692912304, 1692912105, 0, 'index.php', '', 0, 0, 0, 0, 0, 0, 0, 'en', 'Europe/Moscow', 'D M d, Y g:i a', 3, 0, '', 0, 0, 0, 0, -3, 0, 0, 't', 'd', 0, 't', 'a', 0, 1, 0, 1, 1, 1, 1, 230271, '', '', 0, 0, '', '', '', '', '', '', 0, '', 'j1w25vemt5efacg1', 1, 0, 0),
(105, 1, 2, '', 0, '2a00:23c5:ca81:a301:ecd6:bae5:e644:deea', 1692929239, 'pimp', 'pimp', '$argon2id$v=19$m=65536,t=4,p=2$WVZvSmFielVIUUJzektlUg$u1ZH8ku3A8xTlMx19o9OdBScAUJGRNAMwf2vGp4bjeg', 1692929239, 'clayton3318@outlook.com', '', 0, 1692929239, 0, '', '', 0, 0, 0, 0, 1, 1692929239, 0, 'en', 'Europe/London', 'D M d, Y g:i a', 3, 0, '', 0, 0, 0, 0, -3, 0, 0, 't', 'd', 0, 't', 'a', 0, 1, 0, 1, 1, 1, 1, 230271, '', '', 0, 0, '', '', '', '', 'aby6govfqzvsunj18kqqlc55irxxs704', '', 0, '', 'kju9lmezjhlrjruq', 1, 1, 1692995480),
(106, 1, 2, '', 0, '2a00:23c5:ca81:a301:ecd6:bae5:e644:deea', 1692930182, 'pimps', 'pimps', '$argon2id$v=19$m=65536,t=4,p=2$dXpSWU0xTi8yd0ZvcGpYSQ$tzGdqXtXlsv7wtt8nu41Uue+nxnrLv1dI1Io8jnAJuU', 1692930182, 'alejando6969lol@outlook.com', '', 0, 1692930182, 0, '', '', 0, 0, 0, 0, 1, 1692930182, 0, 'en', 'Europe/London', 'D M d, Y g:i a', 3, 0, '', 0, 0, 0, 0, -3, 0, 0, 't', 'd', 0, 't', 'a', 0, 1, 0, 1, 1, 1, 1, 230271, '', '', 0, 0, '', '', '', '', 'z7bx9c0fsuom7nn1717qawkcd6hv5ldx', '', 0, '', 'sx89q8tuojyqip7x', 1, 1, 1692995480),
(107, 0, 2, '', 0, '146.70.172.100', 1692939188, 'tryasdad', 'tryasdad', '$argon2id$v=19$m=65536,t=4,p=2$VllMZUl2UWUxVlo1Qkp5YQ$WJh3kafeVrDXeqBiHUC1ywfNZpo4gbUOFU6aN0bgHHo', 1692939188, 'coinbasever@gmail.com', '', 1692939356, 1692939188, 0, 'index.php', '', 0, 0, 0, 2, 0, 0, 0, 'en', 'Africa/Blantyre', 'D M d, Y g:i a', 3, 0, '', 0, 0, 0, 0, -3, 0, 0, 't', 'd', 0, 't', 'a', 0, 1, 0, 1, 1, 1, 1, 230271, '', '', 0, 0, '', '', '', '', '', '', 0, '', '4pulina9x5f7j6w4', 1, 0, 0),
(108, 0, 5, '', 0, '146.70.134.43', 1692947628, 'axe', 'axe', '$argon2id$v=19$m=65536,t=4,p=2$LlpBSFIxR1I0YXdCVUNZSQ$SBZgkM4fCehEmwiUHG8CL9vWHpC/Qu5KnBr18/JhBfw', 1692947628, 'axe@yopmail.com', '', 1693412582, 1692947628, 0, 'adm/index.php?i=acp_users&mode=overview', '', 0, 0, 0, 0, 0, 0, 0, 'en', 'Europe/London', 'D M d, Y g:i a', 3, 0, 'AA0000', 0, 0, 0, 0, -3, 0, 0, 't', 'd', 0, 't', 'a', 0, 1, 0, 1, 1, 1, 1, 230271, '', '', 0, 0, '', '', '', '', '', '', 0, '', 'ofc2szd28ygo89yl', 1, 0, 0),
(109, 0, 4, '', 0, '185.182.193.74', 1692971348, 'court', 'court', '$argon2id$v=19$m=65536,t=4,p=2$a0xNRTAwTkRFNzN4NmVtVg$7l1REJ7df2KBlftTAKbqKpsnXmV0fwX55gHSwjQ0Tuk', 1692971348, 'court101@proton.me', '', 1693574133, 1692971348, 1693017431, 'ucp.php?folder=inbox&i=pm', '', 1693344754, 0, 0, 0, 0, 0, 1, 'en', 'America/Chicago', 'D M d, Y g:i a', 3, 0, '00AA00', 0, 0, 0, 0, -3, 0, 0, 't', 'd', 0, 't', 'a', 0, 1, 0, 1, 1, 1, 1, 230271, '109_1692972336.gif', 'avatar.driver.upload', 107, 107, '', '', '', '', '', '', 0, '', 'm2aizj5wnzz9bbd2', 1, 0, 0),
(110, 0, 2, '', 0, '2603:8000:4500:1f43:f107:7f2b:d250:8440', 1692988919, 'horror', 'horror', '$argon2id$v=19$m=65536,t=4,p=2$Ylc0M05vUTMvMlNaVk5iaA$PCHeF3wVz81+pJkE0ajkzUzs88lqeGqxN5nHJVXO0rA', 1692988919, 'killings@skiff.com', '', 1693648260, 1692988919, 1693467175, 'viewforum.php?f=3', '', 0, 0, 0, 0, 0, 0, 1, 'en', 'America/Creston', 'D M d, Y g:i a', 3, 0, '', 0, 0, 0, 0, -3, 0, 0, 't', 'd', 0, 't', 'a', 0, 1, 0, 1, 1, 1, 1, 230271, '', '', 0, 0, '', '', '', '', '', '', 0, '', 'amnvzkvn9c3ponv1', 1, 0, 0),
(111, 1, 2, '', 0, '64.121.140.106', 1692991263, 'crimejury', 'crimejury', '$argon2id$v=19$m=65536,t=4,p=2$bzZVVjFpUXJyQy9PVEtKOA$1t1UvGGJvn0sG+PhSX0hBzvLj2KssNVuMjQmGE3b0t4', 1692991263, 'cloudhusles@gmail.com', '', 0, 1692991263, 0, '', '', 0, 0, 0, 0, 1, 1692991263, 0, 'en', 'America/New_York', 'D M d, Y g:i a', 3, 0, '', 0, 0, 0, 0, -3, 0, 0, 't', 'd', 0, 't', 'a', 0, 1, 0, 1, 1, 1, 1, 230271, '', '', 0, 0, '', '', '', '', 'l8fnjjk54e4rc1kqvn8tw0wdx83wyu7f', '', 0, '', '20eg6y43b2l7s0du', 1, 1, 1692995480),
(112, 0, 2, '', 0, '64.121.140.106', 1692991290, 'crimejurys', 'crimejurys', '$argon2id$v=19$m=65536,t=4,p=2$OWloMllTejBROEpTRUZKRA$2Zr5n+6bG1xgzkjJxQE8LN/ctWrE6VJWbVolP7gWKWU', 1692991290, 'noahxashleyforever@gmail.com', '', 1692992037, 1692991290, 0, 'index.php', '', 0, 0, 0, 0, 0, 0, 0, 'en', 'America/New_York', 'D M d, Y g:i a', 3, 0, '', 0, 0, 0, 0, -3, 0, 0, 't', 'd', 0, 't', 'a', 0, 1, 0, 1, 1, 1, 1, 230271, '', '', 0, 0, '', '', '', '', '', '', 0, '', 'fx49e2osr4t5axs5', 1, 0, 0),
(113, 0, 2, '', 0, '82.9.233.186', 1692991570, 'Aqua', 'aqua', '$argon2id$v=19$m=65536,t=4,p=2$RkZGSUpER05vWUl4TmR2dg$rMcZd4PsIsUeQdAyhkS8mzyKygYzan8bVHbzlAb2d0g', 1692991570, 'cn4@mail.com', '', 1693062057, 1692991570, 1693060606, 'memberlist.php?mode=viewprofile&u=113', '', 0, 0, 0, 0, 0, 0, 2, 'en', 'Europe/London', 'D M d, Y g:i a', 3, 0, '', 0, 0, 0, 0, -3, 0, 0, 't', 'd', 0, 't', 'a', 0, 1, 0, 1, 1, 1, 1, 230271, '113_1692991773.jpg', 'avatar.driver.upload', 120, 120, '<r><COLOR color="#FF0000"><s>[color=#FF0000]</s><e>[/color]</e></COLOR><U><s>[u]</s>Aqua<e>[/u]</e></U>\n<LIST><s>[list]</s><LI>#FreePWJ</LI><e>[/list]</e></LIST>\n<LIST><s>[list]</s> <LI>#FreePom</LI><e>[/list]</e></LIST>\n<LIST><s>[list]</s><LI>#FreeLock</LI><e>[/list]</e></LIST>\n\n<IMG src="https://media.discordapp.net/attachments/1142453593488752675/1144715637638316122/1500x500.png?width=720&amp;height=239"><s>[img]</s><URL url="https://media.discordapp.net/attachments/1142453593488752675/1144715637638316122/1500x500.png?width=720&amp;height=239"><LINK_TEXT text="https://media.discordapp.net/attachment ... height=239">https://media.discordapp.net/attachments/1142453593488752675/1144715637638316122/1500x500.png?width=720&amp;height=239</LINK_TEXT></URL><e>[/img]</e></IMG></r>', '', '', '', '', '', 0, '', 'apt1lkobo2cw7e2j', 1, 0, 0),
(114, 1, 2, '', 0, '146.70.202.116', 1692993351, 'kyw', 'kyw', '$argon2id$v=19$m=65536,t=4,p=2$MDdVSkRPWnBvcUp6OUtjcQ$+3JqhdYH4fwv3C6hRh9ib18x9EtroK9eev3ia2O3c84', 1692993351, 'ugotscammed77@gmail.com', '', 0, 1692993351, 0, '', '', 0, 0, 0, 0, 1, 1692993350, 0, 'en', 'America/Anguilla', 'D M d, Y g:i a', 3, 0, '', 0, 0, 0, 0, -3, 0, 0, 't', 'd', 0, 't', 'a', 0, 1, 0, 1, 1, 1, 1, 230271, '', '', 0, 0, '', '', '', '', 'r4afidx04nhallpfr9k1qoyuya4fwhiu', '', 0, '', 'dfp4xdzws7cmoi2h', 1, 1, 1692995480),
(115, 0, 2, '', 0, '73.115.61.232', 1692997278, 'netforums', 'netforums', '$argon2id$v=19$m=65536,t=4,p=2$SDg2UmRyeDBWdEI5aFpJZg$inmIz60TlL4/qzFB1oq+n9dPBNUHiKSUHwOJAXXidYw', 1692997278, 'abusekink@skiff.com', '', 1692998849, 1692997278, 1692998647, '', '', 1692998678, 0, 0, 0, 0, 0, 0, 'en', 'America/Atikokan', 'D M d, Y g:i a', 3, 0, '', 0, 0, 0, 0, -3, 0, 0, 't', 'd', 0, 't', 'a', 0, 1, 0, 1, 1, 1, 1, 230271, '', '', 0, 0, '', '', '', '', '', '', 0, '', 'ankh5ibg7zx4gxwd', 1, 0, 0),
(116, 0, 2, '', 0, '73.115.61.232', 1692997474, 'netforum', 'netforum', '$argon2id$v=19$m=65536,t=4,p=2$VHhrTTVsY3ZMa1R2ck1RQw$BwIMeAPW3uw4vbVyUxIBxbO/ZjCSiOYmbP5RS1o60tg', 1692997474, 'freenouzers@proton.me', '', 1692999191, 1692997474, 1692999191, '', '', 0, 0, 0, 0, 0, 0, 0, 'en', 'America/Atikokan', 'D M d, Y g:i a', 3, 0, '', 0, 0, 0, 0, -3, 0, 0, 't', 'd', 0, 't', 'a', 0, 1, 0, 1, 1, 1, 1, 230271, '', '', 0, 0, '', '', '', '', '', '', 0, '', '41l22rly0zsvips5', 1, 0, 0),
(117, 0, 2, '', 0, '73.115.61.232', 1692997694, 'first', 'first', '$argon2id$v=19$m=65536,t=4,p=2$RWtUR0psS0g0V0pHUWJrZQ$lk+KVcCEL9NwoW8boij3Rue4GaO6dPxxHNH47zk21XM', 1692997694, 'bdsmwarrior@skiff.com', '', 1692999290, 1692997694, 1692999289, '', '', 0, 0, 0, 0, 0, 0, 0, 'en', 'America/Atikokan', 'D M d, Y g:i a', 3, 0, '', 0, 0, 0, 0, -3, 0, 0, 't', 'd', 0, 't', 'a', 0, 1, 0, 1, 1, 1, 1, 230271, '', '', 0, 0, '', '', '', '', '', '', 0, '', 'q79qvuviakwdfw7b', 1, 0, 0),
(118, 0, 2, '', 0, '73.115.61.232', 1692997849, 'owner', 'owner', '$argon2id$v=19$m=65536,t=4,p=2$bk1ta0xMcnBDUjN1ZDYvbQ$/WKT6b5nE62rHYdqhMidy8FJiof71D6SSX7XH7FSjpA', 1692997849, 'kinkdemon@skiff.com', '', 1693543985, 1692997849, 1692998177, 'viewtopic.php?t=26', 'R3GFRLDAGX', 0, 0, 0, 0, 0, 0, 0, 'en', 'America/Atikokan', 'D M d, Y g:i a', 3, 0, '', 0, 0, 0, 0, -3, 0, 0, 't', 'd', 0, 't', 'a', 0, 1, 0, 1, 1, 1, 1, 230271, '', '', 0, 0, '', '', '', '', '', '', 0, '', 'ze93qryku7h3h3ut', 1, 0, 0),
(119, 0, 2, '', 0, '38.240.225.74', 1692999062, 'lost', 'lost', '$argon2id$v=19$m=65536,t=4,p=2$eHJQQThQTkxJMnFZTUlUNA$5Nz0S813keZRs4FwuxuYsRgIPmwjqU9SkBoHutxL8+4', 1692999062, 'dust@dnmx.org', '', 1692999334, 1692999062, 0, 'viewtopic.php?t=8', '', 0, 0, 0, 0, 0, 0, 0, 'en', 'America/Creston', 'D M d, Y g:i a', 3, 0, '', 0, 0, 0, 0, -3, 0, 0, 't', 'd', 0, 't', 'a', 0, 1, 0, 1, 1, 1, 1, 230271, '', '', 0, 0, '', '', '', '', '', '', 0, '', 'eetyyp72zskkdi3m', 1, 0, 0),
(120, 0, 2, '', 0, '73.115.61.232', 1692999458, 'one', 'one', '$argon2id$v=19$m=65536,t=4,p=2$aHZocExtTlhxOGE5cnFkNA$HYQiCfwH6D8eJnL7kBBq+fWgcWoAvqV65V6qWZVssPE', 1692999458, 'nouzersk@skiff.com', '', 1693000739, 1692999458, 1692999584, '', '', 0, 0, 0, 0, 0, 0, 0, 'en', 'America/Atikokan', 'D M d, Y g:i a', 3, 0, '', 0, 0, 0, 0, -3, 0, 0, 't', 'd', 0, 't', 'a', 0, 1, 0, 1, 1, 1, 1, 230271, '', '', 0, 0, '', '', '', '', '', '', 0, '', '63l4ckpagsspyr95', 1, 0, 0),
(121, 0, 2, '', 0, '2600:1002:b036:9702:99bb:5ded:3e5:78d3', 1693000646, 'Aqualol', 'aqualol', '$argon2id$v=19$m=65536,t=4,p=2$b3A3QWNZbFdrWVo1TFVGZA$/ehF2HLngbozvJnx5pWH/IaKDjg84Nt3ESgd8Ck4CPw', 1693000646, 'ninjaboy2904@gmail.com', '', 1693193012, 1693000646, 1693000903, 'viewtopic.php?t=18&view=unread', '', 0, 0, 0, 0, 0, 0, 1, 'en', 'America/Anguilla', 'D M d, Y g:i a', 3, 0, '', 0, 0, 0, 0, -3, 0, 0, 't', 'd', 0, 't', 'a', 0, 1, 0, 1, 1, 1, 1, 230271, '', '', 0, 0, '', '', '', '', '', '', 0, '', 'jqfz4yozkimresi1', 1, 0, 0),
(122, 0, 2, '', 0, '73.115.61.232', 1693000806, 'user', 'user', '$argon2id$v=19$m=65536,t=4,p=2$UmhMVVJOVktOQm1qcm5Weg$Ja+5G4UkJrKMQdZi49j1i7G72UgopSIBT8M+n7IagBc', 1693000806, 'iwantmyuser@gmail.com', '', 1693001468, 1693000806, 1693001465, 'viewtopic.php?t=2', '', 0, 0, 0, 0, 0, 0, 1, 'en', 'America/Atikokan', 'D M d, Y g:i a', 3, 0, '', 0, 0, 0, 0, -3, 0, 0, 't', 'd', 0, 't', 'a', 0, 1, 0, 1, 1, 1, 1, 230271, '', '', 0, 0, '', '', '', '', '', '', 0, '', '84nrltshxafkq1pq', 1, 0, 0),
(123, 0, 2, '', 0, '146.70.187.100', 1693021269, 'niceguy123321', 'niceguy123321', '$argon2id$v=19$m=65536,t=4,p=2$dHVIbktMUnp5ZlBqeGsyYQ$/6pIO/RD1MUM5jV68tZdLm5h2EDO8Aw75FkYbPyN7X4', 1693021269, 'americandadhaha@skiff.com', '', 1693022170, 1693021269, 0, 'index.php', '', 0, 0, 0, 0, 0, 0, 0, 'en', 'America/Araguaina', 'D M d, Y g:i a', 3, 0, '', 0, 0, 0, 0, -3, 0, 0, 't', 'd', 0, 't', 'a', 0, 1, 0, 1, 1, 1, 1, 230271, '', '', 0, 0, '', '', '', '', '', '', 0, '', 'dt6wl7rsnixjug5b', 1, 0, 0),
(124, 0, 2, '', 0, '74.197.205.143', 1693059084, 'ink', 'ink', '$argon2id$v=19$m=65536,t=4,p=2$elF3QVNZVTBOR2NBZW1Ycw$tozpZMvOK0NvFMoie/BB18Xa4sZ4fk1laT3c08lbXiA', 1693059084, 'excludedmindset@gmail.com', '', 1693059487, 1693059084, 0, 'memberlist.php?mode=viewprofile&u=124', '', 0, 0, 0, 0, 0, 0, 0, 'en', 'America/New_York', 'D M d, Y g:i a', 3, 0, '', 0, 0, 0, 0, -3, 0, 0, 't', 'd', 0, 't', 'a', 0, 1, 0, 1, 1, 1, 1, 230271, '124_1693059280.jpg', 'avatar.driver.upload', 120, 120, '<t>Hello, I''m ink better known as golf. A little new to this website I''ve heard of it before but it''s my first time trying it so here we go! contact info; @killsigns on disc, @riddledwithcuts on ig</t>', '', '', '', '', '', 0, '', 'w9jgqa72wmo2ljw6', 1, 0, 0),
(125, 0, 2, '', 0, '102.157.16.84', 1693064899, 'Fag666', 'fag666', '$argon2id$v=19$m=65536,t=4,p=2$Q0ZVeEJib2pJVXVSRHBJUg$dySarO+K+n2Mm7/WgFgYpuRM3r1jmi/6Hw3Awrd5pyc', 1693064899, 'idlovetoseeyoutrylmfao@gmail.com', '', 1693065910, 1693064899, 0, '', '', 0, 0, 0, 0, 0, 0, 0, 'en', 'Europe/London', 'D M d, Y g:i a', 3, 0, '', 0, 0, 0, 0, -3, 0, 0, 't', 'd', 0, 't', 'a', 0, 1, 0, 1, 1, 1, 1, 230271, '125_1693065562.jpg', 'avatar.driver.upload', 120, 120, '<t>-Fag666, Goodnight.</t>', '', '', '', '', '', 0, '', 'q7hxi8k4g2pvhhze', 1, 0, 0),
(126, 0, 2, '00000000000v6ez2zu\nhwby9w000000\nm6b8xhqmx0qo\nm6b8xhqmx0qo\nm6b8xhqmx0qo\nm6b8xhqmx0qo\nm6b8xhqmx0qo\nm6b8xhqmx0qo\nm6b8xhqmx0qo\nm6b8xhqmx0qo\n\nm6b8xhqmx0qo\nm6b8xhqmx0qo\nm6b8xhqmx0qo\nm6b8xhqmx0qo\nhwby9w000000\nm6b8xhqmx0qo\nm6b8xhqmx0qo\nm6b8xhqmx0qo\nm6b8xhqmx0qo\nm6b8xhqmx0qo\nm6b8xhqmx0qo\nm6b8xhqmx0qo\nm6b8xhqmx0qo\nm6b8xhqmx0qo\nm6b8xhqmx0qo\nm6b8xhqmx0qo\nm6b8xhqmx0qo\nm6b8xhqmx0qo\nm6b8xhqmx0qo\nm6b8xhqmx0qo\nm6b8xhqmx0qo\nm6b8xhqmx0qo\nm6b8xhqmx0qo\n\n\nm6b8xhqmx0qo\nhwby9w000000\nm6b8xhqmx0qo\nm6b8xhqmx0qo\nm6b8xhqmx0qo\nm6b8xhqmx0qo\nm6b8xhqmx0qo\n\nm6b8xhqmx0qo\nm6b8xhqmx0qo\nm6b8xhqmx0qo\nm6b8xhqmx0qo\nm6b8xhqmx0qo\nm6b8xhqmx0qo\nm6b8xhqmx0qo\nm6b8xhqmx0qo', 0, '102.157.16.84', 1693066019, 'Administrator', 'administrator', '$argon2id$v=19$m=65536,t=4,p=2$ek5XNnFqcFVZNk1ya0lXSw$ZAa517B3ISJmGtx1o2MFNPEWhEOWanI1VEdIZZ24ER0', 1693066019, 'ploraproject@gmail.com', '', 1693645684, 1693066019, 1693645677, 'viewtopic.php?t=2', '', 0, 0, 0, 0, 0, 0, 1, 'en', 'Europe/London', 'D M d, Y g:i a', 3, 0, '', 0, 0, 0, 0, -3, 0, 0, 't', 'd', 0, 't', 'a', 0, 1, 0, 1, 1, 1, 1, 230271, '', '', 0, 0, '', '', '', '', '', '', 0, '', 'q26cveop70v5qw91', 1, 0, 0),
(127, 0, 2, '', 0, '2600:8806:3500:3430:19fd:35c7:24b8:3c9e', 1693068010, 'muiax', 'muiax', '$argon2id$v=19$m=65536,t=4,p=2$dmRtRk5Hay4zYk9Jbzk5Sg$3oaoaFJ35hv98B4UOBZAH4abu/cSAnEUTZ42ctDrByw', 1693068010, 'sonsnoozed@gmail.com', '', 1693070881, 1693068010, 0, 'viewtopic.php?p=31', '', 0, 0, 0, 0, 0, 0, 0, 'en', 'America/New_York', 'D M d, Y g:i a', 3, 0, '', 0, 0, 0, 0, -3, 0, 0, 't', 'd', 0, 't', 'a', 0, 1, 0, 1, 1, 1, 1, 230271, '', '', 0, 0, '', '', '', '', '', '', 0, '', '7lj13a2n8omq6kbr', 1, 0, 0),
(128, 0, 2, '', 0, '31.143.23.106', 1693074477, 'never', 'never', '$argon2id$v=19$m=65536,t=4,p=2$MGpFeHBMMDguNTBnbURBQg$I9Uk443lrtsey92CGW5sQSmosrndjJTcYPnGCpHDuQ4', 1693074477, 'never@alo.ne', '', 1693095721, 1693074477, 0, 'app.php/favicon.ico', '', 0, 0, 0, 0, 0, 0, 0, 'en', 'Africa/Addis_Ababa', 'D M d, Y g:i a', 3, 0, '', 0, 0, 0, 0, -3, 0, 0, 't', 'd', 0, 't', 'a', 0, 1, 0, 1, 1, 1, 1, 230271, '', '', 0, 0, '', '', '', '', '', '', 0, '', 'l2uk461cxljg5fxm', 1, 0, 0),
(129, 0, 2, '', 0, '80.42.71.233', 1693074956, 'xpunciekx', 'xpunciekx', '$argon2id$v=19$m=65536,t=4,p=2$TFVubHBXRlRSU1hJWXhNRg$jM80Jfeey89NmkltIyADHdjoeJ2oMe3Wgtv0NnwUBIU', 1693074956, 'emadforfor2@gmail.com', '', 1693082246, 1693074956, 0, 'index.php', '', 0, 0, 0, 0, 0, 0, 0, 'en', 'Europe/Dublin', 'D M d, Y g:i a', 3, 0, '', 0, 0, 0, 0, -3, 0, 0, 't', 'd', 0, 't', 'a', 0, 1, 0, 1, 1, 1, 1, 230271, '', '', 0, 0, '', '', '', '', '', '', 0, '', '1qntusrtxx2te2ta', 1, 0, 0),
(130, 0, 2, '', 0, '2601:2c5:c780:4010:91ad:9277:d261:341d', 1693075519, 'Luhkko', 'luhkko', '$argon2id$v=19$m=65536,t=4,p=2$aHJyd01aOHRTZkhGRWkwQQ$wJJKvDfK0vVXqknHfs7SGITXHbhBbXiC1gBkI+3DsVE', 1693075519, 'kyrietecca@gmail.com', '', 1693075758, 1693075519, 0, 'memberlist.php?mode=viewprofile&u=130', '', 0, 0, 0, 0, 0, 0, 0, 'en', 'America/Atikokan', 'D M d, Y g:i a', 3, 0, '', 0, 0, 0, 0, -3, 0, 0, 't', 'd', 0, 't', 'a', 0, 1, 0, 1, 1, 1, 1, 230271, '', '', 0, 0, '', '', '', '', '', '', 0, '', 's3ivxh7tccbvqznh', 1, 0, 0),
(131, 1, 2, '', 0, '45.83.220.204', 1693077939, 'kitty', 'kitty', '$argon2id$v=19$m=65536,t=4,p=2$MVNJSHVUM1J1U2R5ejBYbg$Hw21jzzMuj0Wk07PD0DcSZHINKclMefTxpoiKOjcR1U', 1693077939, 'loliez94844939@skiff.com', '', 1693078310, 1693077939, 0, 'memberlist.php?g=5&mode=group', '', 0, 0, 0, 0, 4, 1693078314, 0, 'en', 'Africa/Algiers', 'D M d, Y g:i a', 3, 0, '', 0, 0, 0, 0, -3, 0, 0, 't', 'd', 0, 't', 'a', 0, 1, 0, 1, 1, 1, 1, 230271, '', '', 0, 0, '', '', '', '', '3HSIACCROO', '', 0, '', 'twpsbr8o7ougnbyc', 1, 0, 0),
(132, 0, 2, '', 0, '2607:fb90:2d10:c94e:25c6:7910:97f8:9e2a', 1693080728, 'egotistic', 'egotistic', '$argon2id$v=19$m=65536,t=4,p=2$dG9ZTmtFLkw2S2QvaXd6dQ$ldZrS5d+plpeszoT1KSZUlHBhRYgu2QOuGQJKH0mQGA', 1693080728, 'zackgarnica384@gmail.com', '', 0, 1693080728, 0, '', '', 0, 0, 0, 0, 0, 0, 0, 'en', 'America/Creston', 'D M d, Y g:i a', 3, 0, '', 0, 0, 0, 0, -3, 0, 0, 't', 'd', 0, 't', 'a', 0, 1, 0, 1, 1, 1, 1, 230271, '', '', 0, 0, '', '', '', '', '', '', 0, '', 't42pz63hltikbz0b', 1, 0, 0),
(133, 0, 2, '', 0, '166.48.89.229', 1693086000, 'yoo', 'yoo', '$argon2id$v=19$m=65536,t=4,p=2$SktzNEw0OE9lc0RKTThyeA$7+AXIpPeFVuxIdQuwg62fG5G0PAOKuFKHb6nKD1/e+M', 1693086000, 'jordandrum2007@gmail.com', '', 1693113519, 1693086000, 1693086162, 'memberlist.php?mode=viewprofile&u=133', '', 0, 0, 0, 0, 0, 0, 1, 'en', 'America/Anguilla', 'D M d, Y g:i a', 3, 0, '', 0, 0, 0, 0, -3, 0, 0, 't', 'd', 0, 't', 'a', 0, 1, 0, 1, 1, 1, 1, 230271, '', '', 0, 0, '', '', '', '', '', '', 0, '', 'h6qxxvi9uwm8yn2f', 1, 0, 0),
(134, 0, 2, '', 0, '2001:67c:2660:425:3617:ebff:fee4:63bd', 1693092635, 'riot', 'riot', '$argon2id$v=19$m=65536,t=4,p=2$cC5nbTJGN0JNdk5GZGR0Yg$uFjpuh0q0FD739LceOxGpjytIke83n0b3C01kQkYY7s', 1693092635, 'thenonlyriot@gmail.com', '', 1693152528, 1693092635, 0, 'app.php/favicon.ico', '', 1693092985, 0, 0, 0, 0, 0, 0, 'en', 'Europe/London', 'D M d, Y g:i a', 3, 0, '', 0, 0, 0, 0, -3, 0, 0, 't', 'd', 0, 't', 'a', 0, 1, 0, 1, 1, 1, 1, 230271, '', '', 0, 0, '', '', '', '', '', '', 0, '', 'rg9v0mpn21wwwqmz', 1, 0, 0),
(136, 0, 2, '', 0, '72.207.54.43', 1693121792, 'zombie', 'zombie', '$argon2id$v=19$m=65536,t=4,p=2$NDlYaVkuWWVxV3lrLnU0Wg$TiLEAPdeNcNdHP2ut3HZvKYYC3fbGgk57oM1ZOWP8rQ', 1693121792, 'castellanospatricia941@gmail.com', '', 1693591119, 1693121792, 1693122434, 'app.php/favicon.ico', '', 0, 0, 0, 0, 0, 0, 1, 'en', 'America/Creston', 'D M d, Y g:i a', 3, 0, '', 0, 0, 0, 0, -3, 0, 0, 't', 'd', 0, 't', 'a', 0, 1, 0, 1, 1, 1, 1, 230271, '', '', 0, 0, '', '', '', '', '', '', 0, '', 'unrcuxn3osgr3r86', 1, 0, 0),
(137, 0, 2, '', 0, '2a02:ed04:3581:1::a01e', 1693131517, 'god', 'god', '$argon2id$v=19$m=65536,t=4,p=2$bTU4VDVPMFkuT1kxbTRRTQ$+no1c2N4kqUdBMpnlAbKJG+3pFL6bxdlOYS0pdOJUeE', 1693131517, 'god@evilmail.to', '', 1693195473, 1693131517, 0, 'ucp.php?i=ucp_profile&mode=avatar', '', 0, 0, 0, 0, 0, 0, 0, 'en', 'America/Creston', 'D M d, Y g:i a', 3, 0, '', 0, 0, 0, 0, -3, 0, 0, 't', 'd', 0, 't', 'a', 0, 1, 0, 1, 1, 1, 1, 230271, '', '', 0, 0, '', '', '', '', '', '', 0, '', 'v1owyhnyzg2qhwfe', 1, 0, 0),
(138, 3, 5, 'zik0zjzik0zjzik0zj\nhwby9w000000\nzik0zjzih7uo\nzik0zjzih7uo\nzik0zjzih7uo\nzik0zjzih7uo\nzik0zjzih7uo\nzik0zjzih7uo\nzik0zjzih7uo\nzik0zjzih7uo\n\nzik0zjzih7uo\nzik0zjzih7uo\nzik0zjzih7uo\nzik0zjzih7uo\nhwby9w000000\nzik0zjzih7uo\nzik0zjzih7uo\nzik0zjzih7uo\nzik0zjzih7uo\nzik0zjzih7uo\nzik0zjzih7uo\nzik0zjzih7uo\nzik0zjzih7uo\nzik0zjzih7uo\nzik0zjzih7uo\nzik0zjzih7uo\nzik0zjzih7uo\nzik0zjzih7uo\nzik0zjzih7uo\nzik0zjzih7uo\nzik0zjzih7uo\nzik0zjzih7uo\nzik0zjzih7uo\n\n\nzik0zjzih7uo\nhwby9w000000\nzik0zjzih7uo\nzik0zjzih7uo\nzik0zjzih7uo\nzik0zjzih7uo\nzik0zjzih7uo\n\nzik0zjzih7uo\nzik0zjzih7uo\nzik0zjzih7uo\nzik0zjzih7uo\nzik0zjzih7uo\nzik0zjzih7uo\nzik0zjzih7uo\nzik0zjzih7uo', 0, '185.65.135.136', 1693135395, 'margrog', 'margrog', '$argon2id$v=19$m=65536,t=4,p=2$SkdpR2o5ZXZZSVhqZTRldQ$fLcXCHlFIkTD28SJ9mc8ad1XArW1Yzs27W3F6hDaTbc', 1693135395, 'margrog@netforums.org', '', 1693687124, 1693679464, 1693594107, 'app.php/favicon.ico', '', 0, 0, 0, 0, 0, 0, 7, 'en', 'Europe/Lisbon', 'D M d, Y g:i a', 3, 2, 'AA0000', 0, 0, 0, 0, -3, 0, 0, 't', 'd', 0, 't', 'a', 0, 1, 0, 1, 1, 1, 1, 230271, '', '', 0, 0, '', '', '', '', '', '', 0, '', 'y54oohsxgrlvpwpn', 0, 0, 0),
(139, 0, 5, '', 0, '185.248.85.10', 1693153403, 'Lucilfer', 'lucilfer', '$argon2id$v=19$m=65536,t=4,p=2$S1EzVzdSVkh2di4weUlaaw$v3v8DER2xvXO1xvla/On+bDJXMXdHPjPC8EMr7Bn+KY', 1693153403, 'mellifluousx@skiff.com', '', 1693674170, 1693153403, 1693278851, 'memberlist.php?mode=viewprofile&u=108', '', 0, 0, 0, 0, 0, 0, 1, 'en', 'America/Anguilla', 'D M d, Y g:i a', 3, 0, 'AA0000', 0, 0, 0, 0, -3, 0, 0, 't', 'd', 0, 't', 'a', 0, 1, 0, 1, 1, 1, 1, 230271, '139_1693163747.jpg', 'avatar.driver.upload', 120, 120, '<r><URL url="https://t.me/aterny">https://t.me/aterny</URL>  <E>:D</E></r>', '', '', '', '', '', 0, '', 'xp0b4ggw5cjlmq6v', 1, 0, 0),
(140, 1, 2, '', 0, '2001:569:5058:1f00:f479:5bff:40bf:2432', 1693177003, 'Haze', 'haze', '$argon2id$v=19$m=65536,t=4,p=2$NWgvVHNzeEgxM2I0ZTFoWg$nKxTxHg9TAqAw168LCjclYq4cQOlQDTMfi4O/49hLYM', 1693177003, 'haze1337@proton.me', '', 0, 1693177003, 0, '', '', 0, 0, 0, 0, 1, 1693177003, 0, 'en', 'America/Creston', 'D M d, Y g:i a', 3, 0, '', 0, 0, 0, 0, -3, 0, 0, 't', 'd', 0, 't', 'a', 0, 1, 0, 1, 1, 1, 1, 230271, '', '', 0, 0, '', '', '', '', 'ial2wz4hwiwm6mhgzbx62wmfgotphs7p', '', 0, '', 'sdr2e8cks1k6s7t7', 1, 0, 0),
(141, 0, 2, '', 0, '2001:569:5058:1f00:798e:2731:d646:30c2', 1693177181, 'assassin', 'assassin', '$argon2id$v=19$m=65536,t=4,p=2$VVIxS1dZNjNrMFZjNkxTbQ$MHuCARMNeoM7rLszWz7ToM335wfCqGkyPJrlDcC1p3E', 1693177181, 'hazeassassin@proton.me', '', 1693177354, 1693177181, 0, 'search.php?search_id=egosearch', '', 0, 0, 0, 0, 0, 0, 0, 'en', 'America/Creston', 'D M d, Y g:i a', 3, 0, '', 0, 0, 0, 0, -3, 0, 0, 't', 'd', 0, 't', 'a', 0, 1, 0, 1, 1, 1, 1, 230271, '', '', 0, 0, '', '', '', '', '', '', 0, '', '9yhevyrptf2yqe94', 1, 0, 0),
(142, 0, 2, '', 0, '198.54.135.143', 1693177445, 'sakura', 'sakura', '$argon2id$v=19$m=65536,t=4,p=2$bTIuZFMucVl5S29LSmxwQQ$qJfAOrO8FV7YVZZkRpRlhvYrWc8kJY5M5jN0cNcf5ck', 1693177445, 'everlastings@skiff.com', '', 1693178091, 1693177445, 1693177749, 'memberlist.php?start=25', '', 0, 0, 0, 0, 0, 0, 1, 'en', 'America/Anguilla', 'D M d, Y g:i a', 3, 0, '', 0, 0, 0, 0, -3, 0, 0, 't', 'd', 0, 't', 'a', 0, 1, 0, 1, 1, 1, 1, 230271, '', '', 0, 0, '', '', '', '', '', '', 0, '', 'i1545tyufi398mol', 1, 0, 0),
(143, 0, 2, '', 0, '2600:1700:6640:1b00:47d:66cd:2646:7b97', 1693185123, 'oxykilla', 'oxykilla', '$argon2id$v=19$m=65536,t=4,p=2$SlRILmJqa3UxNzJGRzV1RA$QuTNMNyt0P+NBROiM+7nggg0FMOf3ru1y1XGbquMhAg', 1693185123, 'ssn@abuse.cx', '', 1693185315, 1693185123, 0, 'index.php', '', 0, 0, 0, 0, 0, 0, 0, 'en', 'America/Anguilla', 'D M d, Y g:i a', 3, 0, '', 0, 0, 0, 0, -3, 0, 0, 't', 'd', 0, 't', 'a', 0, 1, 0, 1, 1, 1, 1, 230271, '', '', 0, 0, '', '', '', '', '', '', 0, '', '64p2451enchzae9s', 1, 0, 0),
(144, 0, 2, '', 0, '2600:1700:9e0:e10:3db6:38e3:7538:37fc', 1693191378, 'tears', 'tears', '$argon2id$v=19$m=65536,t=4,p=2$SFZheE95dTBCTTlzQVpSaQ$G302UWnGqSw4+g8N8a0gkn/AJFiz/K1ROysYbO0iIsI', 1693191378, 'kevvons41@gmail.com', '', 1693396134, 1693191378, 0, 'viewforum.php?f=17', '', 0, 0, 0, 2, 0, 0, 0, 'en', 'America/Anguilla', 'D M d, Y g:i a', 3, 0, '', 0, 0, 0, 0, -3, 0, 0, 't', 'd', 0, 't', 'a', 0, 1, 0, 1, 1, 1, 1, 230271, '', '', 0, 0, '', '', '', '', '', '', 0, '', 'lpan726c2hzxarjc', 1, 0, 0),
(145, 0, 2, '', 0, '160.242.75.109', 1693229166, 'vain', 'vain', '$argon2id$v=19$m=65536,t=4,p=2$VnRSNUtpVkxBenRTMVVrZQ$W4ggkdGGlA5R9yfplJS4LZjqTH3XkuRoJ8JKhZ2feI8', 1693229166, 'bbilo0@protonmail.com', '', 0, 1693229166, 0, '', '', 0, 0, 0, 0, 0, 0, 0, 'en', 'Africa/Blantyre', 'D M d, Y g:i a', 3, 0, '', 0, 0, 0, 0, -3, 0, 0, 't', 'd', 0, 't', 'a', 0, 1, 0, 1, 1, 1, 1, 230271, '', '', 0, 0, '', '', '', '', '', '', 0, '', 'hjlifvonv9ml5cwl', 1, 0, 0),
(146, 0, 2, '', 0, '2001:8a0:6379:a900:591a:3a11:ab81:279', 1693256405, 'Hoesmad', 'hoesmad', '$argon2id$v=19$m=65536,t=4,p=2$YU16YlNnSEtIS0NTaEh5QQ$pK1wfHzrLpWMIf1kbctnBbZ/22r4tvUyVAG1FXNmgMs', 1693256405, 'makimochan@keemail.me', '', 1693267557, 1693256405, 0, 'app.php/styles/Milk_v2/theme/colours_dark.css', '', 0, 0, 0, 0, 0, 0, 0, 'en', 'Africa/Algiers', 'D M d, Y g:i a', 3, 0, '', 0, 0, 0, 0, -3, 0, 0, 't', 'd', 0, 't', 'a', 0, 1, 0, 1, 1, 1, 1, 230271, '', '', 0, 0, '', '', '', '', '', '', 0, '', '0zqh08r5oho1yyh8', 1, 0, 0),
(147, 0, 2, '', 0, '98.47.141.140', 1693260834, 'oops', 'oops', '$argon2id$v=19$m=65536,t=4,p=2$cXFJY08wSmJra0NoYzdDTQ$jbFj75G2WrViTZu+CPkYvdGgti5+GTuDOZlYIriw3Y8', 1693260834, 'ilikeoofs@gmail.com', '', 1693260911, 1693260834, 0, 'index.php', '', 0, 0, 0, 0, 0, 0, 0, 'en', 'America/Los_Angeles', 'D M d, Y g:i a', 3, 0, '', 0, 0, 0, 0, -3, 0, 0, 't', 'd', 0, 't', 'a', 0, 1, 0, 1, 1, 1, 1, 230271, '', '', 0, 0, '', '', '', '', '', '', 0, '', 'vhqbb4mmfcuyrwi5', 1, 0, 0),
(148, 1, 2, '', 0, '92.118.60.246', 1693261047, 'autumn', 'autumn', '$argon2id$v=19$m=65536,t=4,p=2$SW01dkVMRWhNeXo4NTJIUA$RHhQhZJnZ6lijShctfCsLXkD4cBgfUY1zqUH1ie7Tt4', 1693261047, 'taken@terrorist.lol', '', 0, 1693261047, 0, '', '', 0, 0, 0, 0, 1, 1693261047, 0, 'en', 'Europe/London', 'D M d, Y g:i a', 3, 0, '', 0, 0, 0, 0, -3, 0, 0, 't', 'd', 0, 't', 'a', 0, 1, 0, 1, 1, 1, 1, 230271, '', '', 0, 0, '', '', '', '', 'hwuik5eds320mnkm1yvzjey0wt23g7wn', '', 0, '', 'cmd5mk05eutd6a8z', 1, 0, 0),
(149, 0, 2, '', 0, '192.101.9.220', 1693270705, 'bloodonmywrist', 'bloodonmywrist', '$argon2id$v=19$m=65536,t=4,p=2$alZ0b1lHWHBMTFJ2QTY5eQ$J7DE6eDGc0qf0kB4Qp3PeWQ4Niv9KL6jgAwZF1c7vNU', 1693270705, 'lolurhot5@gmail.com', '', 1693271082, 1693270705, 0, 'viewonline.php', '', 1693271020, 0, 0, 0, 0, 0, 0, 'en', 'Antarctica/Davis', 'D M d, Y g:i a', 3, 0, '', 0, 0, 0, 0, -3, 0, 0, 't', 'd', 0, 't', 'a', 0, 1, 0, 1, 1, 1, 1, 230271, '', '', 0, 0, '', '', '', '', '', '', 0, '', 'rtgf194qethe4wav', 1, 0, 0),
(150, 0, 2, '', 0, '139.60.130.197', 1693273402, 'cyclical3', 'cyclical3', '$argon2id$v=19$m=65536,t=4,p=2$Ui5MU1hhUEhPYkdyZlc4dQ$WA9Qugf81nkdTGS6hv4hO5qVULFyF17FHLUmFqJe4zs', 1693273402, 'lathamnoah3@gmail.com', '', 1693531613, 1693273402, 1693275840, 'memberlist.php?start=50', '', 1693441196, 0, 0, 0, 0, 0, 1, 'en', 'America/Atikokan', 'D M d, Y g:i a', 3, 0, '', 0, 0, 0, 0, -3, 0, 0, 't', 'd', 0, 't', 'a', 0, 1, 0, 1, 1, 1, 1, 230271, '', '', 0, 0, '', '', '', '', '', '', 0, '', 'u7ce60qbzdqe1jij', 1, 0, 0),
(151, 0, 2, '', 0, '139.60.130.197', 1693274087, 'lua', 'lua', '$argon2id$v=19$m=65536,t=4,p=2$VG92ZEQueWtDaUFXLlBudg$jOo4fGfsUhp2g+35PXhMhJlvCFOZGmwWR5K6nX4SlA4', 1693274087, 'scoobiscoming@gmail.com', '', 0, 1693274087, 0, '', '', 0, 0, 0, 0, 0, 0, 0, 'en', 'America/Atikokan', 'D M d, Y g:i a', 3, 0, '', 0, 0, 0, 0, -3, 0, 0, 't', 'd', 0, 't', 'a', 0, 1, 0, 1, 1, 1, 1, 230271, '', '', 0, 0, '', '', '', '', '', '', 0, '', 'bc5dp24eb0e6i16e', 1, 0, 0),
(152, 0, 2, '', 0, '139.60.130.197', 1693274313, 'sql', 'sql', '$argon2id$v=19$m=65536,t=4,p=2$RGtaWlpjUHlWZ3pZZy8wdQ$i0H3/EtW3T9UvLifM6eXaLek6rF1HwlEWG1j1H9vVX4', 1693274313, 'cyclical3@gmail.com', '', 0, 1693274313, 0, '', '', 0, 0, 0, 0, 0, 0, 0, 'en', 'America/Atikokan', 'D M d, Y g:i a', 3, 0, '', 0, 0, 0, 0, -3, 0, 0, 't', 'd', 0, 't', 'a', 0, 1, 0, 1, 1, 1, 1, 230271, '', '', 0, 0, '', '', '', '', '', '', 0, '', '6mbsu67bpgy9zwwc', 1, 0, 0),
(153, 0, 2, '', 0, '197.96.113.138', 1693300241, 'bvm', 'bvm', '$argon2id$v=19$m=65536,t=4,p=2$dFoxZkY3MTIwdDNXbWpQUw$cK/lPY8VtdC44tBFqYA6sGOkgvLZ4m3t91rnk1WAIxs', 1693300241, 'archive0fgreed@skiff.com', '', 1693425930, 1693300241, 1693410072, 'index.php', '', 0, 0, 0, 0, 0, 0, 1, 'en', 'Africa/Blantyre', 'D M d, Y g:i a', 3, 0, '', 0, 0, 0, 0, -3, 0, 0, 't', 'd', 0, 't', 'a', 0, 1, 0, 1, 1, 1, 1, 230271, '153_1693425885.gif', 'avatar.driver.upload', 120, 120, '', '', '', '', '', '', 0, '', '230farxjvp5mwb9w', 1, 0, 0),
(154, 0, 2, '', 0, '31.171.153.77', 1693304081, 'Malice', 'malice', '$argon2id$v=19$m=65536,t=4,p=2$Q1VFTU5WS0JPTVo0LjNONA$yJmNOon2aFX0uEP5dL50e8YqJnjsUTk0Zs/StzyZ7wE', 1693304081, 'togeya9333@wlmycn.com', '', 1693304443, 1693304081, 1693304418, 'viewtopic.php?p=24', '', 0, 0, 0, 0, 0, 0, 1, 'en', 'America/Creston', 'D M d, Y g:i a', 3, 0, '', 0, 0, 0, 0, -3, 0, 0, 't', 'd', 0, 't', 'a', 0, 1, 0, 1, 1, 1, 1, 230271, '154_1693304341.jpg', 'avatar.driver.upload', 120, 120, '', '', '', '', '', '', 0, '', 'kkibt7pqc4u4t6sv', 1, 0, 0),
(155, 0, 2, '', 0, '2.71.112.143', 1693318163, 'drzeus', 'drzeus', '$argon2id$v=19$m=65536,t=4,p=2$ZzFwZ1l5ZGF3NEFENE9CdQ$UiLflMKQ8ufc2JZnqtjFkMVuN8j2izMAwcZhev6IH7U', 1693318163, 'dokobap663@trazeco.com', '', 1693318280, 1693318163, 0, 'viewforum.php?f=2', '', 0, 0, 0, 0, 0, 0, 0, 'en', 'Europe/Oslo', 'D M d, Y g:i a', 3, 0, '', 0, 0, 0, 0, -3, 0, 0, 't', 'd', 0, 't', 'a', 0, 1, 0, 1, 1, 1, 1, 230271, '', '', 0, 0, '', '', '', '', '', '', 0, '', 'cq96xgqy81jacits', 1, 0, 0),
(156, 0, 2, '', 0, '92.221.38.52', 1693335648, 'cyrus', 'cyrus', '$argon2id$v=19$m=65536,t=4,p=2$cXZCUWwxam5mYUFDRjlxag$gotIpCsfAOaQ3AkZ3ASuFWGJ00AhTkYS9HcqCFjvtMk', 1693335648, 'casperkvale@gmail.com', '', 0, 1693335648, 0, '', '', 0, 0, 0, 0, 0, 0, 0, 'en', 'Pacific/Honolulu', 'D M d, Y g:i a', 3, 0, '', 0, 0, 0, 0, -3, 0, 0, 't', 'd', 0, 't', 'a', 0, 1, 0, 1, 1, 1, 1, 230271, '', '', 0, 0, '', '', '', '', '', '', 0, '', 'bi5zgdsxkxusy5lr', 1, 0, 0),
(157, 1, 2, '', 0, '2a0c:5a82:e708:4500:e8d7:3bf1:bc93:588e', 1693341910, 'cmze', 'cmze', '$argon2id$v=19$m=65536,t=4,p=2$d2FwQkpUYTBTRmxERHdneQ$bKpT81du1Cv/FOdUEHe7CE2zT84sB+nogQ8PxZDssDo', 1693341910, 'smecicasvalentina09@gmail.com', '', 0, 1693341910, 0, '', '', 0, 0, 0, 0, 1, 1693341909, 0, 'en', 'Europe/Madrid', 'D M d, Y g:i a', 3, 0, '', 0, 0, 0, 0, -3, 0, 0, 't', 'd', 0, 't', 'a', 0, 1, 0, 1, 1, 1, 1, 230271, '', '', 0, 0, '', '', '', '', 'b73x6tma6drlqige25xadcfsxov90w2d', '', 0, '', 'yev45a6yiirfrakc', 1, 0, 0),
(158, 0, 2, '', 0, '37.120.132.36', 1693363210, 'debunked', 'debunked', '$argon2id$v=19$m=65536,t=4,p=2$Nmw4ZTNwVDNsbzljZk9Wdg$EfErVjuJ7BS04QmX45b9Xgv8P+p4iRNbjKFAncTtUhc', 1693363210, 'swiftyconvicted@gmail.com', '', 1693363345, 1693363210, 0, 'viewforum.php?f=36', '', 0, 0, 0, 0, 0, 0, 0, 'en', 'America/Los_Angeles', 'D M d, Y g:i a', 3, 0, '', 0, 0, 0, 0, -3, 0, 0, 't', 'd', 0, 't', 'a', 0, 1, 0, 1, 1, 1, 1, 230271, '', '', 0, 0, '', '', '', '', '', '', 0, '', 'jw9y3gjpeoaokyew', 1, 0, 0),
(159, 1, 2, '', 0, '2607:fb90:af1d:9566:c00e:aef8:d5bd:ff5f', 1693434216, 'icwontworktears', 'icwontworktears', '$argon2id$v=19$m=65536,t=4,p=2$aUZXa0t3WFlwQVY2MmxOWg$TbB5SdiJ6Y24ddlBP2xmkzYeI4g8rPYrDbAuCd34NxE', 1693434216, 'ericedwardsjr001@gmail.com', '', 0, 1693434216, 0, '', '', 0, 0, 0, 0, 1, 1693434215, 0, 'en', 'America/Atikokan', 'D M d, Y g:i a', 3, 0, '', 0, 0, 0, 0, -3, 0, 0, 't', 'd', 0, 't', 'a', 0, 1, 0, 1, 1, 1, 1, 230271, '', '', 0, 0, '', '', '', '', 'hetuw8s3p515rxyf2w922zcn4khmkdrw', '', 0, '', '10gqw6oi8dbfnhbl', 1, 0, 0),
(160, 1, 2, '', 0, '185.209.196.229', 1693436647, 'niggerlator', 'niggerlator', '$argon2id$v=19$m=65536,t=4,p=2$Ym02MGRkRXcvNC9BbktpVw$nku11rsk0/hw6GmaSb82FvP2RYfIaHYcGDblP+a/+Gg', 1693436647, 'niggerlation@mail7.io', '', 0, 1693436647, 0, '', '', 0, 0, 0, 0, 1, 1693436646, 0, 'en', 'Africa/Addis_Ababa', 'D M d, Y g:i a', 3, 0, '', 0, 0, 0, 0, -3, 0, 0, 't', 'd', 0, 't', 'a', 0, 1, 0, 1, 1, 1, 1, 230271, '', '', 0, 0, '', '', '', '', 'cndywqpw1ynbrh4l6j9tlbmdkonwwbue', '', 0, '', 'l2gcbtn7fsu7upx3', 1, 0, 0),
(161, 1, 2, '', 0, '2600:387:15:a1b::6', 1693458052, 'slaughter', 'slaughter', '$argon2id$v=19$m=65536,t=4,p=2$S2JuVTBSNWttaHM0b0RsTQ$Tl1przEvmNkg5CV+dxuPzjBlr4RrtXpNReo2Grt6/QM', 1693458052, 'mercy@mailfence.com', '', 0, 1693458052, 0, '', '', 0, 0, 0, 0, 1, 1693458051, 0, 'en', 'America/Anguilla', 'D M d, Y g:i a', 3, 0, '', 0, 0, 0, 0, -3, 0, 0, 't', 'd', 0, 't', 'a', 0, 1, 0, 1, 1, 1, 1, 230271, '', '', 0, 0, '', '', '', '', '4hm46gg227y5s3uijx6dceq2gnxs5kdn', '', 0, '', 'na3eombwo0drbvw0', 1, 0, 0),
(162, 0, 2, '', 0, '2600:387:15:a1b::6', 1693458173, 'slaughterhouse', 'slaughterhouse', '$argon2id$v=19$m=65536,t=4,p=2$NkY0VWRpdWliNzZzT25OeQ$VXHPil3qVN451pmp9V83KhaX/ZWYnJLx/r4D7QIcSZY', 1693458173, 'fbigov@mailfence.com', '', 1693458221, 1693458173, 0, 'viewforum.php?f=20', '', 0, 0, 0, 0, 0, 0, 0, 'en', 'America/Anguilla', 'D M d, Y g:i a', 3, 0, '', 0, 0, 0, 0, -3, 0, 0, 't', 'd', 0, 't', 'a', 0, 1, 0, 1, 1, 1, 1, 230271, '', '', 0, 0, '', '', '', '', '', '', 0, '', '19owji474b5eyh53', 1, 0, 0),
(163, 0, 2, '', 0, '2600:8800:3188:a200:45dd:aba9:282c:bc5f', 1693496299, 'belovedsoul', 'belovedsoul', '$argon2id$v=19$m=65536,t=4,p=2$MFlFbWlFWno1T1I1UThmaw$RMah3mv7nUmCp2n+wJTDqDv4z8iIqJPdeY0vr4R2NuY', 1693496299, 'uraskidlol@proton.me', '', 1693498100, 1693496299, 0, 'memberlist.php?mode=viewprofile&u=2', '', 0, 0, 0, 0, 0, 0, 0, 'en', 'America/Creston', 'D M d, Y g:i a', 3, 0, '', 0, 0, 0, 0, -3, 0, 0, 't', 'd', 0, 't', 'a', 0, 1, 0, 1, 1, 1, 1, 230271, '', '', 0, 0, '', '', '', '', '', '', 0, '', 'kqu1d9b44zyu1o3a', 1, 0, 0),
(164, 0, 2, '', 0, '194.125.65.2', 1693509387, 'plorals', 'plorals', '$argon2id$v=19$m=65536,t=4,p=2$am92eFNkcDZUcEtxcDUzYg$2Fn5Qgo2upX6+wBoSdN9OigT/vYSmcPQvPN6WlBuBic', 1693509387, 'bbownsyou@gmail.com', '', 1693509677, 1693509387, 0, 'viewtopic.php?t=32', '', 0, 0, 0, 0, 0, 0, 0, 'en', 'Europe/Lisbon', 'D M d, Y g:i a', 3, 0, '', 0, 0, 0, 0, -3, 0, 0, 't', 'd', 0, 't', 'a', 0, 1, 0, 1, 1, 1, 1, 230271, '', '', 0, 0, '', '', '', '', '', '', 0, '', '12wctesfahcwb3uf', 1, 0, 0),
(165, 0, 2, '', 0, '31.171.154.58', 1693544304, 'discord', 'discord', '$argon2id$v=19$m=65536,t=4,p=2$c210OVlVTnB6OUxBUkxFOQ$25APwmAU5CS5TCFN0HmyE9wQVKJwu3/8+4OsQ3JDsNA', 1693544304, 'omnipresence@skiff.com', '', 0, 1693544304, 0, '', '', 0, 0, 0, 0, 0, 0, 0, 'en', 'America/Atikokan', 'D M d, Y g:i a', 3, 0, '', 0, 0, 0, 0, -3, 0, 0, 't', 'd', 0, 't', 'a', 0, 1, 0, 1, 1, 1, 1, 230271, '', '', 0, 0, '', '', '', '', '', '', 0, '', 'b0nh4yjh8ix9tscg', 1, 0, 0),
(166, 0, 2, '', 0, '2607:9000:0:57::a03e', 1693608121, 'cry', 'cry', '$argon2id$v=19$m=65536,t=4,p=2$d2ZISWhhWUNiZ3BXNWJscQ$fjEWCcT1Rrf1/IaeYsXnA/dgSZ8WRlLIH64rwsaIJVM', 1693608121, '2drained@pm.me', '', 1693608511, 1693608121, 1693608511, 'viewtopic.php?t=37', '', 0, 0, 0, 0, 0, 0, 1, 'en', 'UTC', 'D M d, Y g:i a', 3, 0, '', 0, 0, 0, 0, -3, 0, 0, 't', 'd', 0, 't', 'a', 0, 1, 0, 1, 1, 1, 1, 230271, '166_1693608408.jpg', 'avatar.driver.upload', 105, 105, '', '', '', '', '', '', 0, '', '5xmkcuar62vughsv', 1, 0, 0);

-- --------------------------------------------------------

--
-- Table structure for table `phpbbtc_user_group`
--

CREATE TABLE `phpbbtc_user_group` (
  `group_id` mediumint(8) unsigned NOT NULL DEFAULT 0,
  `user_id` int(10) unsigned NOT NULL DEFAULT 0,
  `group_leader` tinyint(1) unsigned NOT NULL DEFAULT 0,
  `user_pending` tinyint(1) unsigned NOT NULL DEFAULT 1,
  KEY `group_id` (`group_id`),
  KEY `user_id` (`user_id`),
  KEY `group_leader` (`group_leader`)
) ENGINE=InnoDB DEFAULT CHARSET=utf8 COLLATE=utf8_bin;

--
-- Dumping data for table `phpbbtc_user_group`
--

INSERT INTO `phpbbtc_user_group` VALUES
(1, 1, 0, 0),
(2, 2, 0, 0),
(4, 2, 0, 0),
(5, 2, 1, 0),
(6, 3, 0, 0),
(6, 4, 0, 0),
(6, 5, 0, 0),
(6, 6, 0, 0),
(6, 7, 0, 0),
(6, 8, 0, 0),
(6, 9, 0, 0),
(6, 10, 0, 0),
(6, 11, 0, 0),
(6, 12, 0, 0),
(6, 13, 0, 0),
(6, 14, 0, 0),
(6, 15, 0, 0),
(6, 16, 0, 0),
(6, 17, 0, 0),
(6, 18, 0, 0),
(6, 19, 0, 0),
(6, 20, 0, 0),
(6, 21, 0, 0),
(6, 22, 0, 0),
(6, 23, 0, 0),
(6, 24, 0, 0),
(6, 25, 0, 0),
(6, 26, 0, 0),
(6, 27, 0, 0),
(6, 28, 0, 0),
(6, 29, 0, 0),
(6, 30, 0, 0),
(6, 31, 0, 0),
(6, 32, 0, 0),
(6, 33, 0, 0),
(6, 34, 0, 0),
(6, 35, 0, 0),
(6, 36, 0, 0),
(6, 37, 0, 0),
(6, 38, 0, 0),
(6, 39, 0, 0),
(6, 40, 0, 0),
(6, 41, 0, 0),
(6, 42, 0, 0),
(6, 43, 0, 0),
(6, 44, 0, 0),
(6, 45, 0, 0),
(6, 46, 0, 0),
(6, 47, 0, 0),
(6, 48, 0, 0),
(6, 49, 0, 0),
(6, 50, 0, 0),
(6, 51, 0, 0),
(6, 52, 0, 0),
(6, 53, 0, 0),
(6, 54, 0, 0),
(6, 55, 0, 0),
(6, 56, 0, 0),
(6, 57, 0, 0),
(2, 58, 0, 0),
(2, 59, 0, 0),
(2, 60, 0, 0),
(7, 60, 0, 0),
(2, 63, 0, 0),
(7, 63, 0, 0),
(2, 64, 0, 0),
(7, 64, 0, 0),
(2, 65, 0, 0),
(7, 65, 0, 0),
(2, 66, 0, 0),
(7, 66, 0, 0),
(2, 67, 0, 0),
(7, 67, 0, 0),
(2, 69, 0, 0),
(7, 69, 0, 0),
(2, 70, 0, 0),
(7, 70, 0, 0),
(2, 76, 0, 0),
(7, 76, 0, 0),
(2, 78, 0, 0),
(7, 78, 0, 0),
(2, 79, 0, 0),
(7, 79, 0, 0),
(2, 84, 0, 0),
(7, 84, 0, 0),
(2, 86, 0, 0),
(7, 86, 0, 0),
(2, 87, 0, 0),
(7, 87, 0, 0),
(2, 88, 0, 0),
(7, 88, 0, 0),
(2, 89, 0, 0),
(7, 89, 0, 0),
(2, 90, 0, 0),
(7, 90, 0, 0),
(2, 91, 0, 0),
(7, 91, 0, 0),
(2, 92, 0, 0),
(7, 92, 0, 0),
(2, 94, 0, 0),
(7, 94, 0, 0),
(2, 95, 0, 0),
(7, 95, 0, 0),
(2, 96, 0, 0),
(7, 96, 0, 0),
(2, 97, 0, 0),
(7, 97, 0, 0),
(2, 101, 0, 0),
(7, 101, 0, 0),
(2, 102, 0, 0),
(7, 102, 0, 0),
(2, 103, 0, 0),
(7, 103, 0, 0),
(2, 104, 0, 0),
(7, 104, 0, 0),
(2, 105, 0, 0),
(7, 105, 0, 0),
(2, 106, 0, 0),
(7, 106, 0, 0),
(2, 107, 0, 0),
(7, 107, 0, 0),
(2, 108, 0, 0),
(7, 108, 0, 0),
(2, 109, 0, 0),
(7, 109, 0, 0),
(2, 110, 0, 0),
(7, 110, 0, 0),
(2, 111, 0, 0),
(7, 111, 0, 0),
(2, 112, 0, 0),
(7, 112, 0, 0),
(2, 113, 0, 0),
(7, 113, 0, 0),
(2, 114, 0, 0),
(7, 114, 0, 0),
(2, 115, 0, 0),
(7, 115, 0, 0),
(2, 116, 0, 0),
(7, 116, 0, 0),
(2, 117, 0, 0),
(7, 117, 0, 0),
(2, 118, 0, 0),
(7, 118, 0, 0),
(2, 119, 0, 0),
(7, 119, 0, 0),
(2, 120, 0, 0),
(7, 120, 0, 0),
(2, 121, 0, 0),
(7, 121, 0, 0),
(2, 122, 0, 0),
(7, 122, 0, 0),
(2, 123, 0, 0),
(7, 123, 0, 0),
(2, 124, 0, 0),
(7, 124, 0, 0),
(2, 125, 0, 0),
(7, 125, 0, 0),
(2, 126, 0, 0),
(7, 126, 0, 0),
(2, 127, 0, 0),
(7, 127, 0, 0),
(2, 128, 0, 0),
(7, 128, 0, 0),
(2, 129, 0, 0),
(7, 129, 0, 0),
(2, 130, 0, 0),
(7, 130, 0, 0),
(2, 131, 0, 0),
(7, 131, 0, 0),
(2, 132, 0, 0),
(7, 132, 0, 0),
(2, 133, 0, 0),
(7, 133, 0, 0),
(2, 134, 0, 0),
(7, 134, 0, 0),
(2, 136, 0, 0),
(7, 136, 0, 0),
(2, 137, 0, 0),
(7, 137, 0, 0),
(2, 138, 0, 0),
(2, 139, 0, 0),
(7, 139, 0, 0),
(2, 140, 0, 0),
(7, 140, 0, 0),
(2, 141, 0, 0),
(7, 141, 0, 0),
(2, 142, 0, 0),
(7, 142, 0, 0),
(2, 143, 0, 0),
(7, 143, 0, 0),
(2, 144, 0, 0),
(7, 144, 0, 0),
(2, 145, 0, 0),
(7, 145, 0, 0),
(2, 146, 0, 0),
(7, 146, 0, 0),
(2, 147, 0, 0),
(7, 147, 0, 0),
(2, 148, 0, 0),
(7, 148, 0, 0),
(2, 149, 0, 0),
(7, 149, 0, 0),
(2, 150, 0, 0),
(7, 150, 0, 0),
(2, 151, 0, 0),
(7, 151, 0, 0),
(2, 152, 0, 0),
(7, 152, 0, 0),
(2, 153, 0, 0),
(7, 153, 0, 0),
(2, 154, 0, 0),
(7, 154, 0, 0),
(2, 155, 0, 0),
(7, 155, 0, 0),
(2, 156, 0, 0),
(7, 156, 0, 0),
(2, 157, 0, 0),
(7, 157, 0, 0),
(2, 158, 0, 0),
(7, 158, 0, 0),
(2, 159, 0, 0),
(7, 159, 0, 0),
(2, 160, 0, 0),
(7, 160, 0, 0),
(2, 161, 0, 0),
(7, 161, 0, 0),
(2, 162, 0, 0),
(7, 162, 0, 0),
(2, 163, 0, 0),
(7, 163, 0, 0),
(2, 164, 0, 0),
(7, 164, 0, 0),
(2, 165, 0, 0),
(7, 165, 0, 0),
(2, 166, 0, 0),
(7, 166, 0, 0),
(5, 138, 0, 0),
(5, 59, 0, 0),
(5, 139, 0, 0),
(5, 108, 0, 0),
(5, 66, 0, 0),
(4, 66, 0, 0),
(4, 108, 0, 0),
(4, 109, 0, 0),
(4, 63, 0, 0),
(4, 139, 0, 0),
(4, 76, 0, 0),
(4, 79, 0, 0);

-- --------------------------------------------------------

--
-- Table structure for table `phpbbtc_user_notifications`
--

CREATE TABLE `phpbbtc_user_notifications` (
  `item_type` varchar(165) NOT NULL DEFAULT '',
  `item_id` int(10) unsigned NOT NULL DEFAULT 0,
  `user_id` int(10) unsigned NOT NULL DEFAULT 0,
  `method` varchar(165) NOT NULL DEFAULT '',
  `notify` tinyint(1) unsigned NOT NULL DEFAULT 1,
  UNIQUE KEY `itm_usr_mthd` (`item_type`,`item_id`,`user_id`,`method`),
  KEY `user_id` (`user_id`),
  KEY `uid_itm_id` (`user_id`,`item_id`),
  KEY `usr_itm_tpe` (`user_id`,`item_type`,`item_id`)
) ENGINE=InnoDB DEFAULT CHARSET=utf8 COLLATE=utf8_bin;

--
-- Dumping data for table `phpbbtc_user_notifications`
--

INSERT INTO `phpbbtc_user_notifications` VALUES
('moderation_queue', 0, 60, 'notification.method.email', 1),
('notification.type.forum', 0, 2, 'notification.method.board', 1),
('notification.type.forum', 0, 2, 'notification.method.email', 1),
('notification.type.post', 0, 2, 'notification.method.board', 1),
('notification.type.post', 0, 2, 'notification.method.email', 1),
('notification.type.post', 0, 3, 'notification.method.email', 1),
('notification.type.post', 0, 4, 'notification.method.email', 1),
('notification.type.post', 0, 5, 'notification.method.email', 1),
('notification.type.post', 0, 6, 'notification.method.email', 1),
('notification.type.post', 0, 7, 'notification.method.email', 1),
('notification.type.post', 0, 8, 'notification.method.email', 1),
('notification.type.post', 0, 9, 'notification.method.email', 1),
('notification.type.post', 0, 10, 'notification.method.email', 1),
('notification.type.post', 0, 11, 'notification.method.email', 1),
('notification.type.post', 0, 12, 'notification.method.email', 1),
('notification.type.post', 0, 13, 'notification.method.email', 1),
('notification.type.post', 0, 14, 'notification.method.email', 1),
('notification.type.post', 0, 15, 'notification.method.email', 1),
('notification.type.post', 0, 16, 'notification.method.email', 1),
('notification.type.post', 0, 17, 'notification.method.email', 1),
('notification.type.post', 0, 18, 'notification.method.email', 1),
('notification.type.post', 0, 19, 'notification.method.email', 1),
('notification.type.post', 0, 20, 'notification.method.email', 1),
('notification.type.post', 0, 21, 'notification.method.email', 1),
('notification.type.post', 0, 22, 'notification.method.email', 1),
('notification.type.post', 0, 23, 'notification.method.email', 1),
('notification.type.post', 0, 24, 'notification.method.email', 1),
('notification.type.post', 0, 25, 'notification.method.email', 1),
('notification.type.post', 0, 26, 'notification.method.email', 1),
('notification.type.post', 0, 27, 'notification.method.email', 1),
('notification.type.post', 0, 28, 'notification.method.email', 1),
('notification.type.post', 0, 29, 'notification.method.email', 1),
('notification.type.post', 0, 30, 'notification.method.email', 1),
('notification.type.post', 0, 31, 'notification.method.email', 1),
('notification.type.post', 0, 32, 'notification.method.email', 1),
('notification.type.post', 0, 33, 'notification.method.email', 1),
('notification.type.post', 0, 34, 'notification.method.email', 1),
('notification.type.post', 0, 35, 'notification.method.email', 1),
('notification.type.post', 0, 36, 'notification.method.email', 1),
('notification.type.post', 0, 37, 'notification.method.email', 1),
('notification.type.post', 0, 38, 'notification.method.email', 1),
('notification.type.post', 0, 39, 'notification.method.email', 1),
('notification.type.post', 0, 40, 'notification.method.email', 1),
('notification.type.post', 0, 41, 'notification.method.email', 1),
('notification.type.post', 0, 42, 'notification.method.email', 1),
('notification.type.post', 0, 43, 'notification.method.email', 1),
('notification.type.post', 0, 44, 'notification.method.email', 1),
('notification.type.post', 0, 45, 'notification.method.email', 1),
('notification.type.post', 0, 46, 'notification.method.email', 1),
('notification.type.post', 0, 47, 'notification.method.email', 1),
('notification.type.post', 0, 48, 'notification.method.email', 1),
('notification.type.post', 0, 49, 'notification.method.email', 1),
('notification.type.post', 0, 50, 'notification.method.email', 1),
('notification.type.post', 0, 51, 'notification.method.email', 1),
('notification.type.post', 0, 52, 'notification.method.email', 1),
('notification.type.post', 0, 53, 'notification.method.email', 1),
('notification.type.post', 0, 54, 'notification.method.email', 1),
('notification.type.post', 0, 55, 'notification.method.email', 1),
('notification.type.post', 0, 56, 'notification.method.email', 1),
('notification.type.post', 0, 57, 'notification.method.email', 1),
('notification.type.post', 0, 58, 'notification.method.email', 1),
('notification.type.post', 0, 59, 'notification.method.email', 1),
('notification.type.post', 0, 60, 'notification.method.email', 0),
('notification.type.post', 0, 63, 'notification.method.email', 1),
('notification.type.post', 0, 64, 'notification.method.email', 1),
('notification.type.post', 0, 65, 'notification.method.email', 1),
('notification.type.post', 0, 66, 'notification.method.email', 1),
('notification.type.post', 0, 67, 'notification.method.email', 1),
('notification.type.post', 0, 69, 'notification.method.email', 1),
('notification.type.post', 0, 70, 'notification.method.email', 1),
('notification.type.post', 0, 76, 'notification.method.email', 1),
('notification.type.post', 0, 78, 'notification.method.email', 1),
('notification.type.post', 0, 79, 'notification.method.email', 1),
('notification.type.post', 0, 84, 'notification.method.email', 1),
('notification.type.post', 0, 86, 'notification.method.email', 1),
('notification.type.post', 0, 87, 'notification.method.email', 1),
('notification.type.post', 0, 88, 'notification.method.email', 1),
('notification.type.post', 0, 89, 'notification.method.email', 1),
('notification.type.post', 0, 90, 'notification.method.email', 1),
('notification.type.post', 0, 91, 'notification.method.email', 1),
('notification.type.post', 0, 92, 'notification.method.email', 1),
('notification.type.post', 0, 94, 'notification.method.email', 1),
('notification.type.post', 0, 95, 'notification.method.email', 1),
('notification.type.post', 0, 96, 'notification.method.email', 1),
('notification.type.post', 0, 97, 'notification.method.email', 1),
('notification.type.post', 0, 101, 'notification.method.email', 1),
('notification.type.post', 0, 102, 'notification.method.email', 1),
('notification.type.post', 0, 103, 'notification.method.email', 1),
('notification.type.post', 0, 104, 'notification.method.email', 1),
('notification.type.post', 0, 105, 'notification.method.email', 1),
('notification.type.post', 0, 106, 'notification.method.email', 1),
('notification.type.post', 0, 107, 'notification.method.email', 1),
('notification.type.post', 0, 108, 'notification.method.email', 1),
('notification.type.post', 0, 109, 'notification.method.email', 1),
('notification.type.post', 0, 110, 'notification.method.email', 1),
('notification.type.post', 0, 111, 'notification.method.email', 1),
('notification.type.post', 0, 112, 'notification.method.email', 1),
('notification.type.post', 0, 113, 'notification.method.email', 1),
('notification.type.post', 0, 114, 'notification.method.email', 1),
('notification.type.post', 0, 115, 'notification.method.email', 1),
('notification.type.post', 0, 116, 'notification.method.email', 1),
('notification.type.post', 0, 117, 'notification.method.email', 1),
('notification.type.post', 0, 118, 'notification.method.email', 1),
('notification.type.post', 0, 119, 'notification.method.email', 1),
('notification.type.post', 0, 120, 'notification.method.email', 1),
('notification.type.post', 0, 121, 'notification.method.email', 1),
('notification.type.post', 0, 122, 'notification.method.email', 1),
('notification.type.post', 0, 123, 'notification.method.email', 1),
('notification.type.post', 0, 124, 'notification.method.email', 1),
('notification.type.post', 0, 125, 'notification.method.email', 1),
('notification.type.post', 0, 126, 'notification.method.email', 1),
('notification.type.post', 0, 127, 'notification.method.email', 1),
('notification.type.post', 0, 128, 'notification.method.email', 1),
('notification.type.post', 0, 129, 'notification.method.email', 1),
('notification.type.post', 0, 130, 'notification.method.email', 1),
('notification.type.post', 0, 131, 'notification.method.email', 1),
('notification.type.post', 0, 132, 'notification.method.email', 1),
('notification.type.post', 0, 133, 'notification.method.email', 1),
('notification.type.post', 0, 134, 'notification.method.email', 1),
('notification.type.post', 0, 136, 'notification.method.email', 1),
('notification.type.post', 0, 137, 'notification.method.email', 1),
('notification.type.post', 0, 138, 'notification.method.email', 1),
('notification.type.post', 0, 139, 'notification.method.email', 1),
('notification.type.post', 0, 140, 'notification.method.email', 1),
('notification.type.post', 0, 141, 'notification.method.email', 1),
('notification.type.post', 0, 142, 'notification.method.email', 1),
('notification.type.post', 0, 143, 'notification.method.email', 1),
('notification.type.post', 0, 144, 'notification.method.email', 1),
('notification.type.post', 0, 145, 'notification.method.email', 1),
('notification.type.post', 0, 146, 'notification.method.email', 1),
('notification.type.post', 0, 147, 'notification.method.email', 1),
('notification.type.post', 0, 148, 'notification.method.email', 1),
('notification.type.post', 0, 149, 'notification.method.email', 1),
('notification.type.post', 0, 150, 'notification.method.email', 1),
('notification.type.post', 0, 151, 'notification.method.email', 1),
('notification.type.post', 0, 152, 'notification.method.email', 1),
('notification.type.post', 0, 153, 'notification.method.email', 1),
('notification.type.post', 0, 154, 'notification.method.email', 1),
('notification.type.post', 0, 155, 'notification.method.email', 1),
('notification.type.post', 0, 156, 'notification.method.email', 1),
('notification.type.post', 0, 157, 'notification.method.email', 1),
('notification.type.post', 0, 158, 'notification.method.email', 1),
('notification.type.post', 0, 159, 'notification.method.email', 1),
('notification.type.post', 0, 160, 'notification.method.email', 1),
('notification.type.post', 0, 161, 'notification.method.email', 1),
('notification.type.post', 0, 162, 'notification.method.email', 1),
('notification.type.post', 0, 163, 'notification.method.email', 1),
('notification.type.post', 0, 164, 'notification.method.email', 1),
('notification.type.post', 0, 165, 'notification.method.email', 1),
('notification.type.post', 0, 166, 'notification.method.email', 1),
('notification.type.report_post_closed', 0, 60, 'notification.method.email', 1),
('notification.type.topic', 0, 2, 'notification.method.board', 1),
('notification.type.topic', 0, 2, 'notification.method.email', 1),
('notification.type.topic', 0, 3, 'notification.method.email', 1),
('notification.type.topic', 0, 4, 'notification.method.email', 1),
('notification.type.topic', 0, 5, 'notification.method.email', 1),
('notification.type.topic', 0, 6, 'notification.method.email', 1),
('notification.type.topic', 0, 7, 'notification.method.email', 1),
('notification.type.topic', 0, 8, 'notification.method.email', 1),
('notification.type.topic', 0, 9, 'notification.method.email', 1),
('notification.type.topic', 0, 10, 'notification.method.email', 1),
('notification.type.topic', 0, 11, 'notification.method.email', 1),
('notification.type.topic', 0, 12, 'notification.method.email', 1),
('notification.type.topic', 0, 13, 'notification.method.email', 1),
('notification.type.topic', 0, 14, 'notification.method.email', 1),
('notification.type.topic', 0, 15, 'notification.method.email', 1),
('notification.type.topic', 0, 16, 'notification.method.email', 1),
('notification.type.topic', 0, 17, 'notification.method.email', 1),
('notification.type.topic', 0, 18, 'notification.method.email', 1),
('notification.type.topic', 0, 19, 'notification.method.email', 1),
('notification.type.topic', 0, 20, 'notification.method.email', 1),
('notification.type.topic', 0, 21, 'notification.method.email', 1),
('notification.type.topic', 0, 22, 'notification.method.email', 1),
('notification.type.topic', 0, 23, 'notification.method.email', 1),
('notification.type.topic', 0, 24, 'notification.method.email', 1),
('notification.type.topic', 0, 25, 'notification.method.email', 1),
('notification.type.topic', 0, 26, 'notification.method.email', 1),
('notification.type.topic', 0, 27, 'notification.method.email', 1),
('notification.type.topic', 0, 28, 'notification.method.email', 1),
('notification.type.topic', 0, 29, 'notification.method.email', 1),
('notification.type.topic', 0, 30, 'notification.method.email', 1),
('notification.type.topic', 0, 31, 'notification.method.email', 1),
('notification.type.topic', 0, 32, 'notification.method.email', 1),
('notification.type.topic', 0, 33, 'notification.method.email', 1),
('notification.type.topic', 0, 34, 'notification.method.email', 1),
('notification.type.topic', 0, 35, 'notification.method.email', 1),
('notification.type.topic', 0, 36, 'notification.method.email', 1),
('notification.type.topic', 0, 37, 'notification.method.email', 1),
('notification.type.topic', 0, 38, 'notification.method.email', 1),
('notification.type.topic', 0, 39, 'notification.method.email', 1),
('notification.type.topic', 0, 40, 'notification.method.email', 1),
('notification.type.topic', 0, 41, 'notification.method.email', 1),
('notification.type.topic', 0, 42, 'notification.method.email', 1),
('notification.type.topic', 0, 43, 'notification.method.email', 1),
('notification.type.topic', 0, 44, 'notification.method.email', 1),
('notification.type.topic', 0, 45, 'notification.method.email', 1),
('notification.type.topic', 0, 46, 'notification.method.email', 1),
('notification.type.topic', 0, 47, 'notification.method.email', 1),
('notification.type.topic', 0, 48, 'notification.method.email', 1),
('notification.type.topic', 0, 49, 'notification.method.email', 1),
('notification.type.topic', 0, 50, 'notification.method.email', 1),
('notification.type.topic', 0, 51, 'notification.method.email', 1),
('notification.type.topic', 0, 52, 'notification.method.email', 1),
('notification.type.topic', 0, 53, 'notification.method.email', 1),
('notification.type.topic', 0, 54, 'notification.method.email', 1),
('notification.type.topic', 0, 55, 'notification.method.email', 1),
('notification.type.topic', 0, 56, 'notification.method.email', 1),
('notification.type.topic', 0, 57, 'notification.method.email', 1),
('notification.type.topic', 0, 58, 'notification.method.email', 1),
('notification.type.topic', 0, 59, 'notification.method.email', 1),
('notification.type.topic', 0, 60, 'notification.method.email', 0),
('notification.type.topic', 0, 63, 'notification.method.email', 1),
('notification.type.topic', 0, 64, 'notification.method.email', 1),
('notification.type.topic', 0, 65, 'notification.method.email', 1),
('notification.type.topic', 0, 66, 'notification.method.email', 1),
('notification.type.topic', 0, 67, 'notification.method.email', 1),
('notification.type.topic', 0, 69, 'notification.method.email', 1),
('notification.type.topic', 0, 70, 'notification.method.email', 1),
('notification.type.topic', 0, 76, 'notification.method.email', 1),
('notification.type.topic', 0, 78, 'notification.method.email', 1),
('notification.type.topic', 0, 79, 'notification.method.email', 1),
('notification.type.topic', 0, 84, 'notification.method.email', 1),
('notification.type.topic', 0, 86, 'notification.method.email', 1),
('notification.type.topic', 0, 87, 'notification.method.email', 1),
('notification.type.topic', 0, 88, 'notification.method.email', 1),
('notification.type.topic', 0, 89, 'notification.method.email', 1),
('notification.type.topic', 0, 90, 'notification.method.email', 1),
('notification.type.topic', 0, 91, 'notification.method.email', 1),
('notification.type.topic', 0, 92, 'notification.method.email', 1),
('notification.type.topic', 0, 94, 'notification.method.email', 1),
('notification.type.topic', 0, 95, 'notification.method.email', 1),
('notification.type.topic', 0, 96, 'notification.method.email', 1),
('notification.type.topic', 0, 97, 'notification.method.email', 1),
('notification.type.topic', 0, 101, 'notification.method.email', 1),
('notification.type.topic', 0, 102, 'notification.method.email', 1),
('notification.type.topic', 0, 103, 'notification.method.email', 1),
('notification.type.topic', 0, 104, 'notification.method.email', 1),
('notification.type.topic', 0, 105, 'notification.method.email', 1),
('notification.type.topic', 0, 106, 'notification.method.email', 1),
('notification.type.topic', 0, 107, 'notification.method.email', 1),
('notification.type.topic', 0, 108, 'notification.method.email', 1),
('notification.type.topic', 0, 109, 'notification.method.email', 1),
('notification.type.topic', 0, 110, 'notification.method.email', 1),
('notification.type.topic', 0, 111, 'notification.method.email', 1),
('notification.type.topic', 0, 112, 'notification.method.email', 1),
('notification.type.topic', 0, 113, 'notification.method.email', 1),
('notification.type.topic', 0, 114, 'notification.method.email', 1),
('notification.type.topic', 0, 115, 'notification.method.email', 1),
('notification.type.topic', 0, 116, 'notification.method.email', 1),
('notification.type.topic', 0, 117, 'notification.method.email', 1),
('notification.type.topic', 0, 118, 'notification.method.email', 1),
('notification.type.topic', 0, 119, 'notification.method.email', 1),
('notification.type.topic', 0, 120, 'notification.method.email', 1),
('notification.type.topic', 0, 121, 'notification.method.email', 1),
('notification.type.topic', 0, 122, 'notification.method.email', 1),
('notification.type.topic', 0, 123, 'notification.method.email', 1),
('notification.type.topic', 0, 124, 'notification.method.email', 1),
('notification.type.topic', 0, 125, 'notification.method.email', 1),
('notification.type.topic', 0, 126, 'notification.method.email', 1),
('notification.type.topic', 0, 127, 'notification.method.email', 1),
('notification.type.topic', 0, 128, 'notification.method.email', 1),
('notification.type.topic', 0, 129, 'notification.method.email', 1),
('notification.type.topic', 0, 130, 'notification.method.email', 1),
('notification.type.topic', 0, 131, 'notification.method.email', 1),
('notification.type.topic', 0, 132, 'notification.method.email', 1),
('notification.type.topic', 0, 133, 'notification.method.email', 1),
('notification.type.topic', 0, 134, 'notification.method.email', 1),
('notification.type.topic', 0, 136, 'notification.method.email', 1),
('notification.type.topic', 0, 137, 'notification.method.email', 1),
('notification.type.topic', 0, 138, 'notification.method.email', 1),
('notification.type.topic', 0, 139, 'notification.method.email', 1),
('notification.type.topic', 0, 140, 'notification.method.email', 1),
('notification.type.topic', 0, 141, 'notification.method.email', 1),
('notification.type.topic', 0, 142, 'notification.method.email', 1),
('notification.type.topic', 0, 143, 'notification.method.email', 1),
('notification.type.topic', 0, 144, 'notification.method.email', 1),
('notification.type.topic', 0, 145, 'notification.method.email', 1),
('notification.type.topic', 0, 146, 'notification.method.email', 1),
('notification.type.topic', 0, 147, 'notification.method.email', 1),
('notification.type.topic', 0, 148, 'notification.method.email', 1),
('notification.type.topic', 0, 149, 'notification.method.email', 1),
('notification.type.topic', 0, 150, 'notification.method.email', 1),
('notification.type.topic', 0, 151, 'notification.method.email', 1),
('notification.type.topic', 0, 152, 'notification.method.email', 1),
('notification.type.topic', 0, 153, 'notification.method.email', 1),
('notification.type.topic', 0, 154, 'notification.method.email', 1),
('notification.type.topic', 0, 155, 'notification.method.email', 1),
('notification.type.topic', 0, 156, 'notification.method.email', 1),
('notification.type.topic', 0, 157, 'notification.method.email', 1),
('notification.type.topic', 0, 158, 'notification.method.email', 1),
('notification.type.topic', 0, 159, 'notification.method.email', 1),
('notification.type.topic', 0, 160, 'notification.method.email', 1),
('notification.type.topic', 0, 161, 'notification.method.email', 1),
('notification.type.topic', 0, 162, 'notification.method.email', 1),
('notification.type.topic', 0, 163, 'notification.method.email', 1),
('notification.type.topic', 0, 164, 'notification.method.email', 1),
('notification.type.topic', 0, 165, 'notification.method.email', 1),
('notification.type.topic', 0, 166, 'notification.method.email', 1);

-- --------------------------------------------------------

--
-- Table structure for table `phpbbtc_warnings`
--

CREATE TABLE `phpbbtc_warnings` (
  `warning_id` mediumint(8) unsigned NOT NULL AUTO_INCREMENT,
  `user_id` int(10) unsigned NOT NULL DEFAULT 0,
  `post_id` int(10) unsigned NOT NULL DEFAULT 0,
  `log_id` int(10) unsigned NOT NULL DEFAULT 0,
  `warning_time` int(11) unsigned NOT NULL DEFAULT 0,
  PRIMARY KEY (`warning_id`)
) ENGINE=InnoDB DEFAULT CHARSET=utf8 COLLATE=utf8_bin;

-- --------------------------------------------------------

--
-- Table structure for table `phpbbtc_words`
--

CREATE TABLE `phpbbtc_words` (
  `word_id` int(10) unsigned NOT NULL AUTO_INCREMENT,
  `word` varchar(255) NOT NULL DEFAULT '',
  `replacement` varchar(255) NOT NULL DEFAULT '',
  PRIMARY KEY (`word_id`)
) ENGINE=InnoDB DEFAULT CHARSET=utf8 COLLATE=utf8_bin;

-- --------------------------------------------------------

--
-- Table structure for table `phpbbtc_zebra`
--

CREATE TABLE `phpbbtc_zebra` (
  `user_id` int(10) unsigned NOT NULL DEFAULT 0,
  `zebra_id` int(10) unsigned NOT NULL DEFAULT 0,
  `friend` tinyint(1) unsigned NOT NULL DEFAULT 0,
  `foe` tinyint(1) unsigned NOT NULL DEFAULT 0,
  PRIMARY KEY (`user_id`,`zebra_id`)
) ENGINE=InnoDB DEFAULT CHARSET=utf8 COLLATE=utf8_bin;

--
-- Dumping data for table `phpbbtc_zebra`
--

INSERT INTO `phpbbtc_zebra` VALUES
(60, 59, 1, 0),
(87, 59, 1, 0),
(87, 86, 1, 0),
(110, 139, 1, 0);

-- --------------------------------------------------------

/*!40101 SET CHARACTER_SET_CLIENT=@OLD_CHARACTER_SET_CLIENT */;
/*!40101 SET CHARACTER_SET_RESULTS=@OLD_CHARACTER_SET_RESULTS */;
/*!40101 SET COLLATION_CONNECTION=@OLD_COLLATION_CONNECTION */;
